{"type": "FeatureCollection", "features": [{"id": "0", "type": "Feature", "properties": {"codcuenca": 10, "area": 8222, "nombre_cue": "RÍO CUAREIM", "cabecera": 10}, "geometry": {"type": "Polygon", "coordinates": [[[-56.872370530552395, -30.08808964295787], [-56.8726654863379, -30.09235364384186], [-56.87091661787272, -30.09369383342965], [-56.86869659599343, -30.093666810015698], [-56.863502774749485, -30.090055892689108], [-56.85279559987626, -30.088789129021034], [-56.842384052373525, -30.089972566006086], [-56.82954679157274, -30.09332095844776], [-56.82226051006505, -30.096895632969844], [-56.81835144856465, -30.106153403245617], [-56.81618416401542, -30.107252581209355], [-56.81229639540247, -30.107499078973078], [-56.80917189636991, -30.103229619405013], [-56.80656414967294, -30.103862984408646], [-56.803606364758096, -30.106817104794374], [-56.79996701623838, -30.121430139415132], [-56.78041369054974, -30.126105606568782], [-56.778949147877256, -30.128055827864717], [-56.77774726701149, -30.135605477253975], [-56.780106715374195, -30.143345045388543], [-56.78457658627661, -30.151402478868235], [-56.779863511637835, -30.160737303456006], [-56.77435803310883, -30.164530591946168], [-56.76116978657755, -30.160758308057808], [-56.75813117147098, -30.16103308957067], [-56.748579219506176, -30.166189749429062], [-56.7293743466853, -30.171594861476215], [-56.71738262202282, -30.180374533415108], [-56.710782196880565, -30.176127013807985], [-56.70543666312379, -30.176227159302524], [-56.70419351409786, -30.17765187452707], [-56.70455050565689, -30.180364433271023], [-56.70757774453081, -30.188957611209055], [-56.69978663005291, -30.197652444396912], [-56.69754590206511, -30.20475750467456], [-56.693312105063534, -30.2039475628493], [-56.68559402796582, -30.196711768161155], [-56.68064113887456, -30.194390903490643], [-56.679606547719835, -30.194812767823475], [-56.678679339503134, -30.200312168063018], [-56.662065217837785, -30.197969008411906], [-56.65126399360712, -30.20738432889265], [-56.646222785127605, -30.20442231484753], [-56.644995377619, -30.207830784382892], [-56.647533497358914, -30.210745909223593], [-56.65026915046475, -30.21246003804218], [-56.65727457628466, -30.213117972136775], [-56.66703263644321, -30.217374370750086], [-56.66793010982472, -30.219046149400537], [-56.66446797854671, -30.222198967043674], [-56.65231748482717, -30.21996942624343], [-56.64877785993023, -30.221417558048127], [-56.64516838483825, -30.2244265075518], [-56.641472114623234, -30.234345240332942], [-56.624677383944146, -30.24579919431912], [-56.62537917912196, -30.25021457461469], [-56.630057853396124, -30.254334205205335], [-56.63317435483947, -30.25551407536539], [-56.6400385549591, -30.25510041132354], [-56.64000418482837, -30.25716620549333], [-56.637009904657276, -30.26061296504692], [-56.62784484806842, -30.266723624351492], [-56.6217867335616, -30.265462906496246], [-56.61472825024934, -30.26132173630876], [-56.61155936086665, -30.263876030957118], [-56.60922639945597, -30.268283205098424], [-56.60664730434134, -30.282009494526566], [-56.611000045219335, -30.288107157769666], [-56.621064921435384, -30.293591676892277], [-56.61879600168829, -30.300731644671195], [-56.61571663052707, -30.301679929920823], [-56.612254584539095, -30.30034847379293], [-56.604676658890334, -30.292683227062003], [-56.5992519789185, -30.295359316733386], [-56.595978713300724, -30.295469465436064], [-56.58490829888059, -30.290169437533425], [-56.57602404593248, -30.289140013522335], [-56.57401314446245, -30.2924802996124], [-56.574347810983504, -30.29803463489404], [-56.57588514400678, -30.30054210511251], [-56.57537026668008, -30.30380137005299], [-56.56270663774468, -30.31154278461987], [-56.5562733534396, -30.31989655391618], [-56.554080972195095, -30.320071570141174], [-56.54601161345664, -30.31164806483059], [-56.54117770332669, -30.313055598865727], [-56.54016957840309, -30.32692503568786], [-56.537031150155215, -30.331308430674945], [-56.53679552137762, -30.33455695075306], [-56.54191504756554, -30.337784215715484], [-56.54857194138576, -30.3393788905027], [-56.55119908882333, -30.342971805815157], [-56.549393070459054, -30.34751920376789], [-56.54388928711489, -30.352710045271206], [-56.54581763124403, -30.360131486881883], [-56.542362131319365, -30.361197470493646], [-56.53533800471765, -30.359361027753845], [-56.527482861843474, -30.360442276342766], [-56.52145139977802, -30.35918585233158], [-56.51734515102605, -30.360904204429865], [-56.51311788027496, -30.36603263354528], [-56.50452998163539, -30.37093194934474], [-56.50389314583846, -30.373515088868093], [-56.50666878127078, -30.380490568186016], [-56.50625380897434, -30.38209836171252], [-56.49629913024079, -30.386697846250996], [-56.49127614460578, -30.397340993048743], [-56.48923491209063, -30.39856045158556], [-56.48351496963719, -30.398978367431386], [-56.47967969825358, -30.39208008151039], [-56.475289239804944, -30.38909018544576], [-56.46621323973498, -30.38550173713684], [-56.4610393753675, -30.3850319191851], [-56.456754345800874, -30.38989725906009], [-56.45377319187008, -30.401566015190514], [-56.44505668750499, -30.409988903913312], [-56.443991090333114, -30.412528771679725], [-56.44493943699721, -30.415897553805994], [-56.451747395927946, -30.41929132734679], [-56.45367576481787, -30.421302152934313], [-56.45327871372612, -30.422630070852282], [-56.446083356998436, -30.425245580328802], [-56.4428135001336, -30.42974463094055], [-56.43879263038958, -30.432452310447125], [-56.42733976578293, -30.435213839712826], [-56.42527565460833, -30.43472764754625], [-56.42262223870455, -30.431592370498933], [-56.41979827070998, -30.432733303879242], [-56.41580221061055, -30.431227845364536], [-56.41439944288833, -30.433272965368168], [-56.41376876312678, -30.43894046112208], [-56.411419375150324, -30.4427849654026], [-56.40673105877198, -30.447208578939982], [-56.399413668267776, -30.447395735658283], [-56.39754026684556, -30.44918125717852], [-56.39928499687433, -30.45188825839582], [-56.39911862758495, -30.45532561877162], [-56.400948847870865, -30.46006168526931], [-56.405858668179526, -30.459326402224086], [-56.40668631208379, -30.46015238898676], [-56.40566467546971, -30.470042964871286], [-56.401174045194956, -30.474690953688743], [-56.397854421816746, -30.471648462848176], [-56.39608485872606, -30.4717557810855], [-56.39683132478294, -30.47804826502423], [-56.39496125691732, -30.482196946173836], [-56.39528986562942, -30.48485631696329], [-56.38610642352075, -30.486945436123268], [-56.385560454579895, -30.48794909823495], [-56.38728441152847, -30.49060221479776], [-56.38417346099445, -30.491130324600263], [-56.383715561060534, -30.492936354885185], [-56.388945429233026, -30.493165392102963], [-56.38403607649686, -30.49602874304684], [-56.38300895435608, -30.49845067108704], [-56.37657195426972, -30.501988037528925], [-56.374824681904684, -30.500669830162053], [-56.36628708339564, -30.503097470726736], [-56.35910043659215, -30.499574651652665], [-56.35958943603042, -30.495838311541647], [-56.36177583885878, -30.495684589922178], [-56.36253783771335, -30.497782942554295], [-56.36447675243355, -30.496250197528024], [-56.36375577595924, -30.492239457443077], [-56.355794708602524, -30.491570084206906], [-56.34923340485547, -30.497181219713852], [-56.350135070572364, -30.500081830140683], [-56.346925260339276, -30.50537198413365], [-56.3346991574659, -30.511646449639542], [-56.333214074914736, -30.516306804890316], [-56.33694823566941, -30.519033521422834], [-56.33551166852909, -30.521141068356346], [-56.33559000516785, -30.524027111643942], [-56.332017854769134, -30.524294302789375], [-56.33124126126637, -30.527093637311925], [-56.32820309920802, -30.5297939162163], [-56.32573574820914, -30.52823443521789], [-56.32410215837098, -30.52864691186104], [-56.321826185405165, -30.531686730658365], [-56.31506497051607, -30.529909657684325], [-56.31099775613455, -30.531197478946844], [-56.30548074192107, -30.53020877226779], [-56.30129057501514, -30.52787076643455], [-56.30017489789284, -30.525674196121923], [-56.29757692485365, -30.52495353018357], [-56.29562344600727, -30.52598924572966], [-56.292766347063136, -30.523465485434723], [-56.29354725553258, -30.521306768866637], [-56.291425821851966, -30.520015917561693], [-56.286215338601934, -30.52811731428433], [-56.28665846417763, -30.529225109608745], [-56.289170635351496, -30.529450219509496], [-56.28787380539114, -30.540991542708834], [-56.28487913521684, -30.54438518651568], [-56.284402884966205, -30.547110966679888], [-56.27821272111344, -30.553492866139496], [-56.281217431212895, -30.56048122529633], [-56.27529885601264, -30.56078258046034], [-56.2652013205415, -30.55464944307347], [-56.25759610214008, -30.56191936403649], [-56.25583614171933, -30.566697057391842], [-56.26112721932084, -30.570268336045512], [-56.259729703168794, -30.578950393632365], [-56.26172132775565, -30.581261448428513], [-56.261497837468994, -30.584698806697528], [-56.25531023770811, -30.587994808194217], [-56.253291209685884, -30.586513579967068], [-56.24932145723739, -30.577976513223607], [-56.24497925249948, -30.57446465789771], [-56.240941176215784, -30.573594450246244], [-56.23292127233637, -30.5750825901311], [-56.22891231419438, -30.578442238546884], [-56.225639598032565, -30.578579259842613], [-56.223651563996384, -30.584078853678278], [-56.22401339495757, -30.58577341223201], [-56.22570535268776, -30.586471439096204], [-56.234196027334015, -30.58745361435389], [-56.23396215595847, -30.593461623473804], [-56.23091683077892, -30.595618470244375], [-56.224157025348674, -30.59721013637998], [-56.219196413698555, -30.60746374815412], [-56.21489495307887, -30.608677177570854], [-56.19187276589942, -30.604103334546874], [-56.18738172281572, -30.604892493041163], [-56.177889953559585, -30.612226502855773], [-56.17041342327802, -30.615098284899], [-56.17124119009409, -30.61885720680555], [-56.17848826013996, -30.62127168001421], [-56.182109329547266, -30.624472157297802], [-56.18258659978836, -30.626491198934723], [-56.18009688497039, -30.629926038977942], [-56.18012645346362, -30.63215385213474], [-56.17394819058927, -30.633957694065852], [-56.16458063554941, -30.642057048616923], [-56.164936213651835, -30.645077692870785], [-56.169410365047284, -30.653029554258122], [-56.16862485953618, -30.65772208464441], [-56.16474293659099, -30.665841838127328], [-56.15144066112144, -30.68054467561131], [-56.14556812657633, -30.681300051503104], [-56.143505969949594, -30.679510583238077], [-56.137398566595564, -30.68474904400945], [-56.138505855702284, -30.68804740255165], [-56.149420105119844, -30.693231927675217], [-56.14904497594987, -30.702099359294124], [-56.15031831012953, -30.704964211051898], [-56.137394432295444, -30.71056361979867], [-56.13606580816216, -30.709728228990507], [-56.134540046598325, -30.712257698243878], [-56.13171579763417, -30.71363594592286], [-56.12800129915665, -30.720347051042626], [-56.13077978531937, -30.72383965742613], [-56.131966520455805, -30.731972419388324], [-56.12398190962331, -30.739064055024414], [-56.118190277465324, -30.73698581093649], [-56.118044080300685, -30.733802208138822], [-56.116025390359006, -30.732724772558456], [-56.105895334118564, -30.73206354433697], [-56.10213106146784, -30.740352469701314], [-56.10212047886964, -30.74365371089049], [-56.09891906134868, -30.745077220645786], [-56.096588708726436, -30.74794181728963], [-56.09543626998902, -30.753563724462197], [-56.087960034537765, -30.75750410544679], [-56.083241316724745, -30.754592109670423], [-56.07878653305257, -30.748946399364918], [-56.07347098675445, -30.745223547493843], [-56.06797260321749, -30.74697582618325], [-56.06498288136416, -30.749660823940832], [-56.06406125604277, -30.752521953843505], [-56.065810799715784, -30.758327075806392], [-56.06377015864921, -30.760667345347507], [-56.06615076457147, -30.76421624545656], [-56.06502607286765, -30.76924251944838], [-56.061562660257344, -30.77472450267641], [-56.05585570186566, -30.773373914535984], [-56.050003740036935, -30.776479081537637], [-56.04792465873618, -30.776347777729374], [-56.04629902077759, -30.773789283112375], [-56.03903228337093, -30.775182893800974], [-56.03766581643201, -30.775970118630994], [-56.038361602632136, -30.778548473198526], [-56.0347192308856, -30.784228499992775], [-56.022187167695854, -30.786009419271405], [-56.020465731179044, -30.791604559551352], [-56.02372120719419, -30.794313904224996], [-56.024024643854894, -30.79901262734369], [-56.015120268069765, -30.802653615918064], [-56.012277432009014, -30.807059897090955], [-56.01616542513569, -30.81211349570605], [-56.01640908946277, -30.818255466967017], [-56.01293938249803, -30.818189058189354], [-56.008387254941844, -30.82017176032084], [-56.00737223811863, -30.824430657477173], [-56.003789072896424, -30.830127730229457], [-56.00521808782103, -30.833688225995317], [-56.004268602532555, -30.839408164531516], [-55.99389046804589, -30.84534098140965], [-55.991627853941836, -30.84824866242688], [-55.99226320721984, -30.852324580821406], [-55.987699498783684, -30.86550889868561], [-55.98097587826573, -30.876287845792262], [-55.981122521171805, -30.881978985763592], [-55.97876543430971, -30.88536459738925], [-55.97358074991229, -30.886679490988897], [-55.97142234319939, -30.89026313080119], [-55.96518730876419, -30.895259050733948], [-55.96524383134595, -30.897721313971772], [-55.96306015774122, -30.89906799608149], [-55.962196541370474, -30.90173886509695], [-55.962070034477286, -30.90735819270614], [-55.9635188401909, -30.910477125675172], [-55.95837278371349, -30.91713993486667], [-55.95459239219372, -30.92773341279453], [-55.95192601436844, -30.9287016596319], [-55.945845318357584, -30.927391813310717], [-55.943900485787864, -30.92816966949279], [-55.93838548098116, -30.94179512654772], [-55.93598145153301, -30.943682749831332], [-55.93115807446977, -30.944111649183014], [-55.922553976292846, -30.950316475491835], [-55.91641923909721, -30.948391978004764], [-55.91321813541184, -30.949305788836824], [-55.91046906496129, -30.952050088644345], [-55.91158274023252, -30.95581927167739], [-55.91080036169217, -30.958011675673454], [-55.892182900318524, -30.9699590430823], [-55.892070178303605, -30.972475550329726], [-55.88948740519028, -30.97530947154055], [-55.88500840908108, -30.976584237981324], [-55.88092428709991, -30.974557485265674], [-55.87788867622815, -30.974514253695105], [-55.87480269986358, -30.97699642504883], [-55.87213369110412, -30.97735872060156], [-55.867972618512276, -30.98457652885969], [-55.85647069230978, -30.989777262014677], [-55.84126360389879, -31.000489069257956], [-55.83842936584447, -31.008526237194722], [-55.83440918703961, -31.010664969398448], [-55.83355184881731, -31.014435303370664], [-55.830913565623845, -31.016375131763], [-55.82521739618865, -31.018802586282593], [-55.813221865758585, -31.015570920112943], [-55.811600409510305, -31.02151485410758], [-55.82301228574736, -31.033988107623077], [-55.82391551870638, -31.037183735806334], [-55.83068735284121, -31.043826445110458], [-55.84532971940605, -31.0422489435963], [-55.851243621828836, -31.04381991907059], [-55.856469290078365, -31.04761140025164], [-55.863534270753476, -31.059603208941283], [-55.86884502864462, -31.06607327518371], [-55.87148942136525, -31.073288200683585], [-55.87527530386213, -31.0726398922145], [-55.88558158762773, -31.078199900088944], [-55.892432173750535, -31.074657704382044], [-55.89679415086868, -31.067817258968354], [-55.89859070827911, -31.066921689204715], [-55.90945441255348, -31.0728408545075], [-55.91909941042084, -31.072696239697244], [-55.92503585216865, -31.076827136798805], [-55.925284377117734, -31.081478738977797], [-55.9277433181948, -31.08843578707953], [-55.931962118564066, -31.08936411878478], [-55.9448273389928, -31.08300716385288], [-55.96799428570882, -31.07486321052809], [-55.98204801504727, -31.073974472661337], [-55.98580638990791, -31.075909618960566], [-55.989359667800976, -31.084696616067973], [-55.99296337680883, -31.085705753094665], [-56.00950607860969, -31.082325332399016], [-56.01136458184539, -31.07825118893277], [-56.019214025817426, -31.07552613334225], [-56.02138526908917, -31.070766554685292], [-56.03406598952149, -31.064657479090545], [-56.03805397076513, -31.058380540398595], [-56.04692486888085, -31.054214507976635], [-56.050165428971475, -31.050811207599185], [-56.06142633251571, -31.047281250673077], [-56.06790777737772, -31.0465603464283], [-56.070638334187365, -31.04340971756794], [-56.071340068171125, -31.03326583307192], [-56.075075106962565, -31.03034886030758], [-56.08086477124778, -31.01209573485415], [-56.08442010687892, -31.010515479138814], [-56.091085742751154, -31.011208236199394], [-56.09938250490262, -31.008044320547057], [-56.10333223976217, -31.004311588916952], [-56.11465766063824, -30.999194544360456], [-56.11865137451382, -31.000343754050263], [-56.125871149497705, -30.998192767811044], [-56.14290481606314, -30.99728421414754], [-56.14119495716144, -30.977310792112824], [-56.143449664958794, -30.96806787309256], [-56.141000020319105, -30.958692454399436], [-56.141325607805776, -30.955824067886276], [-56.14305819361881, -30.953767488220933], [-56.158205067881, -30.947386267672464], [-56.16421633313042, -30.946948548547137], [-56.174414365778674, -30.93810927373582], [-56.1757671537152, -30.93417413885146], [-56.180645833278206, -30.932208645741973], [-56.184850449556336, -30.931972354306556], [-56.18793047808969, -30.933471010096717], [-56.19335950016455, -30.931527216815528], [-56.19647747876405, -30.93193722508354], [-56.197567593486745, -30.934580688261114], [-56.203478265898326, -30.93486201984273], [-56.20656304715716, -30.93743384054297], [-56.218838753592884, -30.93907372416077], [-56.22821809834397, -30.935583544146617], [-56.243041837610086, -30.92617734744728], [-56.24668716024866, -30.925281278118085], [-56.255170155059254, -30.92589935434455], [-56.25770798556336, -30.92258819039817], [-56.2590485070831, -30.91684388651165], [-56.26196129109559, -30.915732779071277], [-56.27035833009658, -30.9157880080328], [-56.27352146663136, -30.918852596964797], [-56.27811887155375, -30.919133512994794], [-56.283702135052735, -30.923201192523933], [-56.293478589524504, -30.924164422405255], [-56.30941295705227, -30.92040137761819], [-56.31148615098764, -30.917354756175527], [-56.32076065136949, -30.912364450996993], [-56.32596075699339, -30.912815152759926], [-56.32749063563585, -30.911006635774], [-56.33844825108913, -30.91189891179317], [-56.3421115665089, -30.91471406028637], [-56.348192182928436, -30.91095783658484], [-56.353018389075004, -30.904851236686422], [-56.35306822744044, -30.901357795064108], [-56.35533898974246, -30.899798082652435], [-56.365186508629336, -30.89991268546798], [-56.37018553646692, -30.89616789292852], [-56.37611472561242, -30.895702006554863], [-56.38672332608014, -30.888180521791124], [-56.39499950884462, -30.88499778898795], [-56.399611330033174, -30.87900110819254], [-56.405265544056334, -30.877973603161223], [-56.417823389821336, -30.88316093811785], [-56.42877802609906, -30.892543162601886], [-56.43818617546527, -30.895248914180165], [-56.4519975911411, -30.901863012022414], [-56.45430043501267, -30.905310796080638], [-56.45525125796823, -30.91011062929747], [-56.462402629713985, -30.908330157286837], [-56.47711361015736, -30.91468263516607], [-56.480072130682885, -30.91494521358556], [-56.485856111416645, -30.912805149571316], [-56.49262301110996, -30.914592888895385], [-56.50139287924296, -30.914633926110525], [-56.51314928973293, -30.921358621694562], [-56.5135076675448, -30.928430316258662], [-56.51903664135409, -30.930918204026472], [-56.528323799108456, -30.94131926968198], [-56.532228780821384, -30.939697762750747], [-56.5376556586194, -30.94055080745046], [-56.55263682166004, -30.939313986829102], [-56.581133326352536, -30.948070816750246], [-56.58836157426264, -30.945338243427916], [-56.5907794533336, -30.942053446724728], [-56.59731824463482, -30.9382977290216], [-56.60450528317172, -30.93763281387764], [-56.61296772040656, -30.93399509153544], [-56.618024686072836, -30.93389052754387], [-56.630083638097844, -30.930842749774666], [-56.63606181963366, -30.93143862738158], [-56.63951857561856, -30.933706969012064], [-56.64391949846451, -30.93279768388121], [-56.64730580760049, -30.930567846848064], [-56.64961275273747, -30.930865542542747], [-56.658684602148064, -30.937904694045596], [-56.6645911345211, -30.939768868871294], [-56.66844760901161, -30.939912046369827], [-56.67720470852059, -30.934551180952553], [-56.681470486462295, -30.93518901496867], [-56.68557922106541, -30.937617426835725], [-56.69187367296757, -30.937991295380318], [-56.70921716692544, -30.93546034748047], [-56.717926943610244, -30.93539880079467], [-56.72435007453651, -30.93238672218023], [-56.72916359318258, -30.932261282076357], [-56.73680295548301, -30.920757884033147], [-56.75169843436848, -30.918115162552837], [-56.764545839578155, -30.91421904744883], [-56.77245668225693, -30.914062348249107], [-56.79389624794071, -30.91048828630198], [-56.804421421894006, -30.911771410760192], [-56.81989042932942, -30.90845922997718], [-56.820916532015616, -30.900881365488164], [-56.82810628629879, -30.897265283722678], [-56.83290152149352, -30.890439619726646], [-56.82907683154895, -30.8864919038541], [-56.82423332667364, -30.884070913400368], [-56.8225195384731, -30.879528458943174], [-56.82521751892071, -30.875602045606758], [-56.828982882957526, -30.873393351152227], [-56.832504514555566, -30.873913463309254], [-56.83720086177798, -30.870024614723537], [-56.8395354480086, -30.87037821103858], [-56.84498107542473, -30.874598500603266], [-56.85080686985377, -30.87322182816208], [-56.863448572364085, -30.862344847510517], [-56.86892198016832, -30.854754388797144], [-56.87852503646852, -30.849958891126725], [-56.87956792456584, -30.84547013098976], [-56.88738673016364, -30.83605158664076], [-56.89644325213246, -30.831495168532584], [-56.90724631864747, -30.82068671861813], [-56.920146548666416, -30.81777359129891], [-56.93356502801964, -30.82048639049812], [-56.94375772361541, -30.813138955349128], [-56.9557236846266, -30.80667332166118], [-56.96226195139349, -30.806241848846224], [-56.97206035878598, -30.803324105562204], [-56.992799480307596, -30.794964911011586], [-57.00073504571453, -30.789979790188106], [-57.009251364712476, -30.78780737458307], [-57.01296174152089, -30.782588770112728], [-57.013108983750904, -30.773574388207372], [-57.02319766825372, -30.763529300105315], [-57.03522362811944, -30.75856627362013], [-57.04553907907522, -30.75608033966142], [-57.05488496889404, -30.75884911752746], [-57.06086531536296, -30.759093022938995], [-57.06711547427538, -30.757888396123114], [-57.071658313178, -30.754904293648995], [-57.07808560505343, -30.755858690054865], [-57.087021132328374, -30.752796707971793], [-57.098243388741956, -30.753625190698003], [-57.10360702946515, -30.741987076844985], [-57.108647791238724, -30.738912116212507], [-57.12282131994403, -30.734041400899606], [-57.13988117434487, -30.73125875800564], [-57.14899278533604, -30.724362104401262], [-57.154305783000446, -30.722880492875888], [-57.170103900414055, -30.72672757400182], [-57.17679775569977, -30.72650036131703], [-57.19071850943164, -30.728693223358892], [-57.19997394983441, -30.728398597784278], [-57.21269243161535, -30.730292096254654], [-57.215823001814265, -30.734633042082425], [-57.22545729626179, -30.732817787140984], [-57.23409948740903, -30.724311415355036], [-57.261354736437006, -30.71158819864989], [-57.271903021750866, -30.70971952398338], [-57.289751959657075, -30.70071327436038], [-57.30372972731876, -30.699344125860968], [-57.30800008714766, -30.697531720549332], [-57.31123285541552, -30.694597979609934], [-57.308977716776695, -30.69257303803652], [-57.3104292737544, -30.685100375195564], [-57.31220813437537, -30.68231239690909], [-57.32519257614391, -30.67931754434003], [-57.33096169051644, -30.675227115738114], [-57.334496750153235, -30.664912726988565], [-57.33514960481354, -30.650482969161178], [-57.33894942012527, -30.644258643555712], [-57.35242079112656, -30.63210995187299], [-57.35368042522737, -30.627706263476345], [-57.3564953052407, -30.625250845941512], [-57.35556543807116, -30.6188939309908], [-57.356797714064626, -30.61472214244184], [-57.36235417990345, -30.61116237855816], [-57.364799571396446, -30.599163937749715], [-57.370078790666426, -30.596026564752314], [-57.37624618630907, -30.58842215333463], [-57.38065741091363, -30.580166914571297], [-57.389423251488175, -30.57624016664492], [-57.401875633719555, -30.551044585020033], [-57.41407991997348, -30.539548206651798], [-57.42618172791994, -30.531953210378028], [-57.42897865875681, -30.526765753584723], [-57.43477422451071, -30.524109055427424], [-57.43690461594515, -30.519588228501476], [-57.440772332967896, -30.518079001183697], [-57.44117640547988, -30.513681328883518], [-57.44430391263639, -30.505924892538204], [-57.44315250946222, -30.501421937003204], [-57.43861772603298, -30.49839928338551], [-57.43618233881237, -30.491958676041637], [-57.43119730682469, -30.48865057932813], [-57.43023883224652, -30.485629049452804], [-57.42463254904503, -30.484096393927818], [-57.42052407316113, -30.479536865945747], [-57.418108010641504, -30.467557242297005], [-57.42004707622807, -30.4539745166606], [-57.41253274249931, -30.450085013070776], [-57.40930723220374, -30.44157940141427], [-57.40470245174429, -30.43609395168789], [-57.402114247554906, -30.428857576619436], [-57.40248005655244, -30.4223809327169], [-57.4080541569942, -30.41444757874138], [-57.4113832639051, -30.411934733900924], [-57.414059047931644, -30.397806801127807], [-57.41705789777837, -30.394449653548353], [-57.4248858598929, -30.389745966682703], [-57.43435121507797, -30.374460053498954], [-57.436697234199045, -30.372637166549787], [-57.44560747189747, -30.37229237661124], [-57.44943839558027, -30.36693477325096], [-57.44917207229851, -30.357354910125945], [-57.454502196630415, -30.355330962626613], [-57.46514591881627, -30.356544029568052], [-57.480192618783306, -30.33489193988353], [-57.50916338012537, -30.33990935694793], [-57.517208616598744, -30.343404385884284], [-57.52255556255341, -30.3421231623038], [-57.52529791770464, -30.33861634296829], [-57.52790122879809, -30.337415990417956], [-57.54661004983685, -30.331986705630843], [-57.551183678991535, -30.32834277208165], [-57.55454750270207, -30.320882470991076], [-57.557032610589964, -30.31982069332464], [-57.55747520463834, -30.31803436838002], [-57.57790936688001, -30.309247695880483], [-57.57848183567473, -30.30856909347329], [-57.575208102687455, -30.307906470889417], [-57.57434975587695, -30.297953236356353], [-57.575938277099084, -30.29330237014858], [-57.57456128703183, -30.285944394679518], [-57.578184322299016, -30.27525577626877], [-57.57673768692367, -30.270671179660617], [-57.5815070073503, -30.260770115293223], [-57.58433808808062, -30.248114049836676], [-57.58426380629069, -30.242680257303014], [-57.57910647042566, -30.233936543504118], [-57.580278181500425, -30.228266852961827], [-57.59322564242353, -30.222264977059442], [-57.60252152965936, -30.211414089065528], [-57.606916901234605, -30.203361640894094], [-57.60846539659503, -30.189882336444708], [-57.60771018323987, -30.189022509718658], [-57.59846040348653, -30.19237376811615], [-57.59153092172531, -30.1964772960698], [-57.585896458497594, -30.197226043038004], [-57.57829083470016, -30.20208211620395], [-57.55502174921336, -30.213073533782897], [-57.553538028508406, -30.21840523807796], [-57.55414046600455, -30.22250956632437], [-57.55644952379378, -30.22388550283143], [-57.55822581004314, -30.231500249380122], [-57.55700807897293, -30.235439581746174], [-57.56642411194672, -30.251473820050403], [-57.56686662234482, -30.25646400482396], [-57.56281683190705, -30.261785295039427], [-57.553499337691285, -30.265941617423294], [-57.54941668242121, -30.27415784458231], [-57.5233373635249, -30.286029310248487], [-57.50825426746628, -30.286326267853326], [-57.50159693772617, -30.289542398322375], [-57.49855174460543, -30.28951883142827], [-57.49621067013268, -30.286329609937166], [-57.49485794225335, -30.28017850793033], [-57.48790864120675, -30.26876973906274], [-57.48292957931324, -30.26740891710108], [-57.46365704594768, -30.266176204201273], [-57.459924884475505, -30.268505273331694], [-57.45457301462526, -30.27524676341368], [-57.45104803301483, -30.276950689612026], [-57.43655879674856, -30.276663683327726], [-57.42850247266561, -30.275185903934137], [-57.416994217885474, -30.27862037719508], [-57.41425240534288, -30.28124257224019], [-57.41609037400711, -30.28429343234988], [-57.41987226330201, -30.286196516415927], [-57.42111176927593, -30.290318551533908], [-57.42137194379284, -30.299660775660968], [-57.4199907817468, -30.302888508708037], [-57.41611823746609, -30.30314383168976], [-57.409616079776235, -30.300852091915246], [-57.401368615633835, -30.30178301425232], [-57.39806124877094, -30.304204378935292], [-57.39424679818678, -30.304846149184694], [-57.387743966041256, -30.302490189987427], [-57.3895260241752, -30.296344869419382], [-57.37848738865876, -30.28002836588555], [-57.37353211257267, -30.276200955464986], [-57.364410019220486, -30.271674650168343], [-57.360806146134045, -30.27177178033944], [-57.3579745963118, -30.274718574715823], [-57.35711497995346, -30.283449955524862], [-57.35292651060621, -30.285384643479063], [-57.34695712043932, -30.28045892918669], [-57.33973387642477, -30.27704480260941], [-57.32720640881088, -30.27260097254528], [-57.321385158142384, -30.271757850073968], [-57.31886449259452, -30.267981158940948], [-57.3174368989738, -30.261630388417235], [-57.31460005640993, -30.25820900053838], [-57.31104042676725, -30.259133976312594], [-57.305557906393915, -30.264770808392512], [-57.29983218289941, -30.27700302127531], [-57.29367856165057, -30.286462059466757], [-57.28540430179316, -30.293897621519157], [-57.28178060671176, -30.294813539398255], [-57.27719065947409, -30.292980481087017], [-57.27450334524229, -30.287716678250845], [-57.2685212606054, -30.28448300576637], [-57.26814656248964, -30.28234971837245], [-57.26989497633346, -30.27834371893866], [-57.26843299129156, -30.271577870065194], [-57.26414281026141, -30.26745013587197], [-57.25840791926752, -30.26677458658246], [-57.25209505959844, -30.27482656682185], [-57.2549042611567, -30.282118789061034], [-57.254469309079056, -30.284333272488254], [-57.249666752667636, -30.28917563361971], [-57.24603537378655, -30.290289067769123], [-57.22019758850553, -30.28942659711574], [-57.20724354771585, -30.28470525672761], [-57.20243626286566, -30.285000370944], [-57.20130095681234, -30.278969746188203], [-57.198242011099325, -30.27576460264996], [-57.19514401106032, -30.26464101864109], [-57.18813381566249, -30.259682850141562], [-57.18446072607116, -30.258540227888343], [-57.1840587108938, -30.255802656839975], [-57.17619248080073, -30.2512046089785], [-57.167629501483475, -30.249499487755482], [-57.166447203549076, -30.248140910851323], [-57.16766505996711, -30.243817025870676], [-57.166787426574885, -30.24195019313283], [-57.16468524952593, -30.240916863377006], [-57.16306101642949, -30.242899960953075], [-57.16130227286203, -30.24266571219932], [-57.15459759436559, -30.233995586360862], [-57.15447544264363, -30.232662002730063], [-57.1627420419742, -30.227309055852967], [-57.16494175170401, -30.22414747044767], [-57.16209089107095, -30.216988803561772], [-57.1631628107638, -30.21640042748057], [-57.166059940698425, -30.217885493508653], [-57.16747038237413, -30.21699591897817], [-57.164116244864175, -30.21249419562744], [-57.16788231045755, -30.20773788439434], [-57.16810628894564, -30.205913659935238], [-57.165080349480704, -30.20334766118743], [-57.16775550858513, -30.200821445457095], [-57.16769518794909, -30.19871156966915], [-57.165619333545024, -30.195756852781287], [-57.16217955158761, -30.19553107600004], [-57.15825588147738, -30.192577381051166], [-57.15768975526442, -30.184610195556548], [-57.152778486143156, -30.18151321226907], [-57.14384472372001, -30.171900260922598], [-57.14357447389526, -30.16575184095529], [-57.13397115816995, -30.157110074838194], [-57.13308560269979, -30.152230573202857], [-57.129022742368775, -30.14411825337497], [-57.129080827299155, -30.141484000920087], [-57.124641133156416, -30.140834387127565], [-57.11956721704262, -30.14242781480405], [-57.11641895818317, -30.14525544834986], [-57.11414479318586, -30.145142947447766], [-57.11030993715516, -30.143151917063012], [-57.1082387300879, -30.137968361652355], [-57.10466370348303, -30.135189874303723], [-57.10663034099089, -30.132455459457727], [-57.10433536692095, -30.126002308466678], [-57.10792173157556, -30.125732125819756], [-57.11003406225274, -30.128552194620948], [-57.113448286497544, -30.12702987397932], [-57.11630277323929, -30.119298679246935], [-57.11594894654051, -30.114521913924232], [-57.1147200273147, -30.113379731325637], [-57.10778023257561, -30.11656975876463], [-57.10467889527699, -30.11504023749321], [-57.095752552999336, -30.11470469815461], [-57.09443207433196, -30.116070644641727], [-57.09456867608194, -30.120975901835113], [-57.09000167578513, -30.120822418726284], [-57.08458021765533, -30.11557209520232], [-57.08517217888265, -30.110010281444076], [-57.08986683232909, -30.11284148346775], [-57.09151721770456, -30.112112723037647], [-57.091100287559755, -30.10877058460558], [-57.08655296703573, -30.10528857326056], [-57.086305528705914, -30.100600842464083], [-57.08294340008065, -30.098090211421102], [-57.08053330542394, -30.093784343505146], [-57.07220200468488, -30.089544908967316], [-57.06983326483883, -30.086798812966528], [-57.06546169691675, -30.085578244277833], [-57.06091850291803, -30.08880583417284], [-57.06150294311288, -30.091542178970258], [-57.066705825322984, -30.0912395733172], [-57.06770253983602, -30.099446788498156], [-57.066938805797044, -30.10137532357825], [-57.05591177805139, -30.09887455201071], [-57.04837263193493, -30.10149895684163], [-57.043794795689266, -30.105375711483642], [-57.03812189131141, -30.10437322736812], [-57.029462020703974, -30.100622010880016], [-57.028267487138116, -30.092939435923885], [-57.02112207141231, -30.087116205022053], [-57.002585883098206, -30.087801277708483], [-56.993632645215776, -30.08587151880123], [-56.983633715418186, -30.087549435541195], [-56.980617516065735, -30.089461692744866], [-56.976410364585945, -30.097671298690184], [-56.96960386305711, -30.097506578364413], [-56.95572632920768, -30.101183175067195], [-56.94328114795988, -30.098712420231113], [-56.93388454592393, -30.09428396348061], [-56.92853243383447, -30.094293965077927], [-56.92430010971366, -30.096098132262625], [-56.91532334020863, -30.09663465540882], [-56.9104553147492, -30.102845449060347], [-56.91391929672977, -30.10832722424727], [-56.913877698382215, -30.1101676169213], [-56.911033736735504, -30.1109674078557], [-56.90880941020274, -30.10873125210031], [-56.905459931000344, -30.107920641758607], [-56.90375029215271, -30.109973498255396], [-56.905377092240656, -30.112593603117638], [-56.90381144790543, -30.11360796993511], [-56.89953816405386, -30.110892769669476], [-56.89151118760069, -30.101705364985822], [-56.887233702336225, -30.089049890171893], [-56.88263979209319, -30.087229725721475], [-56.877939888124324, -30.088053093899823], [-56.87446721365221, -30.08631363647067], [-56.872370530552395, -30.08808964295787]]]}}, {"id": "1", "type": "Feature", "properties": {"codcuenca": 11, "area": 2583, "nombre_cue": "RÍO URUGUAY entre Río Cuareim y Río Arapey Grande", "cabecera": 10}, "geometry": {"type": "Polygon", "coordinates": [[[-57.62425756942585, -30.187120429203365], [-57.612841890082265, -30.190119525489997], [-57.60843306167161, -30.189912437325965], [-57.606916901234605, -30.203361640894094], [-57.60252152965936, -30.211414089065528], [-57.59322564242353, -30.222264977059442], [-57.580278181500425, -30.228266852961827], [-57.57910647042566, -30.233936543504118], [-57.58426380629069, -30.242680257303014], [-57.58433808808062, -30.248114049836676], [-57.5815070073503, -30.260770115293223], [-57.57673768692367, -30.270671179660617], [-57.578184322299016, -30.27525577626877], [-57.57456128703183, -30.285944394679518], [-57.575938277099084, -30.29330237014858], [-57.57434975587695, -30.297953236356353], [-57.575208102687455, -30.307906470889417], [-57.57848183567473, -30.30856909347329], [-57.57790936688001, -30.309247695880483], [-57.55747520463834, -30.31803436838002], [-57.55703261058998, -30.319820693324633], [-57.5545475027021, -30.320882470991076], [-57.55118367899156, -30.32834277208165], [-57.54661004983687, -30.331986705630843], [-57.527901228798115, -30.337415990417956], [-57.52529791770464, -30.33861634296829], [-57.52255556255341, -30.3421231623038], [-57.517208616598744, -30.343404385884284], [-57.50916338012537, -30.33990935694793], [-57.480192618783306, -30.33489193988353], [-57.4651459188163, -30.356544029568052], [-57.45450219663043, -30.355330962626613], [-57.44917207229851, -30.357354910125945], [-57.44943839558029, -30.36693477325096], [-57.445607471897496, -30.37229237661124], [-57.436697234199045, -30.372637166549787], [-57.434351215077996, -30.374460053498954], [-57.4248858598929, -30.389745966682703], [-57.4170578977784, -30.394449653548353], [-57.41405904793166, -30.397806801127807], [-57.4113832639051, -30.411934733900924], [-57.4080541569942, -30.41444757874138], [-57.40248005655244, -30.4223809327169], [-57.402114247554906, -30.428857576619436], [-57.40470245174429, -30.43609395168789], [-57.40930723220374, -30.44157940141427], [-57.41253274249931, -30.450085013070776], [-57.42004707622807, -30.4539745166606], [-57.418108010641504, -30.467557242297005], [-57.42052407316113, -30.479536865945747], [-57.42463254904503, -30.484096393927818], [-57.43023883224652, -30.485629049452804], [-57.43119730682469, -30.48865057932813], [-57.43618233881237, -30.491958676041637], [-57.43861772603298, -30.49839928338551], [-57.44315250946222, -30.501421937003204], [-57.44430391263639, -30.505924892538204], [-57.44117640547988, -30.513681328883518], [-57.440772332967896, -30.518079001183697], [-57.43690461594515, -30.519588228501476], [-57.43477422451071, -30.524109055427424], [-57.42897865875681, -30.526765753584723], [-57.42618172791994, -30.531953210378028], [-57.41407991997348, -30.539548206651798], [-57.401875633719555, -30.551044585020033], [-57.389423251488175, -30.57624016664492], [-57.38065741091363, -30.580166914571297], [-57.37624618630907, -30.58842215333463], [-57.370078790666426, -30.596026564752314], [-57.364799571396446, -30.599163937749715], [-57.36235417990345, -30.61116237855816], [-57.356797714064626, -30.61472214244184], [-57.35556543807116, -30.6188939309908], [-57.3564953052407, -30.625250845941512], [-57.35368042522737, -30.627706263476345], [-57.35242079112656, -30.63210995187299], [-57.33894942012527, -30.644258643555712], [-57.33514960481354, -30.650482969161178], [-57.334496750153235, -30.664912726988565], [-57.33096169051644, -30.675227115738114], [-57.32519257614391, -30.67931754434003], [-57.31220813437537, -30.68231239690909], [-57.3104292737544, -30.685100375195564], [-57.308977716776695, -30.69257303803652], [-57.31123285541552, -30.694597979609934], [-57.30800008714766, -30.697531720549332], [-57.30372972731876, -30.699344125860968], [-57.289751959657075, -30.70071327436038], [-57.271903021750866, -30.70971952398338], [-57.261354736437006, -30.71158819864989], [-57.25522118908296, -30.715244517155796], [-57.24073058138926, -30.720457743068224], [-57.23409948740903, -30.724311415355036], [-57.22545729626179, -30.732817787140984], [-57.215823001814265, -30.734633042082425], [-57.21575155829923, -30.735911677957315], [-57.21947774073017, -30.741057822280915], [-57.219912813773156, -30.745673718992666], [-57.22463447850452, -30.754371980385347], [-57.22762481035623, -30.765655214818164], [-57.23456161309227, -30.77182613775431], [-57.249201814622914, -30.77075045971812], [-57.261925763064546, -30.773263259891785], [-57.27113021259543, -30.778138451064432], [-57.27590237377569, -30.785387171116977], [-57.2798997542363, -30.786072667568572], [-57.28603317553699, -30.79099759566115], [-57.295604271942246, -30.79142692980659], [-57.298142332181044, -30.793928741230385], [-57.30456875041209, -30.8115306138789], [-57.30442327956392, -30.820702392937537], [-57.30648361030541, -30.823334037272723], [-57.316432372578674, -30.824347940659376], [-57.32816210877079, -30.829867969007992], [-57.335879873561645, -30.83182521666037], [-57.34110616068355, -30.83769788795176], [-57.343607381259304, -30.842884760394387], [-57.3947905896999, -30.846525788100138], [-57.40410472461688, -30.8491420624406], [-57.41132216271542, -30.854807736673017], [-57.420150572379605, -30.86403548392029], [-57.42023773738721, -30.86635795790182], [-57.422189229419295, -30.867993201392522], [-57.43224776352864, -30.868005056822625], [-57.43606764283702, -30.872341137801953], [-57.44164963639272, -30.872893687901616], [-57.44479706430025, -30.86781670292107], [-57.44790340333282, -30.865607395299968], [-57.45431323561744, -30.86746293662603], [-57.46031132665445, -30.876685204430615], [-57.47379962642859, -30.88255580820107], [-57.47917293170541, -30.88155628246586], [-57.48242195558822, -30.87725202703939], [-57.50245740045372, -30.867148554851], [-57.549551086931345, -30.873339669348336], [-57.55657271477679, -30.879056326212396], [-57.564714921736844, -30.87724074799482], [-57.57631690432513, -30.87793438614536], [-57.584584967069866, -30.882934942945717], [-57.58970041359222, -30.882631813132647], [-57.593952572800504, -30.879395849594136], [-57.59683988788642, -30.875248836692695], [-57.60914812757632, -30.870505462230202], [-57.61230101943832, -30.86619943044111], [-57.624437672378946, -30.866726308595247], [-57.62493454606821, -30.87758478321862], [-57.636409791186246, -30.89158584775685], [-57.63367242629522, -30.89410431731408], [-57.6371776411236, -30.898858870070324], [-57.64404354195273, -30.900775859329073], [-57.65279504835996, -30.89793869656037], [-57.65909520002235, -30.89846819789248], [-57.6639223138072, -30.901808193498514], [-57.67033819939121, -30.903652762495103], [-57.676356528296765, -30.90813735411161], [-57.68467210280812, -30.90600175337928], [-57.69126676771443, -30.907765170971484], [-57.69474466175321, -30.911812234012466], [-57.69773330294015, -30.919747142653375], [-57.70358709788826, -30.920685418411704], [-57.709985786383086, -30.917803353586336], [-57.71708591304873, -30.916279550090245], [-57.71985280232025, -30.916928353659443], [-57.72651813431772, -30.913842382184026], [-57.72849104281493, -30.910637752129464], [-57.73434794698579, -30.909672017320872], [-57.735603901812404, -30.91064988935445], [-57.74626352153184, -30.90611534183241], [-57.750881634436624, -30.909761414900046], [-57.75307052982785, -30.91337647089266], [-57.75803963310796, -30.91499024761506], [-57.759725872333114, -30.916991416560926], [-57.767429987535266, -30.91822555087043], [-57.779655363896744, -30.917099870975456], [-57.78294874600715, -30.918483401821053], [-57.78935910984276, -30.918594961672575], [-57.795268075977276, -30.921033830411798], [-57.788506372420066, -30.91622377754699], [-57.78999526666657, -30.913883513515582], [-57.78923737262594, -30.910108055443033], [-57.790779753291105, -30.900949265618216], [-57.790669505738414, -30.883305616356513], [-57.79306356249005, -30.878760264075026], [-57.79075606502351, -30.87586526748807], [-57.78532228161591, -30.874956887562096], [-57.78974566000498, -30.872499435031926], [-57.78657852768678, -30.869978250335443], [-57.79383647086353, -30.870651099843737], [-57.79642417810948, -30.866896201869327], [-57.79244724813924, -30.865650029341857], [-57.796183425106705, -30.865367027113628], [-57.79673608085427, -30.86429449599136], [-57.794854288270834, -30.86326852783014], [-57.79495034491936, -30.860336521783793], [-57.79312647404843, -30.861599952327445], [-57.78630030315923, -30.860036748616466], [-57.79291810696739, -30.856580686654983], [-57.793374695360356, -30.852380743953212], [-57.77930095249209, -30.85512148449242], [-57.780701785357486, -30.853612243018205], [-57.780141775227946, -30.85179034977963], [-57.787063129123084, -30.851413776238477], [-57.790778706522794, -30.849147515058963], [-57.78928912555898, -30.846853036840823], [-57.79141684960233, -30.84614404644862], [-57.791441758464664, -30.843303298410508], [-57.788345974742015, -30.842674603049794], [-57.784329149632896, -30.844512590322303], [-57.785669027674025, -30.842084494544878], [-57.78501344792541, -30.84069690452806], [-57.790503002067496, -30.839846175592506], [-57.793207622835865, -30.83520587864504], [-57.79282191839818, -30.83322806645212], [-57.778963162073346, -30.835108768807522], [-57.78219067222037, -30.83199359792167], [-57.77853030524937, -30.830309280062092], [-57.78049327732952, -30.828205345531885], [-57.778899554896796, -30.825389326692147], [-57.781541515652776, -30.825826835698994], [-57.78318000324864, -30.829291363140484], [-57.785817900624416, -30.83054037902076], [-57.78893055423911, -30.829473681722003], [-57.78879293637228, -30.826346875831565], [-57.79125217926247, -30.82653451276245], [-57.79360594359639, -30.823134940532444], [-57.79279186634232, -30.821659654990803], [-57.789144372312684, -30.82058859190967], [-57.7929374462743, -30.818591615349895], [-57.79337888444305, -30.81315655118544], [-57.79132112767375, -30.809626456772616], [-57.784826088652764, -30.810267157941617], [-57.790712025913095, -30.804405911957232], [-57.78947986290372, -30.7988522773389], [-57.78672116208716, -30.79829045982004], [-57.77728011895118, -30.80244749221118], [-57.779253958305866, -30.79936956886689], [-57.77740829168485, -30.79493427128723], [-57.782583979979066, -30.795197838240213], [-57.78383257681062, -30.79343842599497], [-57.78301614627181, -30.7918278410156], [-57.78656213154727, -30.7915751545815], [-57.78700046699479, -30.790035525770946], [-57.784675563989246, -30.785156821430412], [-57.779401537065795, -30.78618427518575], [-57.78324795404841, -30.77979540729494], [-57.79203166958813, -30.774556758788723], [-57.795214649889175, -30.76396711091006], [-57.7938227275757, -30.762293303280472], [-57.79665706947258, -30.761510284390454], [-57.7923367339493, -30.75807809261228], [-57.79338632765461, -30.757331574125857], [-57.79731641387288, -30.758551531333836], [-57.797839128428286, -30.75453987628638], [-57.80005238507884, -30.75200801761384], [-57.796077838472215, -30.750139586392674], [-57.79941408835973, -30.747897033012123], [-57.799713422906564, -30.744195394406265], [-57.79612666794385, -30.74187913420983], [-57.798873561994625, -30.74093511924499], [-57.797790078527456, -30.735983364060605], [-57.79459854213036, -30.733579807842], [-57.79201937220337, -30.734043243266918], [-57.79271109412316, -30.731643071109943], [-57.78933663883738, -30.727943711675], [-57.79109269978958, -30.72705112588805], [-57.79090195584501, -30.724880912786187], [-57.79374691682903, -30.727199728015858], [-57.793709882362954, -30.72894962784995], [-57.79591949804181, -30.73031331468954], [-57.7964643826268, -30.729403215072075], [-57.794100598309136, -30.722072539013205], [-57.79056006820716, -30.71840280214854], [-57.79231512511399, -30.716455208468663], [-57.79248736908994, -30.713666252920817], [-57.7897852748146, -30.710659896206433], [-57.79234673691098, -30.709872173914164], [-57.79306677834236, -30.70784126738764], [-57.78518394057479, -30.700513848903196], [-57.78514868279221, -30.698792097861798], [-57.78604493932237, -30.69720939202471], [-57.79128809436971, -30.699996547979264], [-57.795403079658435, -30.700176825149704], [-57.79596222115411, -30.698445944349473], [-57.794928918411664, -30.696910868485926], [-57.79787762234488, -30.695693287531153], [-57.798318113453895, -30.692764935809667], [-57.80066130877596, -30.691538579390684], [-57.80094562358275, -30.688630660760676], [-57.79937543549055, -30.686355461989542], [-57.802892543445374, -30.68640946459364], [-57.80735213677663, -30.683103428894814], [-57.80565542421236, -30.679252252600644], [-57.80203193390462, -30.676557915516348], [-57.808832451624205, -30.67649798987637], [-57.81019396800043, -30.673230734385328], [-57.81377975253625, -30.672093124080043], [-57.817586481451556, -30.66803943673844], [-57.815254958300976, -30.664766323367978], [-57.82175287018774, -30.664241545445105], [-57.82464101133699, -30.661097681587798], [-57.83078531745604, -30.649890919934336], [-57.83271267071005, -30.643737476551948], [-57.83039003495061, -30.633291444112682], [-57.82734500755159, -30.631448092083524], [-57.82823384356168, -30.6269725506818], [-57.82690427858459, -30.62341870471801], [-57.831250343468774, -30.617489314864976], [-57.83075610158876, -30.610917775654], [-57.83266771267014, -30.61010341010773], [-57.83824223064303, -30.597527326237085], [-57.83808550567011, -30.5910373883229], [-57.84243545735571, -30.574810310660613], [-57.84417287419804, -30.57069822563409], [-57.84707360039929, -30.56889426933573], [-57.84851489137185, -30.56409246325727], [-57.85284052355514, -30.56316767100309], [-57.854652763446374, -30.56016339531993], [-57.85801796417964, -30.56261701017315], [-57.8600457058473, -30.562422621029476], [-57.86877975495184, -30.55320378997198], [-57.86944979927284, -30.545501483103056], [-57.86243642242742, -30.547371128921025], [-57.8586814881288, -30.545681220489513], [-57.86564392576836, -30.542883814889407], [-57.869514479623305, -30.539711418839197], [-57.86628139116065, -30.537075638655953], [-57.86287045831611, -30.536859203501372], [-57.86248159690174, -30.535711159483924], [-57.86680870480266, -30.533938299376675], [-57.86933902828019, -30.53635079314537], [-57.873565156146064, -30.52934032737039], [-57.87422113969524, -30.530799683499854], [-57.87212322927283, -30.53648686159234], [-57.87450233745727, -30.540596884272908], [-57.87662677154746, -30.538606292275798], [-57.8770282036276, -30.53201734936101], [-57.86961745317586, -30.51017841500788], [-57.86518174847608, -30.504793371218344], [-57.86271366922469, -30.505283329861914], [-57.86266418728871, -30.502939626704737], [-57.85750208664624, -30.501100562429432], [-57.851612643465884, -30.495855186019316], [-57.84994098425824, -30.493104163301478], [-57.848176660690136, -30.482446384339998], [-57.842996828210595, -30.474709636043762], [-57.83759965765814, -30.472990628917408], [-57.82781631328955, -30.46707445689331], [-57.82238975557427, -30.466419308777734], [-57.805555152714966, -30.45564194924613], [-57.801286712479886, -30.456104286557554], [-57.79253467597756, -30.452090238402054], [-57.77569070722606, -30.441887908506466], [-57.77092084638905, -30.438264471724416], [-57.76572857438512, -30.427022122258972], [-57.75713934726616, -30.41859050829837], [-57.737709051207844, -30.413173242217468], [-57.72236782392084, -30.407288152275466], [-57.70696034971346, -30.39713464072797], [-57.689401445875774, -30.387984276569895], [-57.676318164839834, -30.37611596899982], [-57.65823313794214, -30.366842503041738], [-57.65162294981336, -30.357115762484504], [-57.64131402087738, -30.350795503890435], [-57.63463299357393, -30.34325117317738], [-57.635238168284424, -30.34002323310369], [-57.629690719447865, -30.33019915082687], [-57.630295195607, -30.330839992080787], [-57.630722973336304, -30.329805942122352], [-57.62998153044032, -30.313971536795055], [-57.61528467872361, -30.27788727428057], [-57.612366509804296, -30.26213684970981], [-57.60984094186984, -30.25980901401025], [-57.608105650507504, -30.25411543458635], [-57.609315004695915, -30.25208766534773], [-57.60995150873547, -30.243746022874184], [-57.61447046005149, -30.234178278717874], [-57.6132162274896, -30.233744733522318], [-57.61476588113076, -30.233299417319703], [-57.61728563167235, -30.22913413441033], [-57.61456167534487, -30.22953262127893], [-57.61503110781942, -30.226820645178506], [-57.61593430106915, -30.226239980149703], [-57.61619668342065, -30.228085082864144], [-57.617639395503254, -30.22860616895458], [-57.627868215201616, -30.214548739819584], [-57.64098066290802, -30.20261446703671], [-57.64349394637902, -30.198322549500734], [-57.64209183206243, -30.19327402237865], [-57.63734046009798, -30.190094133989728], [-57.63287674928876, -30.18785695878496], [-57.62425756942585, -30.187120429203365]]]}}, {"id": "2", "type": "Feature", "properties": {"codcuenca": 12, "area": 2152, "nombre_cue": "RÍO ARAPEY CHICO", "cabecera": 12}, "geometry": {"type": "Polygon", "coordinates": [[[-57.14899278533604, -30.724362104401262], [-57.13988117434487, -30.73125875800564], [-57.12282131994403, -30.734041400899606], [-57.108647791238724, -30.738912116212507], [-57.10360702946515, -30.741987076844985], [-57.098243388741956, -30.753625190698003], [-57.087021132328374, -30.752796707971793], [-57.07808560505343, -30.755858690054865], [-57.071658313178, -30.754904293648995], [-57.06711547427538, -30.757888396123114], [-57.06086531536296, -30.759093022938995], [-57.05488496889404, -30.75884911752746], [-57.04553907907522, -30.75608033966142], [-57.03522362811944, -30.75856627362013], [-57.02319766825372, -30.763529300105315], [-57.013108983750904, -30.773574388207372], [-57.01296174152089, -30.782588770112728], [-57.009251364712476, -30.78780737458307], [-57.00073504571453, -30.789979790188106], [-56.992799480307596, -30.794964911011586], [-56.97206035878598, -30.803324105562204], [-56.96226195139349, -30.806241848846224], [-56.9557236846266, -30.80667332166118], [-56.94375772361541, -30.813138955349128], [-56.93356502801964, -30.82048639049812], [-56.920146548666416, -30.81777359129891], [-56.90724631864747, -30.82068671861813], [-56.89644325213246, -30.831495168532584], [-56.88738673016364, -30.83605158664076], [-56.87956792456584, -30.84547013098976], [-56.87852503646852, -30.849958891126725], [-56.86892198016832, -30.854754388797144], [-56.863448572364085, -30.862344847510517], [-56.85080686985377, -30.87322182816208], [-56.84498107542473, -30.874598500603266], [-56.8395354480086, -30.87037821103858], [-56.83720086177798, -30.870024614723537], [-56.832504514555566, -30.873913463309254], [-56.828982882957526, -30.873393351152227], [-56.82521751892071, -30.875602045606758], [-56.8225195384731, -30.879528458943174], [-56.82423332667364, -30.884070913400368], [-56.82907683154895, -30.8864919038541], [-56.83290152149352, -30.890439619726646], [-56.82810628629879, -30.897265283722678], [-56.820916532015616, -30.900881365488164], [-56.81989042932942, -30.90845922997718], [-56.804421421894006, -30.911771410760192], [-56.79389624794071, -30.91048828630198], [-56.77245668225693, -30.914062348249107], [-56.764545839578155, -30.91421904744883], [-56.75169843436848, -30.918115162552837], [-56.73680295548301, -30.920757884033147], [-56.72916359318258, -30.932261282076357], [-56.72435007453651, -30.93238672218023], [-56.717926943610244, -30.93539880079467], [-56.70921716692544, -30.93546034748047], [-56.69187367296757, -30.937991295380318], [-56.68557922106541, -30.937617426835725], [-56.681470486462295, -30.93518901496867], [-56.67720470852059, -30.934551180952553], [-56.66844760901161, -30.939912046369827], [-56.6645911345211, -30.939768868871294], [-56.658684602148064, -30.937904694045596], [-56.64961275273747, -30.930865542542747], [-56.64730580760049, -30.930567846848064], [-56.64391949846451, -30.93279768388121], [-56.63951857561856, -30.933706969012064], [-56.63606181963366, -30.93143862738158], [-56.630083638097844, -30.930842749774666], [-56.618024686072836, -30.93389052754387], [-56.61296772040656, -30.93399509153544], [-56.60450528317172, -30.93763281387764], [-56.59731824463482, -30.9382977290216], [-56.5907794533336, -30.942053446724728], [-56.58836157426264, -30.945338243427916], [-56.581133326352536, -30.948070816750246], [-56.55263682166004, -30.939313986829102], [-56.5376556586194, -30.94055080745046], [-56.532228780821384, -30.939697762750747], [-56.528323799108456, -30.94131926968198], [-56.51903664135409, -30.930918204026472], [-56.5135076675448, -30.928430316258662], [-56.51314928973293, -30.921358621694562], [-56.50139287924296, -30.914633926110525], [-56.49262301110996, -30.914592888895385], [-56.485856111416645, -30.912805149571316], [-56.480072130682885, -30.91494521358556], [-56.47711361015736, -30.91468263516607], [-56.462402629713985, -30.908330157286837], [-56.45525125796823, -30.91011062929747], [-56.452177915689695, -30.916312153811052], [-56.44981778081974, -30.91783464047544], [-56.4466797039183, -30.92629199363011], [-56.44402431699212, -30.929948470607275], [-56.4466202808792, -30.932779005147626], [-56.44644521763167, -30.937400549913797], [-56.44812749033661, -30.94227936946386], [-56.452988253677766, -30.944565238342168], [-56.46071039684162, -30.954608105503702], [-56.46163063183028, -30.958158034994774], [-56.46902653320123, -30.961397076570954], [-56.489746722629455, -30.96694435558891], [-56.49194367083039, -30.968949625737615], [-56.50114429604935, -30.971377835066406], [-56.509062757913235, -30.971460418822545], [-56.516603972437615, -30.98705778721215], [-56.52392573718893, -30.986928101040768], [-56.526932079618035, -30.988954941261035], [-56.52874886954438, -30.997297309210495], [-56.53224760834161, -30.996211229008015], [-56.54113424356216, -30.99681177902517], [-56.549730536227734, -31.00451522641694], [-56.55998559836377, -31.004735024074858], [-56.56617835514922, -31.008543222578613], [-56.567318696820394, -31.011171944521575], [-56.56665569423279, -31.016626365331337], [-56.560318101142336, -31.024038964826495], [-56.564006720439174, -31.029821970933217], [-56.569349023101516, -31.03082741483816], [-56.58766960421972, -31.02460913952721], [-56.59167234042805, -31.024345133052975], [-56.60194594959654, -31.02974041867163], [-56.610819905022844, -31.029773829920334], [-56.61219060898365, -31.033230601723126], [-56.609551515045865, -31.038400839568787], [-56.60969681183915, -31.04337586753148], [-56.62997472312668, -31.037815705827985], [-56.63761333224956, -31.037688604410008], [-56.642511219587554, -31.0480628971215], [-56.649827195378236, -31.053513893903336], [-56.653808350172355, -31.060151759679297], [-56.66409343095876, -31.06754710430534], [-56.66600500590218, -31.080062169179833], [-56.665260290121, -31.085619680635997], [-56.6697151595878, -31.095376482113675], [-56.677764571406854, -31.094999767281994], [-56.68383876764376, -31.093092317249667], [-56.68779411119654, -31.089969408628377], [-56.69986456873074, -31.092190143951527], [-56.70381882466188, -31.090318942155324], [-56.70751112286975, -31.085197511950646], [-56.717783269595394, -31.079793539307666], [-56.73315000376028, -31.08227495200449], [-56.751002076891865, -31.0775091706621], [-56.759325764262975, -31.07371564850316], [-56.775714216451576, -31.07355373128792], [-56.782940474655064, -31.074282987610083], [-56.78419845736362, -31.0760329387643], [-56.78401616519008, -31.081781557636532], [-56.78742951765259, -31.08390623522782], [-56.79907596113447, -31.08385491888379], [-56.81589718934123, -31.092341903759774], [-56.82769954411997, -31.086783373199328], [-56.83402164938377, -31.087281376782595], [-56.83913216435323, -31.084292706045005], [-56.845617095496486, -31.082552073847406], [-56.854644906657164, -31.08674346581562], [-56.86240007302323, -31.087834872124184], [-56.86870119234055, -31.088138200325606], [-56.87896705039641, -31.083944453023094], [-56.88425324946386, -31.084600086741005], [-56.89255643282628, -31.087843475880103], [-56.895993499150286, -31.091322694723505], [-56.91255887233181, -31.084358929240512], [-56.930075900196364, -31.081477836484616], [-56.94130072845035, -31.082743329063145], [-56.945981280745485, -31.085917814575538], [-56.946695720393954, -31.088835100254386], [-56.94931398738334, -31.089981238312614], [-56.96671873359308, -31.087193623368066], [-56.97399255169832, -31.089369034033073], [-57.00302838155893, -31.093096932428626], [-57.00960071403255, -31.095355057738928], [-57.01390572837721, -31.09357967591076], [-57.02488508473691, -31.096874686731365], [-57.04643669471848, -31.097866150864174], [-57.05083115841789, -31.101981603597775], [-57.054735619088106, -31.103594966051404], [-57.0738482628147, -31.10489040998725], [-57.08141043275862, -31.10296384853998], [-57.082154651926416, -31.09935071822908], [-57.09394760674941, -31.092118865401414], [-57.102886920113114, -31.091639011693818], [-57.112924835783154, -31.08871106108467], [-57.12062637790382, -31.088827293860568], [-57.13855561651661, -31.083477446229605], [-57.145893642596114, -31.083341511409603], [-57.149606216820416, -31.08024379798217], [-57.1532246902562, -31.07991351548443], [-57.16210126916978, -31.07514239354191], [-57.17139667614501, -31.074901425527095], [-57.172640692177424, -31.070911674930723], [-57.17086740224697, -31.067212389114168], [-57.17416064249251, -31.063333487461605], [-57.17411229434345, -31.059970631302665], [-57.17821910318139, -31.054481353522895], [-57.18111820643267, -31.0435609125794], [-57.19676227918537, -31.03754543799724], [-57.204340723751464, -31.037268273739542], [-57.21158784802512, -31.040266678943617], [-57.2159060558878, -31.036695846980987], [-57.21944091422695, -31.03049085793866], [-57.220252778038976, -31.026180923900966], [-57.23015720836401, -31.02134537786565], [-57.23987896018348, -31.023079249360396], [-57.256757805783636, -31.01724115600027], [-57.27185317176036, -31.016087524608103], [-57.28029930621051, -31.01245919662261], [-57.28662488306693, -31.012479929130922], [-57.2932803667459, -31.009578787255624], [-57.30049729982151, -31.011794164323916], [-57.30465254116013, -31.00748199425778], [-57.31230286725667, -31.00444549247489], [-57.32182630680724, -31.008875019750477], [-57.33257982044309, -31.007841324496248], [-57.33926536606092, -31.004853522415416], [-57.34249674981022, -30.99777342988422], [-57.349833554727994, -30.996319915725334], [-57.35611639004471, -30.99273266813164], [-57.368014177873846, -30.989212693344562], [-57.380748738391986, -30.989604631101262], [-57.40344577111198, -30.979180035459077], [-57.408939641379376, -30.975990250004344], [-57.41077257461558, -30.972751066429907], [-57.414576580865315, -30.972383265640246], [-57.42821899337084, -30.977992197945337], [-57.439446032615606, -30.97911826266944], [-57.455959395720456, -30.978224779707656], [-57.47190812140882, -30.9804911156701], [-57.473731364045086, -30.97730350706695], [-57.48826052641952, -30.96821051594055], [-57.49249939791394, -30.966462572762225], [-57.50224924206396, -30.96703720708914], [-57.50313364990721, -30.9611362736364], [-57.508829830791605, -30.953614909727865], [-57.50626701425592, -30.95024625801845], [-57.503266364034126, -30.9483485785547], [-57.49753010923964, -30.949353947255958], [-57.483001206394775, -30.946289363972745], [-57.466433892685615, -30.939684816966448], [-57.46310834731356, -30.93453571889893], [-57.4564993886679, -30.931830881826656], [-57.44700255234208, -30.92319564170275], [-57.44467903016877, -30.918730681176765], [-57.43901254102198, -30.913223195244857], [-57.43868090744873, -30.90958526166924], [-57.44741793697827, -30.894983213734537], [-57.44479761521468, -30.88362517577856], [-57.44154661337624, -30.877389566436346], [-57.44164963639272, -30.872893687901616], [-57.43606764283702, -30.872341137801953], [-57.43224776352864, -30.868005056822625], [-57.422189229419295, -30.867993201392522], [-57.42023773738721, -30.86635795790182], [-57.420150572379605, -30.86403548392029], [-57.41132216271542, -30.854807736673017], [-57.40410472461688, -30.8491420624406], [-57.3947905896999, -30.846525788100138], [-57.343607381259304, -30.842884760394387], [-57.34110616068355, -30.83769788795176], [-57.335879873561645, -30.83182521666037], [-57.32816210877079, -30.829867969007992], [-57.316432372578674, -30.824347940659376], [-57.30648361030541, -30.823334037272723], [-57.30442327956392, -30.820702392937537], [-57.30456875041209, -30.8115306138789], [-57.298142332181044, -30.793928741230385], [-57.295604271942246, -30.79142692980659], [-57.28603317553699, -30.79099759566115], [-57.2798997542363, -30.786072667568572], [-57.27590237377569, -30.785387171116977], [-57.27113021259543, -30.778138451064432], [-57.261925763064546, -30.773263259891785], [-57.249201814622914, -30.77075045971812], [-57.23456161309227, -30.77182613775431], [-57.22762481035623, -30.765655214818164], [-57.22463447850452, -30.754371980385347], [-57.219912813773156, -30.745673718992666], [-57.21947774073017, -30.741057822280915], [-57.21269243161535, -30.730292096254654], [-57.19997394983441, -30.728398597784278], [-57.19071850943164, -30.728693223358892], [-57.17679775569977, -30.72650036131703], [-57.170103900414055, -30.72672757400182], [-57.154305783000446, -30.722880492875888], [-57.14899278533604, -30.724362104401262]]]}}, {"id": "3", "type": "Feature", "properties": {"codcuenca": 13, "area": 9698, "nombre_cue": "RÍO ARAPEY GRANDE", "cabecera": 12}, "geometry": {"type": "Polygon", "coordinates": [[[-57.44268397152778, -30.880862297742894], [-57.44479761521468, -30.88362517577856], [-57.44741793697827, -30.894983213734537], [-57.43868090744873, -30.90958526166924], [-57.43901254102198, -30.913223195244857], [-57.44467903016877, -30.918730681176765], [-57.44700255234208, -30.92319564170275], [-57.4564993886679, -30.931830881826656], [-57.46310834731356, -30.93453571889893], [-57.466433892685615, -30.939684816966448], [-57.483001206394775, -30.946289363972745], [-57.49753010923964, -30.949353947255958], [-57.503266364034126, -30.9483485785547], [-57.50626701425592, -30.95024625801845], [-57.508829830791605, -30.953614909727865], [-57.50313364990721, -30.9611362736364], [-57.50224924206396, -30.96703720708914], [-57.49249939791394, -30.966462572762225], [-57.48826052641952, -30.96821051594055], [-57.473731364045086, -30.97730350706695], [-57.47190812140882, -30.9804911156701], [-57.455959395720456, -30.978224779707656], [-57.439446032615606, -30.97911826266944], [-57.42821899337084, -30.977992197945337], [-57.414576580865315, -30.972383265640246], [-57.41077257461558, -30.972751066429907], [-57.408939641379376, -30.975990250004344], [-57.40344577111198, -30.979180035459077], [-57.380748738391986, -30.989604631101262], [-57.368014177873846, -30.989212693344562], [-57.35611639004471, -30.99273266813164], [-57.349833554727994, -30.996319915725334], [-57.34249674981022, -30.99777342988422], [-57.33926536606092, -31.004853522415416], [-57.33257982044309, -31.007841324496248], [-57.32182630680724, -31.008875019750477], [-57.31230286725667, -31.00444549247489], [-57.30465254116013, -31.00748199425778], [-57.30049729982151, -31.011794164323916], [-57.2932803667459, -31.009578787255624], [-57.28662488306693, -31.012479929130922], [-57.28029930621051, -31.01245919662261], [-57.27185317176036, -31.016087524608103], [-57.256757805783636, -31.01724115600027], [-57.23987896018348, -31.023079249360396], [-57.23015720836401, -31.02134537786565], [-57.220252778038976, -31.026180923900966], [-57.21944091422695, -31.03049085793866], [-57.2159060558878, -31.036695846980987], [-57.21158784802512, -31.040266678943617], [-57.204340723751464, -31.037268273739542], [-57.19676227918537, -31.03754543799724], [-57.18111820643267, -31.0435609125794], [-57.17821910318139, -31.054481353522895], [-57.17411229434345, -31.059970631302665], [-57.17416064249251, -31.063333487461605], [-57.17086740224697, -31.067212389114168], [-57.172640692177424, -31.070911674930723], [-57.17139667614501, -31.074901425527095], [-57.16210126916978, -31.07514239354191], [-57.1532246902562, -31.07991351548443], [-57.149606216820416, -31.08024379798217], [-57.145893642596114, -31.083341511409603], [-57.13855561651661, -31.083477446229605], [-57.12062637790382, -31.088827293860568], [-57.112924835783154, -31.08871106108467], [-57.102886920113114, -31.091639011693818], [-57.09394760674941, -31.092118865401414], [-57.082154651926416, -31.09935071822908], [-57.08141043275862, -31.10296384853998], [-57.0738482628147, -31.10489040998725], [-57.054735619088106, -31.103594966051404], [-57.05083115841789, -31.101981603597775], [-57.04643669471848, -31.097866150864174], [-57.02488508473691, -31.096874686731365], [-57.01390572837721, -31.09357967591076], [-57.00960071403255, -31.095355057738928], [-57.00302838155893, -31.093096932428626], [-56.97399255169832, -31.089369034033073], [-56.96671873359308, -31.087193623368066], [-56.94931398738334, -31.089981238312614], [-56.946695720393954, -31.088835100254386], [-56.945981280745485, -31.085917814575538], [-56.94130072845035, -31.082743329063145], [-56.930075900196364, -31.081477836484616], [-56.91255887233181, -31.084358929240512], [-56.895993499150286, -31.091322694723505], [-56.89255643282628, -31.087843475880103], [-56.88425324946386, -31.084600086741005], [-56.87896705039641, -31.083944453023094], [-56.86870119234055, -31.088138200325606], [-56.86240007302323, -31.087834872124184], [-56.854644906657164, -31.08674346581562], [-56.845617095496486, -31.082552073847406], [-56.83913216435323, -31.084292706045005], [-56.83402164938377, -31.087281376782595], [-56.82769954411997, -31.086783373199328], [-56.81589718934123, -31.092341903759774], [-56.79907596113447, -31.08385491888379], [-56.78742951765259, -31.08390623522782], [-56.78401616519008, -31.081781557636532], [-56.78419845736362, -31.0760329387643], [-56.782940474655064, -31.074282987610083], [-56.775714216451576, -31.07355373128792], [-56.759325764262975, -31.07371564850316], [-56.751002076891865, -31.0775091706621], [-56.73315000376028, -31.08227495200449], [-56.717783269595394, -31.079793539307666], [-56.70751112286975, -31.085197511950646], [-56.70381882466188, -31.090318942155324], [-56.69986456873074, -31.092190143951527], [-56.68779411119654, -31.089969408628377], [-56.68383876764376, -31.093092317249667], [-56.677764571406854, -31.094999767281994], [-56.6697151595878, -31.095376482113675], [-56.665260290121, -31.085619680635997], [-56.66600500590218, -31.080062169179833], [-56.66409343095876, -31.06754710430534], [-56.653808350172355, -31.060151759679297], [-56.649827195378236, -31.053513893903336], [-56.642511219587554, -31.0480628971215], [-56.63761333224956, -31.037688604410008], [-56.62997472312668, -31.037815705827985], [-56.60969681183915, -31.04337586753148], [-56.609551515045865, -31.038400839568787], [-56.61219060898365, -31.033230601723126], [-56.610819905022844, -31.029773829920334], [-56.60194594959654, -31.02974041867163], [-56.59167234042805, -31.024345133052975], [-56.58766960421972, -31.02460913952721], [-56.569349023101516, -31.03082741483816], [-56.564006720439174, -31.029821970933217], [-56.560318101142336, -31.024038964826495], [-56.56665569423279, -31.016626365331337], [-56.567318696820394, -31.011171944521575], [-56.56360245425988, -31.006405659223024], [-56.55998559836377, -31.004735024074858], [-56.549730536227734, -31.00451522641694], [-56.54113424356216, -30.99681177902517], [-56.53224760834161, -30.996211229008015], [-56.52874886954438, -30.997297309210495], [-56.526932079618035, -30.988954941261035], [-56.52392573718893, -30.986928101040768], [-56.516603972437615, -30.98705778721215], [-56.509062757913235, -30.971460418822545], [-56.50114429604935, -30.971377835066406], [-56.49194367083039, -30.968949625737615], [-56.489746722629455, -30.96694435558891], [-56.46902653320123, -30.961397076570954], [-56.46163063183028, -30.958158034994774], [-56.46071039684162, -30.954608105503702], [-56.452988253677766, -30.944565238342168], [-56.44812749033661, -30.94227936946386], [-56.44644521763167, -30.937400549913797], [-56.4466202808792, -30.932779005147626], [-56.44402431699212, -30.929948470607275], [-56.4466797039183, -30.92629199363011], [-56.44981778081974, -30.91783464047544], [-56.452177915689695, -30.916312153811052], [-56.45525125796823, -30.91011062929747], [-56.45430043501267, -30.905310796080638], [-56.4519975911411, -30.901863012022414], [-56.43818617546527, -30.895248914180165], [-56.42877802609906, -30.892543162601886], [-56.417823389821336, -30.88316093811785], [-56.405265544056334, -30.877973603161223], [-56.399611330033174, -30.87900110819254], [-56.39499950884462, -30.88499778898795], [-56.38672332608014, -30.888180521791124], [-56.37611472561242, -30.895702006554863], [-56.37018553646692, -30.89616789292852], [-56.365186508629336, -30.89991268546798], [-56.35533898974246, -30.899798082652435], [-56.35306822744044, -30.901357795064108], [-56.353018389075004, -30.904851236686422], [-56.348192182928436, -30.91095783658484], [-56.3421115665089, -30.91471406028637], [-56.33844825108913, -30.91189891179317], [-56.32749063563585, -30.911006635774], [-56.32596075699339, -30.912815152759926], [-56.32076065136949, -30.912364450996993], [-56.31148615098764, -30.917354756175527], [-56.30941295705227, -30.92040137761819], [-56.293478589524504, -30.924164422405255], [-56.283702135052735, -30.923201192523933], [-56.27811887155375, -30.919133512994794], [-56.27352146663136, -30.918852596964797], [-56.27035833009658, -30.9157880080328], [-56.26196129109559, -30.915732779071277], [-56.2590485070831, -30.91684388651165], [-56.25770798556336, -30.92258819039817], [-56.255170155059254, -30.92589935434455], [-56.24668716024866, -30.925281278118085], [-56.243041837610086, -30.92617734744728], [-56.22821809834397, -30.935583544146617], [-56.218838753592884, -30.93907372416077], [-56.20656304715716, -30.93743384054297], [-56.203478265898326, -30.93486201984273], [-56.197567593486745, -30.934580688261114], [-56.19647747876405, -30.93193722508354], [-56.19335950016455, -30.931527216815528], [-56.18793047808969, -30.933471010096717], [-56.184850449556336, -30.931972354306556], [-56.180645833278206, -30.932208645741973], [-56.1757671537152, -30.93417413885146], [-56.174414365778674, -30.93810927373582], [-56.16421633313042, -30.946948548547137], [-56.158205067881, -30.947386267672464], [-56.14305819361881, -30.953767488220933], [-56.141325607805776, -30.955824067886276], [-56.141000020319105, -30.958692454399436], [-56.143449664958794, -30.96806787309256], [-56.14119495716144, -30.977310792112824], [-56.14290481606314, -30.99728421414754], [-56.125871149497705, -30.998192767811044], [-56.11865137451382, -31.000343754050263], [-56.11465766063824, -30.999194544360456], [-56.10333223976217, -31.004311588916952], [-56.09938250490262, -31.008044320547057], [-56.091085742751154, -31.011208236199394], [-56.08442010687892, -31.010515479138814], [-56.08086477124778, -31.01209573485415], [-56.075075106962565, -31.03034886030758], [-56.071340068171125, -31.03326583307192], [-56.070638334187365, -31.04340971756794], [-56.06790777737772, -31.0465603464283], [-56.06142633251571, -31.047281250673077], [-56.050165428971475, -31.050811207599185], [-56.04692486888085, -31.054214507976635], [-56.03805397076513, -31.058380540398595], [-56.03406598952149, -31.064657479090545], [-56.02138526908917, -31.070766554685292], [-56.019214025817426, -31.07552613334225], [-56.01136458184539, -31.07825118893277], [-56.00950607860969, -31.082325332399016], [-56.01428025258634, -31.087824293201834], [-56.014644695967505, -31.1009042107444], [-56.017278710927464, -31.10925777126729], [-56.02517164729169, -31.118104772351188], [-56.0341475684154, -31.125256439119998], [-56.05112477989675, -31.133217448171624], [-56.05471740106642, -31.138925368868023], [-56.05514304745226, -31.14172206433429], [-56.06071649346488, -31.151676735508527], [-56.058989315411914, -31.155062621447573], [-56.047657572316446, -31.16428232982158], [-56.046997377077936, -31.167263142766004], [-56.057867244426106, -31.169080767668948], [-56.06210427574184, -31.168595107074907], [-56.06920033267554, -31.172928240665208], [-56.07376212448426, -31.181915706135978], [-56.06900386851821, -31.186360035576275], [-56.070485652229046, -31.189900335394103], [-56.07089513169506, -31.199000450446974], [-56.07859841212207, -31.20505444019938], [-56.08486946567152, -31.20719859713966], [-56.09043528279885, -31.206211103935342], [-56.103814105450084, -31.206810343585826], [-56.11876989197194, -31.214165994310246], [-56.12834147024851, -31.215116532251123], [-56.13674056844911, -31.219025793888964], [-56.142329968563594, -31.219922421419724], [-56.14960171541551, -31.22676146457884], [-56.1527727074766, -31.23348946060267], [-56.15273690761661, -31.236124676543874], [-56.17200515729112, -31.240715012704534], [-56.1765042337067, -31.240149394921804], [-56.18187421258889, -31.244185069820006], [-56.183185275755775, -31.2478457922594], [-56.17918968775806, -31.255281894821344], [-56.17969714582982, -31.25919800376732], [-56.16471852525239, -31.26891444714893], [-56.161861124235884, -31.27257946987802], [-56.15834427416743, -31.27350747217677], [-56.15409681656434, -31.281957282885788], [-56.15752048830721, -31.29455840730676], [-56.1574500255032, -31.29959001440161], [-56.15377358389438, -31.302283272345502], [-56.17622187406252, -31.318548164839378], [-56.18035264375322, -31.322261524767143], [-56.181260572130746, -31.325523469981537], [-56.18530252080048, -31.330271746531874], [-56.18560115796295, -31.334155020417114], [-56.180106573443, -31.34839100894624], [-56.17645796983315, -31.354243321817524], [-56.173938609976204, -31.363782283192386], [-56.17444842015303, -31.36779164583603], [-56.198627095854775, -31.38653538020078], [-56.2013819362956, -31.40228349159636], [-56.205566039553666, -31.40331065952427], [-56.21148063476139, -31.407285161893128], [-56.21217058147322, -31.41039660830652], [-56.21619164462343, -31.415058664368733], [-56.2144604170985, -31.417828184882186], [-56.218729204556176, -31.421040485147564], [-56.22354983675349, -31.4217855792818], [-56.22896922094405, -31.427989455279754], [-56.236804368093516, -31.427117908078703], [-56.24548832693774, -31.43160573409098], [-56.25266687060948, -31.431191706832696], [-56.25420308717326, -31.42939305435745], [-56.25690067577345, -31.431151273504778], [-56.25791580816748, -31.437142826042678], [-56.259986188940715, -31.438903216601872], [-56.25962249660806, -31.44190400626878], [-56.25806689347786, -31.443270612706648], [-56.254915532653584, -31.442936182615565], [-56.25421018994767, -31.44945379981526], [-56.251866022421964, -31.451526877572764], [-56.25218712093591, -31.453259815594535], [-56.26541716855218, -31.459987600638428], [-56.270820745849086, -31.460638048571486], [-56.28062326969951, -31.46525231076556], [-56.29708639696446, -31.48011525254431], [-56.29808477411163, -31.48276271536162], [-56.31175502259526, -31.488192248095867], [-56.31452535759777, -31.493303042039624], [-56.313234414127265, -31.49606246825991], [-56.31623662719412, -31.50068809418538], [-56.32173496803365, -31.505604861428647], [-56.3218716295978, -31.50824013937841], [-56.32016866153656, -31.51025673975865], [-56.321325511615925, -31.523624024008992], [-56.32397110307822, -31.528791955052217], [-56.32723086575923, -31.530788219000943], [-56.32878057849374, -31.5335644247004], [-56.32870904826228, -31.53651134246236], [-56.324578627680864, -31.540615526778463], [-56.32351680435891, -31.54440730519842], [-56.32885116379027, -31.54608583145794], [-56.33585978586082, -31.550792355774306], [-56.336146429501326, -31.553485641304302], [-56.33443499952758, -31.554790333108034], [-56.33423937354297, -31.55896288577429], [-56.33752656275029, -31.563750030318136], [-56.34413323558926, -31.566659252459075], [-56.353866786957994, -31.56855493973582], [-56.35394384003167, -31.572410493656427], [-56.35853533488311, -31.574741950926644], [-56.3592887479617, -31.576986403406693], [-56.362483763640626, -31.579598889142122], [-56.36278721569707, -31.581245032931452], [-56.35897198912885, -31.58746455393318], [-56.361083939935696, -31.5916988811958], [-56.36560200843101, -31.593850748057104], [-56.366539600908894, -31.59956631511901], [-56.36466655755769, -31.60343928193693], [-56.36133633740759, -31.605309002509756], [-56.35289757294197, -31.613848087388384], [-56.352958699483935, -31.616919902764376], [-56.35166231266668, -31.618800205292388], [-56.34354188764515, -31.620303599389405], [-56.338207028196905, -31.619321379911497], [-56.3373794277847, -31.62655637662133], [-56.33156402777403, -31.62653749115509], [-56.33031212968194, -31.62878420420846], [-56.3389583302426, -31.632529366151516], [-56.339272955179496, -31.63412499925975], [-56.33731031578578, -31.63617510122717], [-56.33316663945589, -31.63827939043955], [-56.337652045530945, -31.64846327336573], [-56.33794627341395, -31.65681354654225], [-56.347427981207545, -31.66786160025863], [-56.336911204880806, -31.676755596461422], [-56.337872919499674, -31.68389008305829], [-56.33571160004752, -31.688199955337673], [-56.323503868513285, -31.691190854865294], [-56.31584361427814, -31.69735600971228], [-56.31264726438799, -31.705283657972974], [-56.30994199695798, -31.718452774173997], [-56.307867377418276, -31.720044003717636], [-56.306336335185215, -31.736473158606813], [-56.30335753733136, -31.74150080809787], [-56.305753624876345, -31.74494518230152], [-56.30840972505689, -31.745290406925598], [-56.32244783954593, -31.745658411709755], [-56.3310760405624, -31.74452507258479], [-56.34283152849138, -31.751216358827243], [-56.35584995611145, -31.753472703727944], [-56.35778980593123, -31.75976240593959], [-56.36208697093377, -31.76258785509208], [-56.366615996703985, -31.76439629154804], [-56.384820793853244, -31.766548845012178], [-56.38741403396055, -31.76791446421212], [-56.392838662455006, -31.774638425148805], [-56.38906757695166, -31.797264684931925], [-56.395625864864456, -31.801341683367042], [-56.39778903221324, -31.804785348646465], [-56.41504978603792, -31.812110800856967], [-56.41246720796776, -31.82114839574863], [-56.41416347119851, -31.8292506398989], [-56.41696516836114, -31.831676307233728], [-56.43160627423689, -31.83148250993515], [-56.438191338688306, -31.833540043977532], [-56.442907178567445, -31.84351168968246], [-56.44424766958771, -31.848949907271486], [-56.443571053050356, -31.85433714272525], [-56.44985206891122, -31.867510751386195], [-56.456653734857916, -31.8699137515054], [-56.474384314672626, -31.86921146484061], [-56.47760928509135, -31.860876785945443], [-56.483822809227156, -31.858352229698138], [-56.494829648124245, -31.860717432739616], [-56.49743665759934, -31.86274666652706], [-56.50444204188389, -31.858903139206337], [-56.5082355907579, -31.86162252832249], [-56.524554923624045, -31.86012019099825], [-56.52661049884346, -31.86193369178267], [-56.52970714840732, -31.862065874737873], [-56.53751178101368, -31.86064748437005], [-56.53721478732824, -31.85221280231597], [-56.540984491934, -31.848161540635893], [-56.54956739109036, -31.851844672550296], [-56.551333019445295, -31.85382541129164], [-56.555708850921285, -31.854048380818956], [-56.56083842623676, -31.851362925986578], [-56.567047776590385, -31.849998195200122], [-56.5773922559516, -31.843381180441572], [-56.58124885550568, -31.83970710535818], [-56.58430879411509, -31.833797778616663], [-56.59011914882213, -31.831790528626748], [-56.595472387983214, -31.832401034972516], [-56.61071640994412, -31.8408393579247], [-56.61856948754692, -31.839887262934774], [-56.62534483662602, -31.83715309711344], [-56.63177470344433, -31.83855714361813], [-56.642553122384925, -31.83757360917987], [-56.64768330479358, -31.838915891006142], [-56.657284443794424, -31.83181583979857], [-56.66063959342963, -31.826717161414752], [-56.66410263488653, -31.82532729857625], [-56.667832201849556, -31.825084670545333], [-56.67322491657213, -31.830334105880777], [-56.67905694897645, -31.832631896029223], [-56.69946147803086, -31.82263975292709], [-56.706496183800795, -31.815256290983687], [-56.7126658484376, -31.81311215360589], [-56.71229178421555, -31.80956648595713], [-56.719484168908835, -31.807994009862785], [-56.73371649929656, -31.798125494560928], [-56.73954522141341, -31.79843799618637], [-56.74118201080077, -31.800860130203834], [-56.74517652218435, -31.80271170879233], [-56.750281287503945, -31.809505766105715], [-56.754439102152915, -31.80976431499908], [-56.758313401488486, -31.807200681576855], [-56.76739365933147, -31.795344430756952], [-56.77541831744753, -31.792825230930994], [-56.77555975357771, -31.78776718189021], [-56.77842843214696, -31.782500002607968], [-56.77952494934332, -31.770350412029224], [-56.78638270737411, -31.759839999574282], [-56.7960252659924, -31.7523962788995], [-56.80521087480026, -31.74919894927134], [-56.82124941058179, -31.745957433897843], [-56.8218691673176, -31.740351193664083], [-56.81901692351633, -31.736461064418602], [-56.81875919543038, -31.731927634099836], [-56.824838978389835, -31.72654301873221], [-56.833333445812116, -31.723183983459144], [-56.836155982216575, -31.72349780767935], [-56.84056869689436, -31.728692167614632], [-56.84492714779156, -31.729205405876584], [-56.84876077915702, -31.727466241143986], [-56.85678953148841, -31.72984697836677], [-56.864245115986236, -31.724174673372715], [-56.88020654302208, -31.71945810914781], [-56.89231158046874, -31.713176658637387], [-56.898183027068455, -31.708235039853804], [-56.90042932217894, -31.704658451336226], [-56.90758166078187, -31.702551122292636], [-56.910609514198235, -31.703503020314994], [-56.91764578296014, -31.700417907651683], [-56.93420835227216, -31.70240598610235], [-56.939129223298764, -31.705030020159644], [-56.942141109551415, -31.70464735621153], [-56.944153589995786, -31.699115654668322], [-56.95248867454658, -31.69183726924778], [-56.96281569259291, -31.677603666352535], [-56.975560020272646, -31.673929662434507], [-56.9803033838601, -31.670773319428488], [-56.985589971367034, -31.669479283066494], [-56.995022867830464, -31.659075424399894], [-57.00032000530308, -31.65866998717362], [-57.00382261596062, -31.653672446909567], [-57.00237643338327, -31.649326533153566], [-57.00348162552107, -31.64657166788539], [-57.00824964793618, -31.64591674233355], [-57.015664477894006, -31.64740852572095], [-57.022893684530565, -31.647227316608767], [-57.02925612131965, -31.64949737684481], [-57.035562154122246, -31.648634479830058], [-57.041111117045254, -31.65356651595309], [-57.051772125638394, -31.657819909134098], [-57.06270746162074, -31.659223957233543], [-57.07069596111081, -31.650340710128702], [-57.09246471471974, -31.64585353859771], [-57.0982860495287, -31.642498868663306], [-57.11399837453851, -31.639586539475395], [-57.119970965890666, -31.635612076020227], [-57.12127546297239, -31.632308236600345], [-57.12961204294042, -31.626530279999283], [-57.132201011667554, -31.625880794520306], [-57.1394978282493, -31.627405151769892], [-57.14639585655986, -31.630089355737212], [-57.151775093103005, -31.628342882817545], [-57.17032135619006, -31.631524405527337], [-57.18012847369306, -31.623302071886116], [-57.18629630651651, -31.62199965787009], [-57.18960557320942, -31.619280302202423], [-57.189129848399126, -31.603309026084084], [-57.20251094321456, -31.59489254924082], [-57.21107637809283, -31.594015246488674], [-57.218933071017645, -31.59041693423269], [-57.22080684264405, -31.57045171688269], [-57.22345409119408, -31.5670548719822], [-57.2239040263744, -31.56376850305566], [-57.22888002921803, -31.562286293192496], [-57.227048304636135, -31.556885384578145], [-57.22701976149073, -31.549538308753746], [-57.228114196007674, -31.541856427750893], [-57.23163834702659, -31.536673673179006], [-57.2311927227908, -31.527890407279678], [-57.24082559032761, -31.515124982758884], [-57.24420887724795, -31.513606990620673], [-57.24550355556348, -31.51116700821101], [-57.26256455758901, -31.511710691060976], [-57.264757231130886, -31.50728916879778], [-57.26832314515668, -31.504756281940665], [-57.272651344588915, -31.49670104774894], [-57.27251435402405, -31.49345554322113], [-57.278911186752815, -31.491239715871068], [-57.27960635248595, -31.487807656021964], [-57.286091139030674, -31.477040492024724], [-57.284203817446134, -31.47152714787514], [-57.28774008723339, -31.46850730925357], [-57.302665184281075, -31.462687736889645], [-57.301964421005266, -31.454522357054845], [-57.30744245827626, -31.445856514533514], [-57.31653966206221, -31.440211394229273], [-57.32098322286835, -31.439389171044365], [-57.324407814470035, -31.436370326571698], [-57.32478583291488, -31.42806610662803], [-57.32729192191689, -31.424669049796563], [-57.335586591886056, -31.41906548513231], [-57.33416300544994, -31.414288363363386], [-57.335454158412304, -31.406713164724298], [-57.34187939089301, -31.400174113325424], [-57.33976586063358, -31.389717579750343], [-57.35002969581355, -31.377592552495983], [-57.35414935039539, -31.37613545703474], [-57.35812340635729, -31.36703417276047], [-57.364732180909456, -31.36624346343274], [-57.37080831665555, -31.36003593106854], [-57.37583807627479, -31.352400699462454], [-57.37640869271443, -31.347472005313485], [-57.381517739620406, -31.34681530887017], [-57.38430796103945, -31.34483919215168], [-57.38880042267528, -31.345161859553187], [-57.400525632807316, -31.338174352719534], [-57.41810428600632, -31.33171715872708], [-57.41901015934428, -31.32629607882005], [-57.42500450013206, -31.32376491048149], [-57.427312084080604, -31.320683832051966], [-57.43155724363914, -31.320014417149114], [-57.43146550057518, -31.31469430990684], [-57.435021532189566, -31.312060338964965], [-57.4377000189669, -31.30339067654159], [-57.44025558632068, -31.300312850683675], [-57.46089717261146, -31.292323642182932], [-57.46790682809104, -31.291167432072033], [-57.47978968743307, -31.28067440369416], [-57.49938202448727, -31.27461936899181], [-57.505493004889644, -31.27120030118477], [-57.50989807051346, -31.266167353863835], [-57.51302376730932, -31.259234476447602], [-57.51937684945178, -31.250538028497825], [-57.51857327641889, -31.246109806405677], [-57.523215721022154, -31.240010647089587], [-57.533998449003384, -31.229784461422415], [-57.53396060045684, -31.22299808200082], [-57.52855583628173, -31.20416079438262], [-57.53232600841254, -31.195675996838713], [-57.5366809972953, -31.194776356577155], [-57.54339737618589, -31.182156129910535], [-57.54641952542446, -31.17893787534955], [-57.559797886057886, -31.181959439601865], [-57.56527066788069, -31.178981541285115], [-57.57869054528553, -31.178796739070673], [-57.583905300078705, -31.17606118425629], [-57.587716321104075, -31.17556440239713], [-57.592895503860724, -31.17096463302577], [-57.59737922727182, -31.173299113123925], [-57.60187562051092, -31.170839213875652], [-57.605961924131385, -31.163457748885055], [-57.61147363510155, -31.159784730289584], [-57.61213864070672, -31.15675690229564], [-57.61601974052978, -31.15457152626922], [-57.61550371165058, -31.14916331863924], [-57.62590366553136, -31.142446648213422], [-57.63084725772324, -31.136517084265797], [-57.6367269959337, -31.12269693241943], [-57.63951900525823, -31.120590981636653], [-57.65510341278236, -31.12072259212783], [-57.66896528339189, -31.116831401411996], [-57.67723247465677, -31.11258957324693], [-57.682792572584795, -31.107669649477064], [-57.68498923459206, -31.10306590827222], [-57.68290254125499, -31.097738031080215], [-57.68876161791365, -31.091530735981816], [-57.690535739913585, -31.08315714978238], [-57.692729239121796, -31.079646802490238], [-57.70311374003651, -31.073511490285238], [-57.718185283277954, -31.067444849499363], [-57.72470328078512, -31.062060949582563], [-57.728177913966526, -31.050044254686796], [-57.73266173000699, -31.04802938742429], [-57.73168688702937, -31.031766300274644], [-57.739301270655616, -31.024834920051312], [-57.739510768183, -31.010563231689787], [-57.74133732219085, -31.005744086955865], [-57.745796207573356, -31.002616182210655], [-57.744261193437936, -30.998604662536085], [-57.7510422597715, -30.99057219205634], [-57.74990666807647, -30.982380920146703], [-57.755947203900156, -30.977698415998677], [-57.764295307008354, -30.975345701257897], [-57.768680662831734, -30.96874003254727], [-57.777964470644726, -30.964841818530406], [-57.79017841329206, -30.962149969273245], [-57.79494485882808, -30.95845920794235], [-57.799598828863104, -30.95713513604335], [-57.7989727340837, -30.950327721682395], [-57.80042699592505, -30.942653359134727], [-57.79866633795675, -30.94052853248436], [-57.795268075977276, -30.921033830411798], [-57.78935910984276, -30.918594961672575], [-57.78294874600715, -30.918483401821053], [-57.779655363896744, -30.917099870975456], [-57.767429987535266, -30.91822555087043], [-57.759725872333114, -30.916991416560926], [-57.75803963310796, -30.91499024761506], [-57.75307052982785, -30.91337647089266], [-57.750881634436624, -30.909761414900046], [-57.74626352153184, -30.90611534183241], [-57.735603901812404, -30.91064988935445], [-57.73434794698579, -30.909672017320872], [-57.72849104281493, -30.910637752129464], [-57.72651813431772, -30.913842382184026], [-57.71985280232025, -30.916928353659443], [-57.71708591304873, -30.916279550090245], [-57.709985786383086, -30.917803353586336], [-57.70358709788826, -30.920685418411704], [-57.69773330294015, -30.919747142653375], [-57.69474466175321, -30.911812234012466], [-57.69126676771443, -30.907765170971484], [-57.68467210280812, -30.90600175337928], [-57.676356528296765, -30.90813735411161], [-57.67033819939121, -30.903652762495103], [-57.6639223138072, -30.901808193498514], [-57.65909520002235, -30.89846819789248], [-57.65279504835996, -30.89793869656037], [-57.64404354195273, -30.900775859329073], [-57.6371776411236, -30.898858870070324], [-57.63367242629522, -30.89410431731408], [-57.636409791186246, -30.89158584775685], [-57.62493454606821, -30.87758478321862], [-57.624437672378946, -30.866726308595247], [-57.61230101943832, -30.86619943044111], [-57.60914812757632, -30.870505462230202], [-57.59683988788642, -30.875248836692695], [-57.593952572800504, -30.879395849594136], [-57.58970041359222, -30.882631813132647], [-57.584584967069866, -30.882934942945717], [-57.57631690432513, -30.87793438614536], [-57.564714921736844, -30.87724074799482], [-57.55657271477679, -30.879056326212396], [-57.549551086931345, -30.873339669348336], [-57.50245740045372, -30.867148554851], [-57.48242195558822, -30.87725202703939], [-57.47917293170541, -30.88155628246586], [-57.47379962642859, -30.88255580820107], [-57.46031132665445, -30.876685204430615], [-57.45431323561744, -30.86746293662603], [-57.44790340333282, -30.865607395299968], [-57.44479706430025, -30.86781670292107], [-57.44164963639272, -30.872893687901616], [-57.44268397152778, -30.880862297742894]]]}}, {"id": "4", "type": "Feature", "properties": {"codcuenca": 14, "area": 1631, "nombre_cue": "RÍO URUGUAY entre Río Arapey Grande y Río Daymán", "cabecera": 10}, "geometry": {"type": "Polygon", "coordinates": [[[-57.86115922650074, -30.936480900457518], [-57.860860057824894, -30.93546855388206], [-57.85559760696726, -30.93981728410244], [-57.852037668964975, -30.93574418720941], [-57.84428408317527, -30.940041833217236], [-57.84196792519005, -30.94327940858825], [-57.83726896331481, -30.942199427618196], [-57.83570055825303, -30.938779728177508], [-57.8341561253576, -30.938461408748747], [-57.83208105162207, -30.9407482561517], [-57.83055841925057, -30.946407694634306], [-57.82551581032791, -30.942925195716988], [-57.8221006027138, -30.942194218354484], [-57.819882079236415, -30.94265270595119], [-57.817164354829536, -30.94623877641501], [-57.813701739280056, -30.94225323545654], [-57.808858106355174, -30.941742526271913], [-57.80802174432963, -30.945768030412673], [-57.80337717413455, -30.94126856585913], [-57.79872190973884, -30.940453809901875], [-57.80042699592505, -30.942653359134727], [-57.7989727340837, -30.950327721682395], [-57.799598828863104, -30.95713513604335], [-57.79494485882808, -30.95845920794235], [-57.79017841329206, -30.962149969273245], [-57.777964470644726, -30.964841818530406], [-57.768680662831734, -30.96874003254727], [-57.764295307008354, -30.975345701257897], [-57.755947203900156, -30.977698415998677], [-57.74990666807647, -30.982380920146703], [-57.7510422597715, -30.99057219205634], [-57.744261193437936, -30.998604662536085], [-57.745796207573356, -31.002616182210655], [-57.74133732219085, -31.005744086955865], [-57.739510768183, -31.010563231689787], [-57.739301270655616, -31.024834920051312], [-57.73168688702937, -31.031766300274644], [-57.73266173000699, -31.04802938742429], [-57.728177913966526, -31.050044254686796], [-57.72470328078512, -31.062060949582563], [-57.718185283277954, -31.067444849499363], [-57.70311374003651, -31.073511490285238], [-57.692729239121796, -31.079646802490238], [-57.690535739913585, -31.08315714978238], [-57.68876161791365, -31.091530735981816], [-57.68290254125499, -31.097738031080215], [-57.68498923459206, -31.10306590827222], [-57.682792572584795, -31.107669649477064], [-57.67723247465677, -31.11258957324693], [-57.66896528339189, -31.116831401411996], [-57.65510341278236, -31.12072259212783], [-57.63951900525823, -31.120590981636653], [-57.6367269959337, -31.12269693241943], [-57.63084725772324, -31.136517084265797], [-57.62590366553136, -31.142446648213422], [-57.61550371165058, -31.14916331863924], [-57.61601974052978, -31.15457152626922], [-57.61213864070672, -31.15675690229564], [-57.61147363510155, -31.159784730289584], [-57.605961924131385, -31.163457748885055], [-57.60187562051092, -31.170839213875652], [-57.59737922727182, -31.173299113123925], [-57.592895503860724, -31.17096463302577], [-57.587716321104075, -31.17556440239713], [-57.583905300078705, -31.17606118425629], [-57.57869054528553, -31.178796739070673], [-57.56527066788069, -31.178981541285115], [-57.559797886057886, -31.181959439601865], [-57.54641952542446, -31.17893787534955], [-57.54339737618589, -31.182156129910535], [-57.5366809972953, -31.194776356577155], [-57.53232600841254, -31.195675996838713], [-57.52855583628173, -31.20416079438262], [-57.53396060045684, -31.22299808200082], [-57.533998449003384, -31.229784461422415], [-57.523215721022154, -31.240010647089587], [-57.51857327641889, -31.246109806405677], [-57.51937684945178, -31.250538028497825], [-57.51302376730932, -31.259234476447602], [-57.50989807051346, -31.266167353863835], [-57.505493004889644, -31.27120030118477], [-57.49938202448727, -31.27461936899181], [-57.47978968743307, -31.28067440369416], [-57.46790682809104, -31.291167432072033], [-57.46089717261146, -31.292323642182932], [-57.44025558632068, -31.300312850683675], [-57.4377000189669, -31.30339067654159], [-57.435021532189566, -31.312060338964965], [-57.43146550057518, -31.31469430990684], [-57.43155724363914, -31.320014417149114], [-57.427312084080604, -31.320683832051966], [-57.42500450013206, -31.32376491048149], [-57.41901015934428, -31.32629607882005], [-57.41810428600632, -31.33171715872708], [-57.400525632807316, -31.338174352719534], [-57.38880042267528, -31.345161859553187], [-57.38430796103945, -31.34483919215168], [-57.381517739620406, -31.34681530887017], [-57.37640869271443, -31.347472005313485], [-57.37583807627479, -31.352400699462454], [-57.37080831665555, -31.36003593106854], [-57.364732180909456, -31.36624346343274], [-57.35812340635729, -31.36703417276047], [-57.35414935039539, -31.37613545703474], [-57.35002969581355, -31.377592552495983], [-57.34215454711945, -31.385735138722634], [-57.33976586063358, -31.389717579750343], [-57.34187939089301, -31.400174113325424], [-57.335454158412304, -31.406713164724298], [-57.33416300544994, -31.414288363363386], [-57.335586591886056, -31.41906548513231], [-57.32729192191689, -31.424669049796563], [-57.32478583291488, -31.42806610662803], [-57.324407814470035, -31.436370326571698], [-57.32098322286835, -31.439389171044365], [-57.31653966206221, -31.440211394229273], [-57.30744245827626, -31.445856514533514], [-57.30368397073349, -31.450428537836487], [-57.301964421005266, -31.454522357054845], [-57.302665184281075, -31.462687736889645], [-57.308302238805005, -31.46398470986803], [-57.314080528344455, -31.462723060589358], [-57.31858761817751, -31.458389668596475], [-57.32955117115853, -31.455075571569914], [-57.336766685744415, -31.45806103136906], [-57.34180233741214, -31.453904696646422], [-57.35462256793244, -31.45353457539397], [-57.37058233294931, -31.447690533869007], [-57.38097583454062, -31.451918336152236], [-57.3863418691673, -31.452783217143352], [-57.3930887304617, -31.449994502765765], [-57.400824047248136, -31.449826707634998], [-57.40876132406733, -31.446262382317787], [-57.42299530863076, -31.443078962619904], [-57.42529792502809, -31.440962560652903], [-57.4430254305436, -31.436452488988177], [-57.455746716026, -31.42769414294999], [-57.46322219860472, -31.424459973000463], [-57.47666419343709, -31.42344700434805], [-57.48051859000731, -31.42562302885766], [-57.492267662015074, -31.426752330092892], [-57.4992709840728, -31.423021744668493], [-57.515172058484296, -31.422006431011308], [-57.530420055217895, -31.41891582543006], [-57.54184214744497, -31.41310574977254], [-57.545382432283795, -31.408543804730755], [-57.55402270543126, -31.404074029457064], [-57.56297732381928, -31.401251773117092], [-57.56729503750529, -31.397716605568274], [-57.5765542702844, -31.396130946225064], [-57.591092927328475, -31.396021690601305], [-57.59505147611138, -31.398758760900343], [-57.609415050575535, -31.398769884158984], [-57.61545500553345, -31.39325883042517], [-57.625465671641926, -31.394699029642382], [-57.634160257663176, -31.389827788938646], [-57.64254741785431, -31.391131782678453], [-57.65248495123827, -31.3891919567853], [-57.66240451011913, -31.3888929311712], [-57.66557299730459, -31.396218932206743], [-57.68097714427796, -31.400661065886844], [-57.6890817796869, -31.398856358497163], [-57.70300986917467, -31.398168735415087], [-57.708009143897456, -31.395526038166167], [-57.7088844409133, -31.392543327897783], [-57.72173015379157, -31.389301447459253], [-57.72830363344089, -31.38591201954138], [-57.729918201078064, -31.382516751933387], [-57.73374562009361, -31.381439149141965], [-57.739982503185594, -31.38059910442977], [-57.7441288695926, -31.382061250906574], [-57.75025928033021, -31.38789057335156], [-57.75632139934729, -31.388055837885034], [-57.75910558683131, -31.386969929038504], [-57.761549076621385, -31.382999796950717], [-57.76915907922946, -31.380322890813286], [-57.77245600995881, -31.381146976833552], [-57.774169017010045, -31.379724313054535], [-57.77478680225523, -31.37629547802464], [-57.778188020748566, -31.373433936368595], [-57.790832918232, -31.369787040764155], [-57.79519364807063, -31.37252835734074], [-57.79813331120447, -31.37613184362418], [-57.800186199726596, -31.381841804313105], [-57.80778149070278, -31.388223243034826], [-57.81729587913621, -31.38988202000998], [-57.82727039358079, -31.382018176703866], [-57.843911820341866, -31.378829601448686], [-57.84668985330985, -31.380425755132695], [-57.85038780315578, -31.378440890929117], [-57.85759215374156, -31.373332730583932], [-57.85771647387276, -31.3691235508164], [-57.860203721559934, -31.368209652972684], [-57.86418452585661, -31.362045993341553], [-57.871593623002305, -31.360100763599135], [-57.87924612256249, -31.363853867569215], [-57.894787738149375, -31.362914115441473], [-57.89578223617972, -31.365490471722772], [-57.898205272414316, -31.36518571254344], [-57.89994901107338, -31.368906125937507], [-57.89995712811846, -31.372460467825494], [-57.90167415972546, -31.37458041751472], [-57.9066084714175, -31.372913155326014], [-57.90818518692129, -31.376498814844783], [-57.90478052658321, -31.38785180750573], [-57.90402373234226, -31.39542762597502], [-57.912268391828064, -31.40010741961941], [-57.91398809425119, -31.404582152344442], [-57.919418396893214, -31.405704943686892], [-57.92196028699906, -31.407802568264906], [-57.92218593652656, -31.410437786046906], [-57.92760056190788, -31.410847246955367], [-57.9424092882512, -31.425369240913984], [-57.95738234739299, -31.433101021107923], [-57.965702365924884, -31.433472726401913], [-57.968662352789806, -31.43169803674876], [-57.97083233869402, -31.432017883077968], [-57.972434578447, -31.434249070981963], [-57.981274582368066, -31.438597373279002], [-57.9817194960932, -31.44163947492051], [-57.98937500451951, -31.444799246689918], [-57.99235418798356, -31.448118957353635], [-57.996404197650875, -31.457198530428162], [-58.00107046117923, -31.460569308841034], [-58.02043343162099, -31.467778727872567], [-58.02757632976702, -31.472871072486843], [-58.03913260999223, -31.47844761208953], [-58.039654691402674, -31.480521755661204], [-58.04647477588036, -31.486079048317293], [-58.04723031452955, -31.489831456635823], [-58.046323380652595, -31.49367011523567], [-58.0330201520404, -31.503911118994512], [-58.05254485905226, -31.498447940889534], [-58.05267976464619, -31.493982878846698], [-58.05330937605435, -31.49829924296671], [-58.061489999243186, -31.496333744458692], [-58.06779182642453, -31.49239059787178], [-58.07451568240851, -31.484608073754547], [-58.07539246666365, -31.47954381509592], [-58.07763668693474, -31.477520482647957], [-58.078377824736435, -31.473378199090515], [-58.07580455921847, -31.459630275683537], [-58.0720650938602, -31.45372843193166], [-58.061824299570375, -31.444641784250134], [-58.04798258606483, -31.435265899394132], [-58.03948583608559, -31.43169131113156], [-58.024206751294514, -31.4222657109094], [-58.00079591576053, -31.411562656232274], [-57.98736451629754, -31.397655870283856], [-57.981755150554264, -31.395073786719657], [-57.97514538837273, -31.388748811553327], [-57.97440075199475, -31.38283179417954], [-57.97625641800729, -31.37859610609924], [-57.98101912140717, -31.373240878518814], [-57.985537884831565, -31.359640117891495], [-57.98194252666222, -31.35045103420236], [-57.982262814676545, -31.34430575424118], [-57.978071863749115, -31.334297180812584], [-57.977610279226035, -31.32337769765991], [-57.97472163680753, -31.318332669974087], [-57.958145139372036, -31.304322122761793], [-57.947781724097226, -31.29184640911958], [-57.937175981542325, -31.283394975349516], [-57.93265463413607, -31.277014600211906], [-57.92545604252224, -31.280406795212233], [-57.92417532361624, -31.278534594780016], [-57.92194037516282, -31.27951823727229], [-57.91859972266849, -31.27894225959391], [-57.91832370343812, -31.27739603263755], [-57.9223824702364, -31.274416805085536], [-57.92388979111253, -31.27141655715954], [-57.919691614658056, -31.2714408271192], [-57.91749464191812, -31.274118803111094], [-57.91591547677867, -31.272972725661816], [-57.91472338277297, -31.27458822213385], [-57.91305940781213, -31.274345123454278], [-57.912776908478925, -31.272032611534513], [-57.91446310561368, -31.27139176353998], [-57.91368397060615, -31.26940299433079], [-57.91583024225049, -31.267744745779705], [-57.90913075065657, -31.266204958293873], [-57.913837138629916, -31.264504683242706], [-57.9107732903385, -31.262192818223948], [-57.90984930119914, -31.25981870184684], [-57.91245555919725, -31.259027528694542], [-57.914077544441966, -31.256458280174684], [-57.90931240415323, -31.255499736121955], [-57.91002040733028, -31.256660218281265], [-57.908664214440854, -31.256556257079886], [-57.90680113860204, -31.26056297356409], [-57.903286374502926, -31.26062056491831], [-57.90493696748445, -31.259800103566263], [-57.904348586843284, -31.257880270538685], [-57.90748081779563, -31.253365899674545], [-57.90737624311065, -31.250076692845248], [-57.905790036996535, -31.249534675222158], [-57.90378088212248, -31.25357981016238], [-57.9026688271192, -31.251704604104592], [-57.8998892026285, -31.253192660027718], [-57.902142806767664, -31.248332120683198], [-57.90083102584355, -31.246910974255872], [-57.89838815581452, -31.24938527715174], [-57.89772617473573, -31.25266898518274], [-57.89603207475952, -31.25199336438464], [-57.89388330250315, -31.254489837673614], [-57.89305996035287, -31.2537999845828], [-57.8954768690529, -31.249189347610514], [-57.89294161206392, -31.248437235197578], [-57.891303461410814, -31.25029420941245], [-57.89053386784897, -31.247755127274132], [-57.88882408286068, -31.247314085393587], [-57.89195907392947, -31.24433279809894], [-57.89459553231251, -31.244920991338056], [-57.89282588013492, -31.2431916503851], [-57.89346994175622, -31.241468068081613], [-57.89668366657012, -31.24206484823623], [-57.895913612748394, -31.239507772673228], [-57.89751254969781, -31.240635768921347], [-57.90643657078036, -31.238479188083865], [-57.90614539050009, -31.23576105387758], [-57.902130526675606, -31.238306252477496], [-57.89969040452842, -31.238048603955175], [-57.89999370606399, -31.235158444300218], [-57.90314292988108, -31.23285288702476], [-57.9027424755833, -31.2313537232238], [-57.895291217217476, -31.235081914076048], [-57.89418626866078, -31.23113275775466], [-57.8952007143915, -31.22955640904053], [-57.89971338259485, -31.228653277452192], [-57.899201121284875, -31.22541578431286], [-57.89540663149032, -31.223674432944918], [-57.89263518652266, -31.225026939655027], [-57.89137620859716, -31.227409697958233], [-57.886738248290776, -31.228819484397096], [-57.88785449749, -31.231866901913932], [-57.88653296311612, -31.233799817457978], [-57.88810628704992, -31.23758816055273], [-57.884839715867784, -31.236964967778476], [-57.88199864557487, -31.23899461008452], [-57.88206727548702, -31.242122156536727], [-57.88041761649958, -31.24106691518334], [-57.877332582239106, -31.241549601881033], [-57.88001262667288, -31.236953015214727], [-57.88206678216352, -31.235882879315295], [-57.88171027083893, -31.23063214177518], [-57.87758022431779, -31.228895695215023], [-57.87599660670649, -31.231806507546647], [-57.87501418709107, -31.230064185037097], [-57.87325602827614, -31.230272881264007], [-57.86937606464259, -31.233743583272528], [-57.86986588853487, -31.229741453460598], [-57.872216299381726, -31.226863435026885], [-57.87156569113637, -31.22493540547315], [-57.875775710744506, -31.225543720462053], [-57.87647045524639, -31.223729232220254], [-57.87885846328678, -31.224979974363286], [-57.881200348153925, -31.22268799984289], [-57.88069900774885, -31.220396949963675], [-57.87582261704143, -31.21905119451628], [-57.88183912532461, -31.215933440327483], [-57.881743820323635, -31.213978438005366], [-57.877826221274375, -31.21232869899284], [-57.882389375683346, -31.209928664117122], [-57.89268134538053, -31.189024026979745], [-57.892125871144394, -31.185228164862753], [-57.89040292237078, -31.183182411966115], [-57.89195005047273, -31.182003170962894], [-57.89094142017951, -31.18048678736447], [-57.893165983759616, -31.18007192761877], [-57.893546617358716, -31.178307546065735], [-57.887212010150236, -31.175408013637696], [-57.89017322107067, -31.175116502210578], [-57.889506240221216, -31.172440457600995], [-57.89175605560948, -31.174612912964985], [-57.894067843161295, -31.17340318396966], [-57.89361116696378, -31.166945884134897], [-57.89057761835112, -31.166318972674162], [-57.885794414086185, -31.169101502839368], [-57.882879860255436, -31.169121661743], [-57.88524881666062, -31.16717182204321], [-57.88389051128204, -31.16356021817181], [-57.88728167696563, -31.16520034336331], [-57.88731788106733, -31.16350467570486], [-57.88827800309725, -31.16425549260337], [-57.892514737244234, -31.162383400614928], [-57.89350693771745, -31.15982464751392], [-57.88394708143231, -31.15896093907389], [-57.88145158062433, -31.157513612941134], [-57.88476998433552, -31.157279578576592], [-57.88483985112965, -31.15568254381463], [-57.88870454035427, -31.155980543909465], [-57.887946407020046, -31.153919073349527], [-57.89023229501363, -31.155369678050842], [-57.89118674556874, -31.153478766522326], [-57.89369562662377, -31.15314945854683], [-57.89383114699536, -31.150730863519584], [-57.8883249127751, -31.148232601752426], [-57.89153064914917, -31.147657606854587], [-57.890880482931436, -31.14526079025486], [-57.89649658537344, -31.143230932668292], [-57.8969555231131, -31.141221820588886], [-57.88960418296903, -31.13677904005514], [-57.886510108419806, -31.137171839863555], [-57.883789699819516, -31.140272463330284], [-57.88191743541623, -31.139500289304895], [-57.88598320808711, -31.132735279641103], [-57.89547685354163, -31.131661464955595], [-57.89420199852996, -31.12849941194286], [-57.89553645269561, -31.126268684006934], [-57.89396661710714, -31.124941756192275], [-57.8938139339178, -31.122762265596815], [-57.88955565486614, -31.12118141651619], [-57.87640114416282, -31.126876170229227], [-57.88173779233876, -31.120721944869082], [-57.87924915458351, -31.117137526428394], [-57.883547070603704, -31.11815005000426], [-57.88622849705266, -31.11616811097453], [-57.88777944152219, -31.10802817868574], [-57.88584908644064, -31.10744632850108], [-57.88377801463008, -31.109535597945545], [-57.88257970333772, -31.105046741653723], [-57.87917252069711, -31.108816561638832], [-57.87754690086546, -31.107309986290403], [-57.87550679923675, -31.10746008385849], [-57.87044969750541, -31.110066076820452], [-57.87374298606655, -31.103449098583454], [-57.87549721565474, -31.102203624689377], [-57.873846209875786, -31.100003134836033], [-57.869423906930585, -31.09901028940373], [-57.86731676778848, -31.094607985957648], [-57.86043158011489, -31.08628779006633], [-57.86043719201008, -31.083149939337076], [-57.85790331435278, -31.080782999112547], [-57.85939011649323, -31.07928955247742], [-57.85826625240652, -31.07818043269302], [-57.85851493737524, -31.075137877480053], [-57.861686432969776, -31.074050287752044], [-57.86030315511602, -31.07305353137023], [-57.86144250085625, -31.07148446734524], [-57.86091670572677, -31.069933007429352], [-57.8578981018386, -31.06984597940485], [-57.856433147859796, -31.07234891579986], [-57.852035734446076, -31.071959142561155], [-57.856108275865594, -31.0665023341992], [-57.8587560241074, -31.066396964989895], [-57.85834346513694, -31.06231903916737], [-57.852240431770696, -31.06198352649489], [-57.84947685476826, -31.06498493139995], [-57.847264216867735, -31.0653536990839], [-57.84491058314572, -31.069412461859038], [-57.84439424527454, -31.063884446600103], [-57.83784863377265, -31.06784718959455], [-57.84003717115331, -31.06242063151002], [-57.836923021453195, -31.06127966860514], [-57.828512076023245, -31.063233632071352], [-57.83185522204748, -31.06036779460098], [-57.82656801600774, -31.059477200169013], [-57.824672710049896, -31.056531468852405], [-57.82623172961191, -31.055965980520735], [-57.82821551139833, -31.058143879361445], [-57.828372981469094, -31.056680701423897], [-57.830481704704546, -31.057341797964952], [-57.83210323622829, -31.054791588542784], [-57.83414220897222, -31.058573488621498], [-57.840974098737775, -31.057248287892193], [-57.84660085752481, -31.05932309619806], [-57.84857509812598, -31.058588449808227], [-57.847756713156905, -31.056076794839107], [-57.850281127166255, -31.055116987471635], [-57.852034934131865, -31.05143736194394], [-57.854663826604295, -31.053397191939002], [-57.85627397409386, -31.052785448401632], [-57.855174188014814, -31.046446268760658], [-57.84584499127435, -31.050922575624984], [-57.84976457993567, -31.047145486817072], [-57.849289540037205, -31.045502992210796], [-57.85243566305265, -31.042297146611663], [-57.85177431021415, -31.040756808089313], [-57.854708694160514, -31.03842889217153], [-57.854831822065165, -31.036849021072285], [-57.84464999967112, -31.038137890009875], [-57.84209332734355, -31.03953088852757], [-57.8408290966182, -31.039172196836336], [-57.84063265388238, -31.037326888521978], [-57.85230471921137, -31.032290766024317], [-57.851353659251, -31.030908312501996], [-57.84483704808409, -31.030723232412697], [-57.84333355835075, -31.028961753755347], [-57.846134928952985, -31.02923293900899], [-57.85040554940095, -31.026730642339995], [-57.8535696694638, -31.02780739982589], [-57.85472783997982, -31.0256700496158], [-57.853508736938636, -31.024968126642346], [-57.85326870807921, -31.022564501492976], [-57.85104025479833, -31.022149110743534], [-57.84926647004936, -31.01998624490741], [-57.846488897577196, -31.02228449349171], [-57.844563943203816, -31.019411640105037], [-57.84089281433779, -31.021543592759045], [-57.83930313552057, -31.0206400074567], [-57.84097889721438, -31.019197893045728], [-57.83898206143772, -31.017363005407653], [-57.84040784869394, -31.01549204742648], [-57.84129022188723, -31.016614195971307], [-57.84587908137456, -31.016775959921496], [-57.84649202377849, -31.014106321310646], [-57.85281509700495, -31.013618179069166], [-57.85256386292333, -31.01166555910227], [-57.84921178719274, -31.010095826501356], [-57.8536006902468, -31.007294015732274], [-57.850952060740056, -31.004838511750226], [-57.85346854651237, -31.003572233385235], [-57.85166387862427, -30.99897537420002], [-57.853555721769915, -30.997385406673363], [-57.8508100843594, -30.995274065978606], [-57.84701996796941, -30.9996261675882], [-57.84551531984908, -30.99582693803455], [-57.83806612199273, -30.9959718058337], [-57.83518753538889, -30.99694594200692], [-57.83393837184207, -30.999733765710513], [-57.83287265235361, -30.99686519843178], [-57.83115241347733, -30.996197987067507], [-57.82462541296497, -30.996399700645362], [-57.82848496854685, -30.99231764212124], [-57.83247418052925, -30.992390153273362], [-57.833191109778426, -30.990169763077024], [-57.83569385980766, -30.99220417500838], [-57.83828137236156, -30.990837890691797], [-57.83918869364984, -30.988226745607665], [-57.842430229209604, -30.990546906112844], [-57.844295224088995, -30.989660801481126], [-57.84518009887042, -30.986986857137964], [-57.848074215819054, -30.988717273515217], [-57.8483498660693, -30.985944771876206], [-57.85247147722455, -30.986348188692034], [-57.85284003184157, -30.983033201634797], [-57.85494526202202, -30.984577636682697], [-57.85661820688408, -30.984019016662693], [-57.856713144885916, -30.978688640058543], [-57.87078437186013, -30.975061919304785], [-57.87764354530406, -30.97100502547335], [-57.879779909332875, -30.964812271858378], [-57.876705977333984, -30.96249936533473], [-57.87883975096123, -30.958605914008448], [-57.876341783899136, -30.95582387086468], [-57.87920729290785, -30.952874418629847], [-57.87914478302068, -30.950954874615416], [-57.87469336536695, -30.949746063161736], [-57.874572889644796, -30.946592158390676], [-57.87273223808096, -30.94370930656381], [-57.87106322263135, -30.942473729805737], [-57.86790246834749, -30.942885017672147], [-57.8616357559435, -30.936520156688342], [-57.8620573238067, -30.935206004759937], [-57.86115922650074, -30.936480900457518]]]}}, {"id": "5", "type": "Feature", "properties": {"codcuenca": 15, "area": 3415, "nombre_cue": "RÍO DAYMÁN", "cabecera": 15}, "geometry": {"type": "Polygon", "coordinates": [[[-57.86418452585661, -31.362045993341553], [-57.860203721559934, -31.368209652972684], [-57.85771647387276, -31.3691235508164], [-57.85759215374156, -31.373332730583932], [-57.85038780315578, -31.378440890929117], [-57.84668985330985, -31.380425755132695], [-57.843911820341866, -31.378829601448686], [-57.82727039358079, -31.382018176703866], [-57.81729587913621, -31.38988202000998], [-57.80778149070278, -31.388223243034826], [-57.800186199726596, -31.381841804313105], [-57.79813331120447, -31.37613184362418], [-57.79519364807063, -31.37252835734074], [-57.790832918232, -31.369787040764155], [-57.778188020748566, -31.373433936368595], [-57.77478680225523, -31.37629547802464], [-57.774169017010045, -31.379724313054535], [-57.77245600995881, -31.381146976833552], [-57.76915907922946, -31.380322890813286], [-57.761549076621385, -31.382999796950717], [-57.75910558683131, -31.386969929038504], [-57.75632139934729, -31.388055837885034], [-57.75025928033021, -31.38789057335156], [-57.7441288695926, -31.382061250906574], [-57.739982503185594, -31.38059910442977], [-57.73374562009361, -31.381439149141965], [-57.729918201078064, -31.382516751933387], [-57.72830363344089, -31.38591201954138], [-57.72173015379157, -31.389301447459253], [-57.7088844409133, -31.392543327897783], [-57.708009143897456, -31.395526038166167], [-57.70300986917467, -31.398168735415087], [-57.6890817796869, -31.398856358497163], [-57.68097714427796, -31.400661065886844], [-57.66557299730459, -31.396218932206743], [-57.66240451011913, -31.3888929311712], [-57.65248495123827, -31.3891919567853], [-57.64254741785431, -31.391131782678453], [-57.634160257663176, -31.389827788938646], [-57.625465671641926, -31.394699029642382], [-57.61545500553345, -31.39325883042517], [-57.609415050575535, -31.398769884158984], [-57.59505147611138, -31.398758760900343], [-57.591092927328475, -31.396021690601305], [-57.5765542702844, -31.396130946225064], [-57.56729503750529, -31.397716605568274], [-57.56297732381928, -31.401251773117092], [-57.55402270543126, -31.404074029457064], [-57.545382432283795, -31.408543804730755], [-57.54184214744497, -31.41310574977254], [-57.530420055217895, -31.41891582543006], [-57.515172058484296, -31.422006431011308], [-57.4992709840728, -31.423021744668493], [-57.492267662015074, -31.426752330092892], [-57.48051859000731, -31.42562302885766], [-57.47666419343709, -31.42344700434805], [-57.46322219860472, -31.424459973000463], [-57.455746716026, -31.42769414294999], [-57.4430254305436, -31.436452488988177], [-57.42529792502809, -31.440962560652903], [-57.42299530863076, -31.443078962619904], [-57.40876132406733, -31.446262382317787], [-57.400824047248136, -31.449826707634998], [-57.3930887304617, -31.449994502765765], [-57.3863418691673, -31.452783217143352], [-57.38097583454062, -31.451918336152236], [-57.37058233294931, -31.447690533869007], [-57.35462256793244, -31.45353457539397], [-57.34180233741214, -31.453904696646422], [-57.336766685744415, -31.45806103136906], [-57.32955117115853, -31.455075571569914], [-57.31858761817751, -31.458389668596475], [-57.314080528344455, -31.462723060589358], [-57.308302238805005, -31.46398470986803], [-57.302665184281075, -31.462687736889645], [-57.28774008723339, -31.46850730925357], [-57.284203817446134, -31.47152714787514], [-57.286091139030674, -31.477040492024724], [-57.27960635248595, -31.487807656021964], [-57.278911186752815, -31.491239715871068], [-57.27251435402405, -31.49345554322113], [-57.272651344588915, -31.49670104774894], [-57.26832314515668, -31.504756281940665], [-57.264757231130886, -31.50728916879778], [-57.26256455758901, -31.511710691060976], [-57.24550355556348, -31.51116700821101], [-57.24420887724795, -31.513606990620673], [-57.24082559032761, -31.515124982758884], [-57.2311927227908, -31.527890407279678], [-57.23163834702659, -31.536673673179006], [-57.228114196007674, -31.541856427750893], [-57.22701976149073, -31.549538308753746], [-57.227048304636135, -31.556885384578145], [-57.22888002921803, -31.562286293192496], [-57.2239040263744, -31.56376850305566], [-57.22345409119408, -31.5670548719822], [-57.22080684264405, -31.57045171688269], [-57.218933071017645, -31.59041693423269], [-57.21107637809283, -31.594015246488674], [-57.20251094321456, -31.59489254924082], [-57.189129848399126, -31.603309026084084], [-57.18960557320942, -31.619280302202423], [-57.18629630651651, -31.62199965787009], [-57.18012847369306, -31.623302071886116], [-57.17032135619006, -31.631524405527337], [-57.151775093103005, -31.628342882817545], [-57.14639585655986, -31.630089355737212], [-57.1394978282493, -31.627405151769892], [-57.132201011667554, -31.625880794520306], [-57.12961204294042, -31.626530279999283], [-57.12127546297239, -31.632308236600345], [-57.119970965890666, -31.635612076020227], [-57.11399837453851, -31.639586539475395], [-57.0982860495287, -31.642498868663306], [-57.09246471471974, -31.64585353859771], [-57.07069596111081, -31.650340710128702], [-57.06270746162074, -31.659223957233543], [-57.051772125638394, -31.657819909134098], [-57.041111117045254, -31.65356651595309], [-57.035562154122246, -31.648634479830058], [-57.02925612131965, -31.64949737684481], [-57.022893684530565, -31.647227316608767], [-57.015664477894006, -31.64740852572095], [-57.00824964793618, -31.64591674233355], [-57.00348162552107, -31.64657166788539], [-57.00237643338327, -31.649326533153566], [-57.00382261596062, -31.653672446909567], [-57.00032000530308, -31.65866998717362], [-56.995022867830464, -31.659075424399894], [-56.985589971367034, -31.669479283066494], [-56.9803033838601, -31.670773319428488], [-56.975560020272646, -31.673929662434507], [-56.96281569259291, -31.677603666352535], [-56.95248867454658, -31.69183726924778], [-56.944153589995786, -31.699115654668322], [-56.942141109551415, -31.70464735621153], [-56.939129223298764, -31.705030020159644], [-56.93420835227216, -31.70240598610235], [-56.91764578296014, -31.700417907651683], [-56.910609514198235, -31.703503020314994], [-56.90758166078187, -31.702551122292636], [-56.90042932217894, -31.704658451336226], [-56.898183027068455, -31.708235039853804], [-56.89231158046874, -31.713176658637387], [-56.88020654302208, -31.71945810914781], [-56.864245115986236, -31.724174673372715], [-56.85678953148841, -31.72984697836677], [-56.84876077915702, -31.727466241143986], [-56.84492714779156, -31.729205405876584], [-56.84056869689436, -31.728692167614632], [-56.836155982216575, -31.72349780767935], [-56.833333445812116, -31.723183983459144], [-56.824838978389835, -31.72654301873221], [-56.81875919543038, -31.731927634099836], [-56.81901692351633, -31.736461064418602], [-56.8218691673176, -31.740351193664083], [-56.82124941058179, -31.745957433897843], [-56.80521087480026, -31.74919894927134], [-56.7960252659924, -31.7523962788995], [-56.78638270737411, -31.759839999574282], [-56.77952494934332, -31.770350412029224], [-56.77842843214696, -31.782500002607968], [-56.77555975357771, -31.78776718189021], [-56.77541831744753, -31.792825230930994], [-56.78244461288109, -31.796591078415055], [-56.79790625276564, -31.79864116705316], [-56.80309459578123, -31.803368031383282], [-56.81857766454723, -31.811489594832853], [-56.82703688700093, -31.818323393704578], [-56.83161376547227, -31.829443054198112], [-56.8338747757685, -31.830723229329895], [-56.84447761952327, -31.830781456022937], [-56.847426328937615, -31.829019283919248], [-56.850067671504284, -31.830083718493686], [-56.851616403272615, -31.831576459988703], [-56.85421716094715, -31.83969988577471], [-56.86065982260135, -31.84404408991757], [-56.86145992425591, -31.84764412413113], [-56.859350746439496, -31.85273343544728], [-56.86122289350588, -31.85520546809706], [-56.85998138946465, -31.858894495160207], [-56.863512824248815, -31.863499459828592], [-56.868042451641855, -31.86381661581072], [-56.8711776387725, -31.865969582572397], [-56.874925895352234, -31.881868812616247], [-56.88114825753973, -31.884205666759996], [-56.886492577482485, -31.88401527288431], [-56.889651901447834, -31.88565372213713], [-56.904558456531056, -31.883135445011156], [-56.9158809331896, -31.886077876639938], [-56.91984473583806, -31.88401546908011], [-56.943441815319005, -31.88438468670965], [-56.9487280420616, -31.886364561633478], [-56.95280733813898, -31.89228068091783], [-56.966926117543096, -31.88816239003026], [-56.97272539628743, -31.889388798957942], [-56.97535377087774, -31.891871102698076], [-56.98255662089732, -31.890399029781907], [-56.98292753745943, -31.89285757301045], [-56.98850668263106, -31.89672393742217], [-57.003310451512625, -31.893897211868385], [-57.00634379561012, -31.892202994337694], [-57.01125127368002, -31.893209353251358], [-57.02161742025682, -31.889658002950828], [-57.021850151906726, -31.883872397154622], [-57.02064788422657, -31.882797779522075], [-57.02331338646381, -31.879006769385104], [-57.03458372662399, -31.87781164390396], [-57.03791406277369, -31.87937230085128], [-57.049026243576385, -31.879046368244904], [-57.05781277186434, -31.882435450894366], [-57.06580356425705, -31.88344228812377], [-57.07110112967611, -31.886068615271917], [-57.07806577100047, -31.88465386058017], [-57.087801561923364, -31.886796297634124], [-57.091643394162645, -31.88638149014581], [-57.094913405426034, -31.88358352662278], [-57.11326832324061, -31.879340241300504], [-57.116248223067146, -31.880033521203867], [-57.125428037052444, -31.875159072879605], [-57.127409216269285, -31.871300669300975], [-57.139971462171005, -31.86573814004425], [-57.154039844777955, -31.86464776787309], [-57.15839914311049, -31.86684596972614], [-57.160057756008676, -31.870014262808528], [-57.16861301402998, -31.874773888650896], [-57.1765984956383, -31.869691417872197], [-57.196028363993456, -31.862170212883886], [-57.20188129650953, -31.869559961565173], [-57.20879358059291, -31.87216268471016], [-57.210647944598364, -31.8769211090642], [-57.21815823867784, -31.87973389398625], [-57.224060447964064, -31.877278420617696], [-57.233617455879426, -31.880719013653632], [-57.237766392569824, -31.88559592434614], [-57.24271235560558, -31.88713286088338], [-57.248350670144276, -31.88710373980194], [-57.25023221237174, -31.884743776277162], [-57.25798679629345, -31.88451114971046], [-57.26309933746989, -31.877185050209697], [-57.268944779324656, -31.876516331627432], [-57.270910398009526, -31.874298370598844], [-57.2705539228932, -31.86985105124659], [-57.275998622824645, -31.86371615252195], [-57.27851625900205, -31.86283762414728], [-57.279210517937976, -31.860291338433527], [-57.282345028089836, -31.857390634222604], [-57.28423769041836, -31.849237760865613], [-57.293096315221106, -31.84467531429524], [-57.29723197631195, -31.844477500405556], [-57.3004804527051, -31.84657346672148], [-57.308321703069055, -31.839414464571387], [-57.31461638062723, -31.837320121417132], [-57.31924295598483, -31.830044518209434], [-57.333672794321025, -31.82605783975988], [-57.34310423558681, -31.821048887923652], [-57.347231199615265, -31.820425218377444], [-57.358632919465975, -31.82194098083171], [-57.37120981550688, -31.818188637690046], [-57.382983866044896, -31.831641772570222], [-57.38637375107157, -31.832951150279047], [-57.39724485806402, -31.832686701854453], [-57.40298159000182, -31.835098239562264], [-57.41237998692849, -31.835517752019808], [-57.41661314245798, -31.845394198535843], [-57.42451416557162, -31.845004921046513], [-57.42878297336432, -31.84688529572606], [-57.434061240121274, -31.84675338345324], [-57.439646890415126, -31.851257968086923], [-57.4472879592804, -31.855122691644446], [-57.45663378031626, -31.854735721278608], [-57.45951727809499, -31.855705438402044], [-57.46631536239817, -31.85456694008225], [-57.47146845192254, -31.848350042138062], [-57.4706465190014, -31.84210415711039], [-57.46838406166716, -31.837066396173626], [-57.47051846675776, -31.834999037789945], [-57.47108070776736, -31.830047787046542], [-57.48021593906397, -31.827410644102855], [-57.480532756362685, -31.821363083629002], [-57.48494902156479, -31.82047152508123], [-57.489968732175114, -31.82188810360209], [-57.49240279637408, -31.82438947023994], [-57.49629219453548, -31.823348901768032], [-57.49908706250957, -31.821828454061738], [-57.50142969788643, -31.81592738948261], [-57.50346234891809, -31.81440727408741], [-57.50828816829125, -31.81447488490785], [-57.51157648829933, -31.812267767858874], [-57.513135122142955, -31.810454653905886], [-57.512512814429044, -31.807173004114293], [-57.52019695612556, -31.79898960854557], [-57.527307683713914, -31.796272099133084], [-57.531585435938645, -31.79708770848011], [-57.531984723172584, -31.792896127765058], [-57.534576077151044, -31.792181065762236], [-57.545081043332296, -31.794053344902082], [-57.551706723658796, -31.788136516073028], [-57.55899766458719, -31.786593145928165], [-57.567500819597726, -31.782626646521024], [-57.568869075835316, -31.780702299063044], [-57.5700145721089, -31.773436232083917], [-57.57936278885822, -31.766752127982482], [-57.58307730432861, -31.761573355894452], [-57.58298377894846, -31.756696350220327], [-57.58741647711738, -31.756779840790077], [-57.58863412816763, -31.75363189022362], [-57.59602294982757, -31.750567313600275], [-57.59726071710065, -31.745865353331453], [-57.60061437286404, -31.743051194508563], [-57.604096753174986, -31.74249225291338], [-57.6094385631401, -31.745547338509855], [-57.61110373102554, -31.747926415163843], [-57.614445670951746, -31.748898199321715], [-57.61979930341942, -31.74816653691592], [-57.62249125523341, -31.750749213038514], [-57.62634794325191, -31.751909092854177], [-57.63018064086092, -31.7518039198832], [-57.63575965976809, -31.74953934048096], [-57.638102712770575, -31.75168984406802], [-57.644682025989184, -31.752614063847425], [-57.64949551980912, -31.75043278324449], [-57.65212566989056, -31.745589136843954], [-57.654945218830406, -31.745984967878094], [-57.65727641241666, -31.743257049734055], [-57.65610379544708, -31.739997711604847], [-57.65808977621567, -31.737056380805488], [-57.6569980296761, -31.733577438719017], [-57.6584845033921, -31.73122585858131], [-57.66497208487283, -31.7276362112789], [-57.66656437223609, -31.72207937440688], [-57.66936270015775, -31.719232967779526], [-57.67794279618006, -31.71608745890455], [-57.67926845895297, -31.714247684489965], [-57.68511413156378, -31.712705172180584], [-57.693412345598794, -31.71363054759378], [-57.71213180831537, -31.705313065154055], [-57.72017098832784, -31.705553603770927], [-57.72260267470359, -31.697751226967984], [-57.72026908353055, -31.695448111799884], [-57.71826576624606, -31.671207370887934], [-57.721259757348605, -31.6654763245751], [-57.7247942659224, -31.66424440800243], [-57.72998971578046, -31.660040699533724], [-57.7291313693094, -31.657401760835693], [-57.73265326491199, -31.65558051015491], [-57.735389397841864, -31.652098001836467], [-57.739901717551795, -31.650755984458076], [-57.75188195365539, -31.64845795518375], [-57.75390996145446, -31.651146370393537], [-57.75544078880603, -31.651226188528845], [-57.762979977616894, -31.645295649515543], [-57.77561739754298, -31.645689924926216], [-57.77718055762795, -31.643603130360354], [-57.777371047762266, -31.636332024888773], [-57.77965377962869, -31.635707326134376], [-57.786491411807354, -31.638744058313865], [-57.790401426232684, -31.63367401670207], [-57.79301778906119, -31.632552788900686], [-57.795333293986836, -31.62809680235993], [-57.79335532405826, -31.62685087338588], [-57.800361696178534, -31.616330164233077], [-57.80531634024454, -31.617234613314217], [-57.810019126756174, -31.611758679110753], [-57.81546471164351, -31.608824519427607], [-57.818759701243565, -31.612033054525995], [-57.82719847843306, -31.610112021536022], [-57.82974552362008, -31.605848211379296], [-57.83382632565499, -31.60352428029512], [-57.83840428564716, -31.602960196766034], [-57.85090305631448, -31.59462220491636], [-57.85888870832927, -31.595167091307736], [-57.8662621007727, -31.59131578053866], [-57.86804087911338, -31.588733361931165], [-57.873083218331, -31.58577068954954], [-57.87196876323816, -31.58134161358418], [-57.866013185925354, -31.577570972036284], [-57.86778854517717, -31.57395749115801], [-57.866611430149526, -31.5688603066655], [-57.868932314040514, -31.5640847447181], [-57.89678946323479, -31.548736573072137], [-57.90218629146538, -31.542630111435972], [-57.900601048762795, -31.538518922313685], [-57.903247610870665, -31.53708378622321], [-57.91145744533175, -31.52724473833616], [-57.91099896739849, -31.524431459519466], [-57.918195961478524, -31.522319041497234], [-57.926543107953755, -31.51672687495902], [-57.931971072972324, -31.517952888223792], [-57.93473047912504, -31.516605253428896], [-57.9423944238808, -31.517599556482942], [-57.956168853251334, -31.52542319087656], [-57.961044421666706, -31.526404310830834], [-57.96599050680317, -31.5255472134965], [-57.97666377785472, -31.519795102618385], [-57.978135145393395, -31.516473333719176], [-57.986083504418175, -31.51118738235605], [-57.99328441176863, -31.510290693569953], [-57.99696047309193, -31.506284350652834], [-58.002080982376576, -31.503751617372014], [-58.01269867180293, -31.50353076959126], [-58.02135124074382, -31.505599794430765], [-58.030821926526016, -31.504794570756975], [-58.046323380652595, -31.49367011523567], [-58.04723031452955, -31.489831456635823], [-58.04647477588036, -31.486079048317293], [-58.039654691402674, -31.480521755661204], [-58.03913260999223, -31.47844761208953], [-58.02757632976702, -31.472871072486843], [-58.02043343162099, -31.467778727872567], [-58.00107046117923, -31.460569308841034], [-57.996404197650875, -31.457198530428162], [-57.99235418798356, -31.448118957353635], [-57.98937500451951, -31.444799246689918], [-57.9817194960932, -31.44163947492051], [-57.981274582368066, -31.438597373279002], [-57.972434578447, -31.434249070981963], [-57.97083233869402, -31.432017883077968], [-57.968662352789806, -31.43169803674876], [-57.965702365924884, -31.433472726401913], [-57.95738234739299, -31.433101021107923], [-57.9424092882512, -31.425369240913984], [-57.92760056190788, -31.410847246955367], [-57.92218593652656, -31.410437786046906], [-57.92196028699906, -31.407802568264906], [-57.919418396893214, -31.405704943686892], [-57.91398809425119, -31.404582152344442], [-57.912268391828064, -31.40010741961941], [-57.90402373234226, -31.39542762597502], [-57.90478052658321, -31.38785180750573], [-57.90818518692129, -31.376498814844783], [-57.9066084714175, -31.372913155326014], [-57.90167415972546, -31.37458041751472], [-57.89995712811846, -31.372460467825494], [-57.89994901107338, -31.368906125937507], [-57.898205272414316, -31.36518571254344], [-57.89578223617972, -31.365490471722772], [-57.894787738149375, -31.362914115441473], [-57.87924612256249, -31.363853867569215], [-57.871593623002305, -31.360100763599135], [-57.86418452585661, -31.362045993341553]]]}}, {"id": "6", "type": "Feature", "properties": {"codcuenca": 16, "area": 1714, "nombre_cue": "RÍO URUGUAY entre Río Daymán y Río Queguay Grande", "cabecera": 14}, "geometry": {"type": "Polygon", "coordinates": [[[-58.01105649920934, -31.5036149581967], [-58.002080982376576, -31.503751617372014], [-57.99696047309193, -31.506284350652834], [-57.99328441176863, -31.510290693569953], [-57.986083504418175, -31.51118738235605], [-57.978135145393395, -31.516473333719176], [-57.97666377785472, -31.519795102618385], [-57.96599050680317, -31.5255472134965], [-57.961044421666706, -31.526404310830834], [-57.956168853251334, -31.52542319087656], [-57.9423944238808, -31.517599556482942], [-57.93473047912504, -31.516605253428896], [-57.931971072972324, -31.517952888223792], [-57.926543107953755, -31.51672687495902], [-57.918195961478524, -31.522319041497234], [-57.91099896739849, -31.524431459519466], [-57.91145744533175, -31.52724473833616], [-57.903247610870665, -31.53708378622321], [-57.900601048762795, -31.538518922313685], [-57.90218629146538, -31.542630111435972], [-57.89678946323479, -31.548736573072137], [-57.868932314040514, -31.5640847447181], [-57.866611430149526, -31.5688603066655], [-57.86778854517717, -31.57395749115801], [-57.866013185925354, -31.577570972036284], [-57.87196876323816, -31.58134161358418], [-57.873083218331, -31.58577068954954], [-57.86804087911338, -31.588733361931165], [-57.8662621007727, -31.59131578053866], [-57.85888870832927, -31.595167091307736], [-57.85090305631448, -31.59462220491636], [-57.83840428564716, -31.602960196766034], [-57.83382632565499, -31.60352428029512], [-57.82974552362008, -31.605848211379296], [-57.82719847843306, -31.610112021536022], [-57.818759701243565, -31.612033054525995], [-57.81546471164351, -31.608824519427607], [-57.810019126756174, -31.611758679110753], [-57.80531634024454, -31.617234613314217], [-57.800361696178534, -31.616330164233077], [-57.79335532405826, -31.62685087338588], [-57.795333293986836, -31.62809680235993], [-57.79301778906119, -31.632552788900686], [-57.790401426232684, -31.63367401670207], [-57.786491411807354, -31.638744058313865], [-57.77965377962869, -31.635707326134376], [-57.777371047762266, -31.636332024888773], [-57.77718055762795, -31.643603130360354], [-57.77561739754298, -31.645689924926216], [-57.762979977616894, -31.645295649515543], [-57.75544078880603, -31.651226188528845], [-57.75390996145446, -31.651146370393537], [-57.75188195365539, -31.64845795518375], [-57.739901717551795, -31.650755984458076], [-57.735389397841864, -31.652098001836467], [-57.73265326491199, -31.65558051015491], [-57.7291313693094, -31.657401760835693], [-57.72998971578046, -31.660040699533724], [-57.7247942659224, -31.66424440800243], [-57.721259757348605, -31.6654763245751], [-57.71826576624606, -31.671207370887934], [-57.72026908353055, -31.695448111799884], [-57.72260267470359, -31.697751226967984], [-57.72017098832784, -31.705553603770927], [-57.71213180831537, -31.705313065154055], [-57.693412345598794, -31.71363054759378], [-57.68511413156378, -31.712705172180584], [-57.67926845895297, -31.714247684489965], [-57.67794279618006, -31.71608745890455], [-57.66936270015775, -31.719232967779526], [-57.66656437223609, -31.72207937440688], [-57.66497208487283, -31.7276362112789], [-57.6584845033921, -31.73122585858131], [-57.6569980296761, -31.733577438719017], [-57.65808977621567, -31.737056380805488], [-57.65610379544708, -31.739997711604847], [-57.65727641241666, -31.743257049734055], [-57.654945218830406, -31.745984967878094], [-57.65212566989056, -31.745589136843954], [-57.64949551980912, -31.75043278324449], [-57.644682025989184, -31.752614063847425], [-57.638102712770575, -31.75168984406802], [-57.63575965976809, -31.74953934048096], [-57.63018064086092, -31.7518039198832], [-57.62634794325191, -31.751909092854177], [-57.62249125523341, -31.750749213038514], [-57.61979930341942, -31.74816653691592], [-57.614445670951746, -31.748898199321715], [-57.61110373102554, -31.747926415163843], [-57.6094385631401, -31.745547338509855], [-57.604096753174986, -31.74249225291338], [-57.60061437286404, -31.743051194508563], [-57.59726071710065, -31.745865353331453], [-57.59602294982757, -31.750567313600275], [-57.58863412816763, -31.75363189022362], [-57.58741647711738, -31.756779840790077], [-57.58298377894846, -31.756696350220327], [-57.58307730432861, -31.761573355894452], [-57.57936278885822, -31.766752127982482], [-57.5700145721089, -31.773436232083917], [-57.568869075835316, -31.780702299063044], [-57.567500819597726, -31.782626646521024], [-57.55899766458719, -31.786593145928165], [-57.551706723658796, -31.788136516073028], [-57.545081043332296, -31.794053344902082], [-57.534576077151044, -31.792181065762236], [-57.531984723172584, -31.792896127765058], [-57.531585435938645, -31.79708770848011], [-57.527307683713914, -31.796272099133084], [-57.52019695612556, -31.79898960854557], [-57.512512814429044, -31.807173004114293], [-57.513135122142955, -31.810454653905886], [-57.51157648829933, -31.812267767858874], [-57.50828816829125, -31.81447488490785], [-57.50346234891809, -31.81440727408741], [-57.50142969788643, -31.81592738948261], [-57.49908706250957, -31.821828454061738], [-57.49240279637408, -31.82438947023994], [-57.489968732175114, -31.82188810360209], [-57.48494902156479, -31.82047152508123], [-57.480532756362685, -31.821363083629002], [-57.48021593906397, -31.827410644102855], [-57.47108070776736, -31.830047787046542], [-57.47051846675776, -31.834999037789945], [-57.46838406166716, -31.837066396173626], [-57.4706465190014, -31.84210415711039], [-57.47146845192254, -31.848350042138062], [-57.48140108303956, -31.855136190793594], [-57.48632682203957, -31.863298636445776], [-57.49263576861093, -31.865839443090902], [-57.49716243551634, -31.865250967853488], [-57.49930227006563, -31.869502548057888], [-57.5019050209272, -31.87059266179746], [-57.51034554653559, -31.87905611853761], [-57.51582477842801, -31.876009876808848], [-57.52123881029911, -31.875627626751765], [-57.525795895302146, -31.871951499275607], [-57.53208656740143, -31.87457668519718], [-57.537036254552696, -31.872114307401592], [-57.543155100918355, -31.873426680962826], [-57.54392059344128, -31.875603795492335], [-57.55170465238265, -31.877589254843908], [-57.551623328434786, -31.87985134994846], [-57.555976560331956, -31.884009211805136], [-57.55657437220521, -31.88750894182128], [-57.559396186623, -31.88793752055642], [-57.56236890842895, -31.89168243180253], [-57.567675153006576, -31.8924824422531], [-57.5717575064995, -31.896211678413867], [-57.57501779648651, -31.897112696335796], [-57.58470375025644, -31.895892889041384], [-57.58995011621688, -31.896976021549687], [-57.59189741225622, -31.898286586809697], [-57.59194808460204, -31.900901458693617], [-57.59398755391617, -31.902584695813122], [-57.60217862911986, -31.90343979114608], [-57.615329238816166, -31.899675116892126], [-57.61842309984144, -31.90071550950346], [-57.62342033072647, -31.89688698173193], [-57.63506994184222, -31.894056144829506], [-57.63961100720073, -31.89536959238668], [-57.64573358595891, -31.89974551036188], [-57.651479073858624, -31.900204130901706], [-57.6540127614081, -31.901960683275856], [-57.65970706852737, -31.911336598340274], [-57.671023368847244, -31.909568650568616], [-57.68000525331698, -31.91210612983949], [-57.68710591551856, -31.905806719784987], [-57.69211896425153, -31.90442240190347], [-57.69546019295831, -31.90712642687502], [-57.698576294659794, -31.90447358728457], [-57.70448367154858, -31.905811252745405], [-57.710067508863, -31.905432364414644], [-57.714596485183606, -31.90978996812078], [-57.71644868325856, -31.90999286943253], [-57.72284895629314, -31.906769988802388], [-57.72661339636694, -31.898593022031953], [-57.72839970935747, -31.89856592093889], [-57.744651465866, -31.90218105215275], [-57.748172454148836, -31.9067690918514], [-57.75475047154772, -31.907162222098478], [-57.756873897881945, -31.90492603407504], [-57.76860274894047, -31.906637763687613], [-57.770737308409174, -31.910681781766836], [-57.77539174289474, -31.912743854824782], [-57.776036589294975, -31.915522965276466], [-57.779058672313695, -31.918686056340505], [-57.78802838297209, -31.922922478337806], [-57.79258433301483, -31.92242659310484], [-57.79400306798991, -31.924879695744192], [-57.807603162466265, -31.92295874873363], [-57.80892869627395, -31.919368034518325], [-57.81307683163939, -31.91485673710802], [-57.820032625678515, -31.916070268195224], [-57.82577819648033, -31.91411134590814], [-57.83375763553813, -31.91546156304795], [-57.836045434364756, -31.91791326091334], [-57.84053504242392, -31.91692641098722], [-57.84465073101682, -31.917942036315207], [-57.84675164319784, -31.92076427860339], [-57.85285197930851, -31.92255871400889], [-57.85880241754193, -31.92821191862037], [-57.86054499659909, -31.93146467836749], [-57.863702703653786, -31.933344732141432], [-57.87389410968347, -31.93164637107906], [-57.878512478155784, -31.932479373790787], [-57.8802684105296, -31.934634712282442], [-57.889342036655876, -31.931937610496007], [-57.89559799095886, -31.932999356101295], [-57.902097675178894, -31.92976139010643], [-57.90543758700438, -31.925940758034226], [-57.90900468490958, -31.929428443572885], [-57.91870736459861, -31.93188779833419], [-57.921330931064915, -31.93461048084293], [-57.92478635992511, -31.934333674782813], [-57.92723188690393, -31.938612460590264], [-57.932139902174875, -31.940970991792764], [-57.93843884941345, -31.94118022201023], [-57.942760261355716, -31.943516782012072], [-57.95180907932106, -31.94331454128092], [-57.953646470740814, -31.94544694364483], [-57.96364405498665, -31.944085670194823], [-57.96737094017853, -31.946741779098744], [-57.97526622349801, -31.94904755308659], [-57.989476786330236, -31.949970564242104], [-57.9985542575412, -31.952101913299092], [-58.00768135417093, -31.961753135376075], [-58.008293360672276, -31.966517973037643], [-58.01694656623422, -31.972310798408735], [-58.025928892776285, -31.969252457056182], [-58.039894797033824, -31.976045529139068], [-58.0506306297527, -31.9768454923128], [-58.06073002060624, -31.980413379920215], [-58.06885754627571, -32.00123922423096], [-58.067735735552546, -32.0045215796073], [-58.070295932808776, -32.00734098878243], [-58.0760666982852, -32.009041555033946], [-58.07816607743535, -32.01335473040681], [-58.078733898829896, -32.02119732509025], [-58.081477320181875, -32.02614491592348], [-58.0919804931145, -32.03294988226683], [-58.09464283007425, -32.039799385506704], [-58.09425021241473, -32.04183147392174], [-58.1022437858344, -32.04695481797861], [-58.10378746625405, -32.05157352551289], [-58.10303793754652, -32.058236548501434], [-58.10495239345261, -32.06104163709142], [-58.10925755362861, -32.06233995598437], [-58.12267611981007, -32.07441336894867], [-58.128727665237825, -32.07695531476463], [-58.13102675687335, -32.083354070850184], [-58.13355384315571, -32.08507758408781], [-58.13875529207205, -32.08522746112998], [-58.14156241679004, -32.086601458406534], [-58.14271313674548, -32.08869440227958], [-58.143947436192406, -32.0923795135998], [-58.143538516382264, -32.10077022073299], [-58.1453670284438, -32.10402593789384], [-58.143301266429035, -32.10985998808517], [-58.145101638903974, -32.118642651974234], [-58.148347269128514, -32.126213578474065], [-58.14288964151439, -32.137723871190516], [-58.150810165159356, -32.12764859109637], [-58.15602710214676, -32.11631049379129], [-58.16206433059818, -32.08957815967881], [-58.16034091058053, -32.08514811383958], [-58.15251468287387, -32.080543093614544], [-58.14574809004399, -32.07345696221774], [-58.13834354327693, -32.05707011905106], [-58.13814401163324, -32.04215459815553], [-58.1341533420138, -32.029616672201726], [-58.13371922768579, -32.02042970654572], [-58.1363316869846, -32.014972783109826], [-58.13670547464374, -32.0096923102036], [-58.1351886110137, -32.00411312416837], [-58.135976830065474, -31.997653102797354], [-58.13675661778067, -31.99503348999939], [-58.13914888753963, -31.994682887522465], [-58.14359889211788, -31.984576404085214], [-58.15015954846097, -31.97433153415229], [-58.15104263602073, -31.970393785606145], [-58.150232733616306, -31.96351255469795], [-58.15180730814849, -31.958912931147314], [-58.15048055145177, -31.954565384365786], [-58.15162011278311, -31.94949603904815], [-58.15442204726302, -31.945360431245927], [-58.154350775173995, -31.941737842025724], [-58.15630848319464, -31.938501295014696], [-58.161881131912, -31.934431264518196], [-58.16307950274101, -31.928387146999324], [-58.16819290117665, -31.921693117596792], [-58.174775690224116, -31.917919227154574], [-58.1889048035065, -31.90232930409605], [-58.19134548036472, -31.89741546503261], [-58.192989672231256, -31.88949668028394], [-58.194109254901655, -31.87682801707492], [-58.19219543320567, -31.872266575985112], [-58.184858339458586, -31.86424617294148], [-58.1729436470226, -31.854769311804798], [-58.16129625864545, -31.84822510759134], [-58.15074331725106, -31.840217176085137], [-58.107387975317025, -31.828525596340327], [-58.09505452367858, -31.828072635857886], [-58.09080074655737, -31.830267856678738], [-58.0748010782955, -31.828012799882366], [-58.06829745989915, -31.82545147733703], [-58.064897768326645, -31.818110663218214], [-58.06217879360456, -31.814850498137844], [-58.06087615427436, -31.815549790160347], [-58.06182571990989, -31.81422571787579], [-58.057228412424685, -31.804480872507412], [-58.04974086171842, -31.78083144176194], [-58.045297542197225, -31.772525751201005], [-58.03562061398932, -31.761994954879], [-58.03063436284099, -31.74107679715554], [-58.03150888082321, -31.734435236422698], [-58.029683153544326, -31.72779587573081], [-58.023826140127305, -31.718837831454398], [-58.017905124705464, -31.70271336785753], [-58.01217618942275, -31.693256604651808], [-58.00659299403444, -31.6881244217435], [-58.00447809928451, -31.684293386770918], [-57.99631840959208, -31.664167427760106], [-57.999367369867805, -31.657127894094135], [-57.9968340928814, -31.646668493840906], [-57.989786916013294, -31.639162505265325], [-57.988481607392444, -31.63112500722996], [-57.9858184438233, -31.626284217711245], [-57.98661149120043, -31.625504311488527], [-57.985276431774395, -31.62338147313207], [-57.98437389575095, -31.613164249744955], [-57.97875548866155, -31.602621854446227], [-57.974773871832795, -31.58540677749767], [-57.97591559162929, -31.575623395142028], [-57.98090322465137, -31.566865300593648], [-57.98910348357442, -31.55730373442342], [-57.99407458941597, -31.547030823375884], [-57.997755581352706, -31.542387643521835], [-57.99827728410593, -31.535454669640107], [-58.00085699193761, -31.527864200332015], [-58.030821926526016, -31.504794570756975], [-58.02135124074382, -31.505599794430765], [-58.01105649920934, -31.5036149581967]]]}}, {"id": "7", "type": "Feature", "properties": {"codcuenca": 17, "area": 8549, "nombre_cue": "RÍO QUEGUAY GRANDE", "cabecera": 17}, "geometry": {"type": "Polygon", "coordinates": [[[-56.27776348783194, -31.741311947521318], [-56.2747410269929, -31.74743537322149], [-56.26985996058392, -31.75164267589499], [-56.2691629713095, -31.75686458527031], [-56.26654795815018, -31.760379944364253], [-56.265782565101546, -31.763786229441887], [-56.269416622846364, -31.775268661248887], [-56.264130536037314, -31.779202527253794], [-56.26454810198841, -31.782390538679667], [-56.26811678493022, -31.78852776802194], [-56.268949439998394, -31.794944606574838], [-56.267597890162946, -31.797251416177033], [-56.27399573579518, -31.812523561516684], [-56.27034805116067, -31.816332927068828], [-56.272467045289545, -31.82181906464449], [-56.27567134802426, -31.82590526881837], [-56.27220091215383, -31.83273933604697], [-56.267392622121484, -31.83632817324117], [-56.267609615963536, -31.847452661506487], [-56.266219791179765, -31.850885662283584], [-56.25461124839712, -31.854573259650312], [-56.25005099282746, -31.859336391546687], [-56.24945161864776, -31.86240675525618], [-56.243242195248214, -31.866397053693653], [-56.24825659290013, -31.869001656158943], [-56.248696845577356, -31.87137835830165], [-56.238012035822535, -31.87997238027167], [-56.238361942262365, -31.881845268897777], [-56.243303318161715, -31.88739778629485], [-56.2446495264645, -31.89559014144043], [-56.241714584676174, -31.899379467119886], [-56.241724897327565, -31.901538911353214], [-56.248379573487775, -31.903585107264846], [-56.261605432311754, -31.91190572041343], [-56.26248394973987, -31.918830832717042], [-56.27273303938599, -31.92203231441467], [-56.273280303639744, -31.92763523213312], [-56.27657906609133, -31.931375632985993], [-56.283685783624804, -31.93485267872786], [-56.28413399361223, -31.938509778335156], [-56.2810702769315, -31.94722976529334], [-56.28198763483817, -31.95690883297954], [-56.28316922725431, -31.960863342123407], [-56.286451330911135, -31.96283030763506], [-56.286991386704436, -31.965257872794158], [-56.291768130108956, -31.97027792458969], [-56.292314120703615, -31.973694935607266], [-56.29676282189106, -31.976556865785575], [-56.29554644470625, -31.98591921688367], [-56.29787460294873, -31.99092280318103], [-56.29646526468929, -31.9975515719063], [-56.29112936828834, -32.00888044266203], [-56.28906604947198, -32.018880925779854], [-56.29300247714732, -32.02344935497134], [-56.290907674134324, -32.02885560781906], [-56.296624475466686, -32.03614910482792], [-56.298182285023856, -32.04385369499781], [-56.29693268024543, -32.04718770998802], [-56.29927280106142, -32.05014772045597], [-56.300577215830394, -32.05689076376458], [-56.307311951280205, -32.05718032869639], [-56.31159058492977, -32.06152552629015], [-56.31385653323267, -32.07504767338326], [-56.30642050860581, -32.081970737090124], [-56.31014853732519, -32.088807322147495], [-56.33110958262719, -32.09392103146361], [-56.33890817092185, -32.101021324067396], [-56.34112240570997, -32.108167395138246], [-56.34294793766602, -32.11028818089929], [-56.353589430695024, -32.110353257064844], [-56.36069679419688, -32.11243546990447], [-56.36236504825565, -32.114172658507954], [-56.36316368512012, -32.12627800390183], [-56.360704522762305, -32.135342334889934], [-56.36420578334843, -32.1384543175733], [-56.37429206482988, -32.14268874303698], [-56.38034771156362, -32.151879107237804], [-56.38075554441474, -32.15516937075595], [-56.37792077837627, -32.16588177648852], [-56.37969050226114, -32.170318052035654], [-56.3866361648184, -32.17225178704826], [-56.39458529174467, -32.17777252247076], [-56.40293653116742, -32.18035664843232], [-56.40450904848667, -32.19166127882578], [-56.40184054696999, -32.20048044820306], [-56.402461833321354, -32.20175568235455], [-56.405799862272566, -32.203487210553874], [-56.414515081824945, -32.2027418908121], [-56.41863884334592, -32.206346761338544], [-56.4305787571343, -32.20885398052327], [-56.43852743403712, -32.20710673484354], [-56.444496591305345, -32.207328321132934], [-56.45896652126097, -32.21453782124927], [-56.47252154018868, -32.21479564440009], [-56.47869623460304, -32.21196437957246], [-56.48335254202302, -32.21325612653482], [-56.49960903941975, -32.21234418947106], [-56.503879704806124, -32.21380191457496], [-56.50525781196181, -32.21675709467254], [-56.512442511117996, -32.22213884660871], [-56.51570268939085, -32.22626681281021], [-56.51692281071659, -32.23134623220599], [-56.52244010795116, -32.23493098034573], [-56.52401279986439, -32.23788482559837], [-56.53291675388004, -32.2395188253488], [-56.53577288227339, -32.2433808028142], [-56.5416778196397, -32.24489765655067], [-56.54421023546629, -32.24750472785852], [-56.556306805148076, -32.25149963020267], [-56.56120275308858, -32.254659603936304], [-56.57948226499242, -32.25187550577476], [-56.58272229649131, -32.253857374144495], [-56.59298627317801, -32.254220192245945], [-56.59459133482963, -32.257258879704395], [-56.593626511576176, -32.26084765042948], [-56.596074386238364, -32.270968999717375], [-56.59534137606418, -32.2774369970019], [-56.60496763009111, -32.28216642497875], [-56.61667896872489, -32.27980078617823], [-56.618915892799166, -32.28112775069782], [-56.620905743807455, -32.28828069312406], [-56.62830534892628, -32.29172686290831], [-56.6286696146412, -32.296063949123294], [-56.62615490259596, -32.29781811062117], [-56.62626440594197, -32.29998210437479], [-56.62773337465037, -32.30363096875161], [-56.62848434189753, -32.315150264706034], [-56.6310440296704, -32.32025530384519], [-56.63102174667744, -32.325373826591814], [-56.63460928915906, -32.32535363693967], [-56.63966325470771, -32.32830785670031], [-56.64232745255282, -32.334826192028096], [-56.648452099078625, -32.338980550326355], [-56.64850672362096, -32.344833713740464], [-56.64162421868952, -32.35396498605616], [-56.640937534834144, -32.3573841216503], [-56.64299292180102, -32.3621263830236], [-56.649537365629186, -32.36581948824441], [-56.66077813336289, -32.36746204026473], [-56.6652193257052, -32.365085516475595], [-56.67002944434719, -32.36474755083786], [-56.67270729533668, -32.36680215855646], [-56.68504734681776, -32.36787960179365], [-56.69213633943369, -32.370019747625946], [-56.7004064738879, -32.37807045135465], [-56.71255809837212, -32.3860925467602], [-56.713995928696356, -32.39529556383491], [-56.72525343251093, -32.39640530737527], [-56.737581387549056, -32.39468904794087], [-56.771177108931084, -32.39536149912905], [-56.77813505688049, -32.392138046650345], [-56.78398373430163, -32.392661432622226], [-56.797334880932254, -32.40579805819496], [-56.815413847295034, -32.39268433891816], [-56.82564924766533, -32.388709248747304], [-56.83258878373817, -32.38398122009618], [-56.85213821362748, -32.38326903863572], [-56.859095201340985, -32.385907602945146], [-56.86287665795076, -32.3911783863799], [-56.870794288431604, -32.39407130236271], [-56.87630452042664, -32.39422074494298], [-56.892168288030064, -32.38798831500524], [-56.897689074389504, -32.390149881725016], [-56.901023153838366, -32.38994385931405], [-56.902821845494564, -32.38780483122713], [-56.91062899377204, -32.38676310217781], [-56.9196713995064, -32.3886736956754], [-56.92651867818213, -32.381711969188345], [-56.92574781406445, -32.37840120139126], [-56.92749961382599, -32.37674883613155], [-56.934539533870826, -32.37857749272003], [-56.937681349280496, -32.378117129660644], [-56.939308700383954, -32.37487325423599], [-56.946057370380636, -32.37268879146974], [-56.955313718290626, -32.35880216668213], [-56.96009080823615, -32.35453342716993], [-56.97093993366829, -32.34962363477223], [-56.98325165251553, -32.34541299672719], [-56.98890066393379, -32.345233624953515], [-56.994146662116, -32.34834034343104], [-57.010122021356224, -32.35298560149139], [-57.01946926403203, -32.35379510564351], [-57.027330009473275, -32.34966305250424], [-57.030092215560906, -32.344964881042664], [-57.0373354749771, -32.34173777717513], [-57.03855380524303, -32.34553122061825], [-57.047154636078744, -32.35287732000924], [-57.052475812656716, -32.350955828440924], [-57.05688809889308, -32.35175500338103], [-57.06192776383379, -32.356391596832445], [-57.07166491893936, -32.361343750991765], [-57.072921724010364, -32.36684994812418], [-57.0818413444865, -32.37626432046292], [-57.08695720037984, -32.377527846703444], [-57.09047581817138, -32.376681221936444], [-57.10067860726887, -32.3683025769924], [-57.11349759586342, -32.371274860226904], [-57.12217296986762, -32.36999129038189], [-57.12878892685312, -32.37191266453228], [-57.13722644957189, -32.36912411538201], [-57.14192244640769, -32.36478180365585], [-57.14727651825314, -32.36472470697671], [-57.14940366360997, -32.36773189705736], [-57.15690044386976, -32.371691346696466], [-57.162477496305485, -32.37655482864855], [-57.17676102642711, -32.37325572467615], [-57.185782800295506, -32.375055208583696], [-57.191653359990816, -32.37463429137819], [-57.19275110701574, -32.378900938580934], [-57.19176533032942, -32.38446392259506], [-57.199171991152944, -32.39256485898748], [-57.20103515970164, -32.39759398679747], [-57.199627818944165, -32.401106353605236], [-57.20390457987974, -32.40993410536089], [-57.212899059331285, -32.40833388575253], [-57.216629011306836, -32.408978673994795], [-57.21883525596348, -32.414467334206606], [-57.22379749718736, -32.41636648418738], [-57.227910374994885, -32.42228878815038], [-57.24450371647765, -32.42555446096975], [-57.24907722696527, -32.42902114623372], [-57.25055528839033, -32.43225665346091], [-57.25029151349499, -32.43503621067618], [-57.253427125674, -32.43563128042656], [-57.2579863937992, -32.43967816463733], [-57.26087265750428, -32.445013386971326], [-57.26819513127421, -32.44189929125528], [-57.272651485702866, -32.44277019023882], [-57.274849409014934, -32.4446958551638], [-57.27931213031421, -32.445050513964524], [-57.28328202523358, -32.44281703794676], [-57.28602882435665, -32.438796240794254], [-57.287688989728096, -32.431498057851165], [-57.289717153103375, -32.429885203431475], [-57.293207044208856, -32.421115393326744], [-57.298307901523835, -32.41658175833431], [-57.31135797633777, -32.42040999663118], [-57.31689600314014, -32.417977908830714], [-57.319816048061945, -32.41204415928349], [-57.32336900423297, -32.413637686037575], [-57.33205279073956, -32.41463034890228], [-57.33618288421234, -32.41850332502116], [-57.3401726570365, -32.41818064004103], [-57.34571593629512, -32.42118582723872], [-57.35488532432313, -32.42361458024021], [-57.35753911341003, -32.42244784539709], [-57.35694480744722, -32.4173719794576], [-57.35842470155315, -32.4149684789944], [-57.36399805873069, -32.412420893007464], [-57.379390986995325, -32.418729436850356], [-57.39809379393905, -32.42188289803798], [-57.40527304772055, -32.42596378583698], [-57.41438625680837, -32.42093159852752], [-57.419248658294826, -32.41642149397663], [-57.419766316037645, -32.41344940226705], [-57.423738986416325, -32.41051332827036], [-57.43124725073834, -32.400958938614956], [-57.43254131893062, -32.39715921839905], [-57.44152167292051, -32.39378500571615], [-57.443921945052494, -32.38955043255894], [-57.45095863209191, -32.389830328243015], [-57.45447496636368, -32.387973068894745], [-57.460762639363956, -32.389434708651216], [-57.465590157539815, -32.384704557887474], [-57.468096823755495, -32.38418884448014], [-57.47174139397817, -32.38708283763694], [-57.4800560968919, -32.38802308243597], [-57.48930532401434, -32.37928278439728], [-57.49491743531066, -32.38141414488387], [-57.496697783189916, -32.383912134918106], [-57.501302163737556, -32.38511103531838], [-57.50678332342595, -32.38333749168211], [-57.514400605747404, -32.38502447097435], [-57.533021532221596, -32.37952992871549], [-57.53943711272715, -32.38147396388066], [-57.5433105463185, -32.386495895113924], [-57.55511420848419, -32.39498615562628], [-57.56548513339492, -32.396259606462564], [-57.57726498255438, -32.38774046581049], [-57.57646662700533, -32.38491458813843], [-57.580775014339316, -32.37728809409245], [-57.58279278602486, -32.37915099237157], [-57.586180088989934, -32.37989226456403], [-57.5913514682651, -32.37766041863331], [-57.5947818989381, -32.378035236670776], [-57.61549432907727, -32.373535357291196], [-57.61695475524371, -32.378452989698914], [-57.62486114310378, -32.38369773841253], [-57.63130908393316, -32.38412959642427], [-57.65236196083786, -32.38059654005149], [-57.66735833439226, -32.37014254993483], [-57.67648015504077, -32.369886056554904], [-57.68569604925687, -32.367461003381706], [-57.69240582488409, -32.368621370014104], [-57.6978297381606, -32.367489063939374], [-57.69830150814531, -32.36475148389947], [-57.70367810203427, -32.362987681026226], [-57.703286778487346, -32.35696833343681], [-57.70771068799168, -32.34404538547439], [-57.7066926544823, -32.33690304954728], [-57.70751649271728, -32.33479192568422], [-57.7119685468333, -32.330481998808835], [-57.71587160011891, -32.3288800426394], [-57.7165796664534, -32.3265551879404], [-57.72507389447755, -32.320126361438206], [-57.72667340600111, -32.3170164830909], [-57.72917536033241, -32.31665824204894], [-57.730732777767855, -32.319174130633584], [-57.73401985207098, -32.32076089434466], [-57.73601593892563, -32.31859475344397], [-57.739754625525656, -32.31999539253164], [-57.74134818819371, -32.318414710039896], [-57.744811799914324, -32.318809400026524], [-57.74661283247641, -32.31567603569688], [-57.749566683788544, -32.314740908453004], [-57.75052974311444, -32.31243568096037], [-57.755304112604115, -32.31079079545574], [-57.756822276671784, -32.30722161417906], [-57.76686213447588, -32.30467429208815], [-57.77022029121016, -32.302603228407015], [-57.77299870825915, -32.30265385122608], [-57.7752668814038, -32.29958560324574], [-57.78111692427205, -32.29704436176727], [-57.794364971686115, -32.28744582528229], [-57.79502723766926, -32.28476053311503], [-57.80313276589926, -32.28339940166852], [-57.8053330202382, -32.2791373558537], [-57.80889342657991, -32.276523702576085], [-57.81395114983246, -32.27587868928115], [-57.81906193129534, -32.271072975881864], [-57.82805499046759, -32.26897320584108], [-57.83241086371627, -32.266055197917524], [-57.83740464203259, -32.26558766745702], [-57.845143743818625, -32.25331545736391], [-57.84970023494102, -32.25138395412337], [-57.85200333955049, -32.24869448859706], [-57.86102111614571, -32.24756214576111], [-57.86350922530786, -32.24530530318159], [-57.86301852936964, -32.24181403014247], [-57.86805908822792, -32.24318963720606], [-57.87833487417762, -32.23940505202235], [-57.87932047504925, -32.23696538102903], [-57.88698002946718, -32.237029234221794], [-57.89496129120142, -32.22897301968941], [-57.911442988144614, -32.22882719050145], [-57.92085086398073, -32.22365592737715], [-57.93584470090633, -32.2221159883836], [-57.941440510872894, -32.21816641874938], [-57.955063623230814, -32.21686682308618], [-57.96853526898676, -32.21814102135269], [-57.97354894979924, -32.22322258012335], [-57.97526755156927, -32.2233679616595], [-57.978896995123606, -32.22021447288325], [-57.98329554073065, -32.22054678061246], [-58.00084413331541, -32.21084658510677], [-58.014080750526944, -32.21048690907526], [-58.01593012665001, -32.2094259683993], [-58.03075944328416, -32.18512578634538], [-58.036485357624876, -32.18438185727877], [-58.038403669057985, -32.1734277168882], [-58.03711022661372, -32.166009947269025], [-58.041729749354985, -32.157888447405526], [-58.04717829111401, -32.153377810588026], [-58.059999644505346, -32.147316675179866], [-58.07632110255867, -32.147969860721076], [-58.082898093601074, -32.14422562694533], [-58.08677700473567, -32.134011362717416], [-58.09409241266286, -32.133463168234], [-58.097944751877925, -32.13121049691948], [-58.09932427356497, -32.13264061042802], [-58.12536357963923, -32.13829719532204], [-58.131861068004895, -32.14111258839071], [-58.133295838262576, -32.138719074149975], [-58.14288964151439, -32.137723871190516], [-58.148347269128514, -32.126213578474065], [-58.145101638903974, -32.118642651974234], [-58.143301266429035, -32.10985998808517], [-58.1453670284438, -32.10402593789384], [-58.143538516382264, -32.10077022073299], [-58.143947436192406, -32.0923795135998], [-58.14156241679004, -32.086601458406534], [-58.13875529207205, -32.08522746112998], [-58.13355384315571, -32.08507758408781], [-58.13102675687335, -32.083354070850184], [-58.128727665237825, -32.07695531476463], [-58.12267611981007, -32.07441336894867], [-58.10925755362861, -32.06233995598437], [-58.10495239345261, -32.06104163709142], [-58.10303793754652, -32.058236548501434], [-58.10378746625405, -32.05157352551289], [-58.1022437858344, -32.04695481797861], [-58.09425021241473, -32.04183147392174], [-58.09464283007425, -32.039799385506704], [-58.0919804931145, -32.03294988226683], [-58.081477320181875, -32.02614491592348], [-58.078733898829896, -32.02119732509025], [-58.07816607743535, -32.01335473040681], [-58.0760666982852, -32.009041555033946], [-58.070295932808776, -32.00734098878243], [-58.067735735552546, -32.0045215796073], [-58.06885754627571, -32.00123922423096], [-58.06073002060624, -31.980413379920215], [-58.05063062975272, -31.976845492312812], [-58.03989479703385, -31.976045529139068], [-58.025928892776285, -31.969252457056182], [-58.01694656623422, -31.972310798408735], [-58.008293360672276, -31.966517973037643], [-58.00768135417093, -31.961753135376075], [-57.99855425754123, -31.952101913299092], [-57.98947678633026, -31.949970564242104], [-57.97526622349804, -31.94904755308659], [-57.96737094017853, -31.946741779098744], [-57.96364405498665, -31.944085670194823], [-57.95364647074084, -31.945446943644843], [-57.95180907932106, -31.94331454128092], [-57.94276026135574, -31.943516782012072], [-57.93843884941348, -31.94118022201023], [-57.9321399021749, -31.940970991792778], [-57.92723188690396, -31.938612460590264], [-57.92478635992511, -31.934333674782813], [-57.921330931064915, -31.93461048084293], [-57.91870736459861, -31.93188779833419], [-57.90900468490958, -31.929428443572885], [-57.90543758700438, -31.925940758034226], [-57.902097675178894, -31.92976139010643], [-57.89559799095886, -31.932999356101295], [-57.889342036655876, -31.931937610496007], [-57.8802684105296, -31.934634712282442], [-57.878512478155784, -31.932479373790787], [-57.87389410968347, -31.93164637107906], [-57.863702703653786, -31.933344732141432], [-57.86054499659909, -31.93146467836749], [-57.85880241754193, -31.92821191862037], [-57.85285197930851, -31.92255871400889], [-57.84675164319784, -31.92076427860339], [-57.84465073101682, -31.917942036315207], [-57.84053504242392, -31.91692641098722], [-57.836045434364756, -31.91791326091334], [-57.83375763553813, -31.91546156304795], [-57.82577819648033, -31.91411134590814], [-57.820032625678515, -31.916070268195224], [-57.81307683163939, -31.91485673710802], [-57.80892869627395, -31.919368034518325], [-57.807603162466265, -31.92295874873363], [-57.79400306798991, -31.924879695744192], [-57.79258433301483, -31.92242659310484], [-57.78802838297209, -31.922922478337806], [-57.779058672313695, -31.918686056340505], [-57.776036589294975, -31.915522965276466], [-57.77539174289474, -31.912743854824782], [-57.770737308409174, -31.910681781766836], [-57.76860274894047, -31.906637763687613], [-57.756873897881945, -31.90492603407504], [-57.75475047154772, -31.907162222098478], [-57.748172454148836, -31.9067690918514], [-57.744651465866, -31.90218105215275], [-57.72839970935747, -31.89856592093889], [-57.72661339636694, -31.898593022031953], [-57.72284895629314, -31.906769988802388], [-57.71644868325856, -31.90999286943253], [-57.714596485183606, -31.90978996812078], [-57.710067508863, -31.905432364414644], [-57.70448367154858, -31.905811252745405], [-57.698576294659794, -31.90447358728457], [-57.69546019295831, -31.90712642687502], [-57.69211896425153, -31.90442240190347], [-57.68710591551856, -31.905806719784987], [-57.68000525331698, -31.91210612983949], [-57.671023368847244, -31.909568650568616], [-57.65970706852737, -31.911336598340274], [-57.6540127614081, -31.901960683275856], [-57.651479073858624, -31.900204130901706], [-57.64573358595891, -31.89974551036188], [-57.63961100720073, -31.89536959238668], [-57.63506994184222, -31.894056144829506], [-57.62342033072647, -31.89688698173193], [-57.61842309984144, -31.90071550950346], [-57.615329238816166, -31.899675116892126], [-57.60217862911986, -31.90343979114608], [-57.59398755391617, -31.902584695813122], [-57.59194808460204, -31.900901458693617], [-57.59189741225622, -31.898286586809697], [-57.58995011621688, -31.896976021549687], [-57.58470375025644, -31.895892889041384], [-57.57501779648651, -31.897112696335796], [-57.5717575064995, -31.896211678413867], [-57.567675153006576, -31.8924824422531], [-57.56236890842895, -31.89168243180253], [-57.559396186623, -31.88793752055642], [-57.55657437220521, -31.88750894182128], [-57.555976560331956, -31.884009211805136], [-57.551623328434786, -31.87985134994846], [-57.55170465238265, -31.877589254843908], [-57.54392059344128, -31.875603795492335], [-57.543155100918355, -31.873426680962826], [-57.537036254552696, -31.872114307401592], [-57.53208656740143, -31.87457668519718], [-57.525795895302146, -31.871951499275607], [-57.52123881029911, -31.875627626751765], [-57.51582477842801, -31.876009876808848], [-57.51034554653559, -31.87905611853761], [-57.5019050209272, -31.87059266179746], [-57.49930227006563, -31.869502548057888], [-57.49716243551634, -31.865250967853488], [-57.49263576861093, -31.865839443090902], [-57.48632682203957, -31.863298636445776], [-57.48140108303956, -31.855136190793594], [-57.47146845192254, -31.848350042138062], [-57.46631536239817, -31.85456694008225], [-57.45951727809499, -31.855705438402044], [-57.45663378031626, -31.854735721278608], [-57.4472879592804, -31.855122691644446], [-57.439646890415126, -31.851257968086923], [-57.434061240121274, -31.84675338345324], [-57.42878297336432, -31.84688529572606], [-57.42451416557162, -31.845004921046513], [-57.41661314245798, -31.845394198535843], [-57.41237998692849, -31.835517752019808], [-57.40298159000182, -31.835098239562264], [-57.39724485806402, -31.832686701854453], [-57.38637375107157, -31.832951150279047], [-57.382983866044896, -31.831641772570222], [-57.37120981550688, -31.818188637690046], [-57.358632919465975, -31.82194098083171], [-57.347231199615265, -31.820425218377444], [-57.34310423558681, -31.821048887923652], [-57.333672794321025, -31.82605783975988], [-57.31924295598483, -31.830044518209434], [-57.31461638062723, -31.837320121417132], [-57.308321703069055, -31.839414464571387], [-57.3004804527051, -31.84657346672148], [-57.29723197631195, -31.844477500405556], [-57.293096315221106, -31.84467531429524], [-57.28423769041836, -31.849237760865613], [-57.282345028089836, -31.857390634222604], [-57.279210517937976, -31.860291338433527], [-57.27851625900205, -31.86283762414728], [-57.275998622824645, -31.86371615252195], [-57.2705539228932, -31.86985105124659], [-57.270910398009526, -31.874298370598844], [-57.268944779324656, -31.876516331627432], [-57.26309933746989, -31.877185050209697], [-57.25798679629345, -31.88451114971046], [-57.25023221237174, -31.884743776277162], [-57.248350670144276, -31.88710373980194], [-57.24271235560558, -31.88713286088338], [-57.237766392569824, -31.88559592434614], [-57.233617455879426, -31.880719013653632], [-57.224060447964064, -31.877278420617696], [-57.21815823867784, -31.87973389398625], [-57.210647944598364, -31.8769211090642], [-57.20879358059291, -31.87216268471016], [-57.20188129650953, -31.869559961565173], [-57.196028363993456, -31.862170212883886], [-57.1765984956383, -31.869691417872197], [-57.16861301402998, -31.874773888650896], [-57.160057756008676, -31.870014262808528], [-57.15839914311049, -31.86684596972614], [-57.154039844777955, -31.86464776787309], [-57.139971462171005, -31.86573814004425], [-57.127409216269285, -31.871300669300975], [-57.125428037052444, -31.875159072879605], [-57.116248223067146, -31.880033521203867], [-57.11326832324061, -31.879340241300504], [-57.094913405426034, -31.88358352662278], [-57.091643394162645, -31.88638149014581], [-57.087801561923364, -31.886796297634124], [-57.07806577100047, -31.88465386058017], [-57.07110112967611, -31.886068615271917], [-57.06580356425705, -31.88344228812377], [-57.05781277186434, -31.882435450894366], [-57.049026243576385, -31.879046368244904], [-57.03791406277369, -31.87937230085128], [-57.03458372662399, -31.87781164390396], [-57.02331338646381, -31.879006769385104], [-57.02064788422657, -31.882797779522075], [-57.021850151906726, -31.883872397154622], [-57.02161742025682, -31.889658002950828], [-57.01125127368002, -31.893209353251358], [-57.00634379561012, -31.892202994337694], [-57.003310451512625, -31.893897211868385], [-56.98850668263106, -31.89672393742217], [-56.98292753745943, -31.89285757301045], [-56.98255662089732, -31.890399029781907], [-56.97535377087774, -31.891871102698076], [-56.97272539628743, -31.889388798957942], [-56.966926117543096, -31.88816239003026], [-56.95280733813898, -31.89228068091783], [-56.9487280420616, -31.886364561633478], [-56.943441815319005, -31.88438468670965], [-56.91984473583806, -31.88401546908011], [-56.9158809331896, -31.886077876639938], [-56.904558456531056, -31.883135445011156], [-56.889651901447834, -31.88565372213713], [-56.886492577482485, -31.88401527288431], [-56.88114825753973, -31.884205666759996], [-56.874925895352234, -31.881868812616247], [-56.8711776387725, -31.865969582572397], [-56.868042451641855, -31.86381661581072], [-56.863512824248815, -31.863499459828592], [-56.85998138946465, -31.858894495160207], [-56.86122289350588, -31.85520546809706], [-56.859350746439496, -31.85273343544728], [-56.86145992425591, -31.84764412413113], [-56.86065982260135, -31.84404408991757], [-56.85421716094715, -31.83969988577471], [-56.851616403272615, -31.831576459988703], [-56.850067671504284, -31.830083718493686], [-56.847426328937615, -31.829019283919248], [-56.84447761952327, -31.830781456022937], [-56.8338747757685, -31.830723229329895], [-56.83161376547227, -31.829443054198112], [-56.82703688700093, -31.818323393704578], [-56.81857766454723, -31.811489594832853], [-56.80309459578123, -31.803368031383282], [-56.79790625276564, -31.79864116705316], [-56.78244461288109, -31.796591078415055], [-56.77541831744753, -31.792825230930994], [-56.76739365933147, -31.795344430756952], [-56.758313401488486, -31.807200681576855], [-56.754439102152915, -31.80976431499908], [-56.750281287503945, -31.809505766105715], [-56.74517652218435, -31.80271170879233], [-56.74118201080077, -31.800860130203834], [-56.73954522141341, -31.79843799618637], [-56.73371649929656, -31.798125494560928], [-56.719484168908835, -31.807994009862785], [-56.71229178421555, -31.80956648595713], [-56.7126658484376, -31.81311215360589], [-56.706496183800795, -31.815256290983687], [-56.69946147803086, -31.82263975292709], [-56.67905694897645, -31.832631896029223], [-56.67322491657213, -31.830334105880777], [-56.667832201849556, -31.825084670545333], [-56.66410263488653, -31.82532729857625], [-56.66063959342963, -31.826717161414752], [-56.657284443794424, -31.83181583979857], [-56.64768330479358, -31.838915891006142], [-56.642553122384925, -31.83757360917987], [-56.63177470344433, -31.83855714361813], [-56.62534483662602, -31.83715309711344], [-56.61856948754692, -31.839887262934774], [-56.61071640994412, -31.8408393579247], [-56.595472387983214, -31.832401034972516], [-56.59011914882213, -31.831790528626748], [-56.58430879411509, -31.833797778616663], [-56.58124885550568, -31.83970710535818], [-56.5773922559516, -31.843381180441572], [-56.567047776590385, -31.849998195200122], [-56.56083842623676, -31.851362925986578], [-56.555708850921285, -31.854048380818956], [-56.551333019445295, -31.85382541129164], [-56.54956739109036, -31.851844672550296], [-56.540984491934, -31.848161540635893], [-56.53721478732824, -31.85221280231597], [-56.53751178101368, -31.86064748437005], [-56.52970714840732, -31.862065874737873], [-56.52661049884346, -31.86193369178267], [-56.524554923624045, -31.86012019099825], [-56.5082355907579, -31.86162252832249], [-56.50444204188389, -31.858903139206337], [-56.49743665759934, -31.86274666652706], [-56.494829648124245, -31.860717432739616], [-56.483822809227156, -31.858352229698138], [-56.47760928509135, -31.860876785945443], [-56.474384314672626, -31.86921146484061], [-56.456653734857916, -31.8699137515054], [-56.44985206891122, -31.867510751386195], [-56.443571053050356, -31.85433714272525], [-56.44424766958771, -31.848949907271486], [-56.442907178567445, -31.84351168968246], [-56.438191338688306, -31.833540043977532], [-56.43160627423689, -31.83148250993515], [-56.41696516836114, -31.831676307233728], [-56.41416347119851, -31.8292506398989], [-56.41246720796776, -31.82114839574863], [-56.41504978603792, -31.812110800856967], [-56.39778903221324, -31.804785348646465], [-56.395625864864456, -31.801341683367042], [-56.38906757695166, -31.797264684931925], [-56.392838662455006, -31.774638425148805], [-56.38741403396055, -31.76791446421212], [-56.384820793853244, -31.766548845012178], [-56.366615996703985, -31.76439629154804], [-56.36208697093377, -31.76258785509208], [-56.35778980593123, -31.75976240593959], [-56.35584995611145, -31.753472703727944], [-56.34283152849138, -31.751216358827243], [-56.3310760405624, -31.74452507258479], [-56.32244783954593, -31.745658411709755], [-56.30840972505689, -31.745290406925598], [-56.305753624876345, -31.74494518230152], [-56.30335753733136, -31.74150080809787], [-56.289407072348425, -31.74212906731023], [-56.27968537676308, -31.739999890700286], [-56.27776348783194, -31.741311947521318]]]}}, {"id": "8", "type": "Feature", "properties": {"codcuenca": 18, "area": 3729, "nombre_cue": "RÍO URUGUAY entre Río Queguay Grande y Río Negro", "cabecera": 14}, "geometry": {"type": "Polygon", "coordinates": [[[-58.082898093601074, -32.14422562694533], [-58.07632110255867, -32.147969860721076], [-58.059999644505346, -32.147316675179866], [-58.05101364580257, -32.151102640490436], [-58.041729749354985, -32.157888447405526], [-58.03711022661372, -32.166009947269025], [-58.038403669057985, -32.1734277168882], [-58.036485357624876, -32.18438185727877], [-58.03075944328416, -32.18512578634538], [-58.01593012665001, -32.2094259683993], [-58.014080750526944, -32.21048690907526], [-58.00084413331541, -32.21084658510677], [-57.98329554073065, -32.22054678061246], [-57.978896995123606, -32.22021447288325], [-57.97526755156927, -32.2233679616595], [-57.97354894979924, -32.22322258012335], [-57.96853526898676, -32.21814102135269], [-57.955063623230814, -32.21686682308618], [-57.941440510872894, -32.21816641874938], [-57.93584470090633, -32.2221159883836], [-57.92085086398073, -32.22365592737715], [-57.911442988144614, -32.22882719050145], [-57.89496129120142, -32.22897301968941], [-57.88698002946718, -32.237029234221794], [-57.87932047504925, -32.23696538102903], [-57.87833487417762, -32.23940505202235], [-57.86805908822792, -32.24318963720606], [-57.86301852936964, -32.24181403014247], [-57.86350922530786, -32.24530530318159], [-57.86102111614571, -32.24756214576111], [-57.85200333955049, -32.24869448859706], [-57.84970023494102, -32.25138395412337], [-57.845143743818625, -32.25331545736391], [-57.83740464203259, -32.26558766745702], [-57.83241086371627, -32.266055197917524], [-57.82805499046759, -32.26897320584108], [-57.81906193129534, -32.271072975881864], [-57.81395114983246, -32.27587868928115], [-57.80889342657991, -32.276523702576085], [-57.8053330202382, -32.2791373558537], [-57.80313276589926, -32.28339940166852], [-57.79502723766926, -32.28476053311503], [-57.794364971686115, -32.28744582528229], [-57.78111692427205, -32.29704436176727], [-57.7752668814038, -32.29958560324574], [-57.77299870825915, -32.30265385122608], [-57.77022029121016, -32.302603228407015], [-57.76686213447588, -32.30467429208815], [-57.756822276671784, -32.30722161417906], [-57.755304112604115, -32.31079079545574], [-57.75052974311444, -32.31243568096037], [-57.749566683788544, -32.314740908453004], [-57.74661283247641, -32.31567603569688], [-57.744811799914324, -32.318809400026524], [-57.74134818819371, -32.318414710039896], [-57.739754625525656, -32.31999539253164], [-57.73601593892563, -32.31859475344397], [-57.73401985207098, -32.32076089434466], [-57.730732777767855, -32.319174130633584], [-57.72917536033241, -32.31665824204894], [-57.72667340600111, -32.3170164830909], [-57.72507389447755, -32.320126361438206], [-57.7165796664534, -32.3265551879404], [-57.71587160011891, -32.3288800426394], [-57.7119685468333, -32.330481998808835], [-57.70751649271728, -32.33479192568422], [-57.7066926544823, -32.33690304954728], [-57.70771068799168, -32.34404538547439], [-57.703286778487346, -32.35696833343681], [-57.70367810203427, -32.362987681026226], [-57.69830150814531, -32.36475148389947], [-57.6978297381606, -32.367489063939374], [-57.69240582488409, -32.368621370014104], [-57.68569604925687, -32.367461003381706], [-57.67648015504077, -32.369886056554904], [-57.66735833439226, -32.37014254993483], [-57.65236196083786, -32.38059654005149], [-57.63130908393316, -32.38412959642427], [-57.62486114310378, -32.38369773841253], [-57.61695475524371, -32.378452989698914], [-57.61549432907727, -32.373535357291196], [-57.5947818989381, -32.378035236670776], [-57.5913514682651, -32.37766041863331], [-57.586180088989934, -32.37989226456403], [-57.58279278602486, -32.37915099237157], [-57.580775014339316, -32.37728809409245], [-57.57646662700533, -32.38491458813843], [-57.57726498255438, -32.38774046581049], [-57.56548513339492, -32.396259606462564], [-57.55511420848419, -32.39498615562628], [-57.5433105463185, -32.386495895113924], [-57.53943711272715, -32.38147396388066], [-57.533021532221596, -32.37952992871549], [-57.514400605747404, -32.38502447097435], [-57.50678332342595, -32.38333749168211], [-57.501302163737556, -32.38511103531838], [-57.496697783189916, -32.383912134918106], [-57.49491743531066, -32.38141414488387], [-57.48930532401434, -32.37928278439728], [-57.4800560968919, -32.38802308243597], [-57.47174139397817, -32.38708283763694], [-57.468096823755495, -32.38418884448014], [-57.465590157539815, -32.384704557887474], [-57.460762639363956, -32.389434708651216], [-57.45447496636368, -32.387973068894745], [-57.45095863209191, -32.389830328243015], [-57.443921945052494, -32.38955043255894], [-57.44152167292051, -32.39378500571615], [-57.43254131893062, -32.39715921839905], [-57.43124725073834, -32.400958938614956], [-57.423738986416325, -32.41051332827036], [-57.419766316037645, -32.41344940226705], [-57.419248658294826, -32.41642149397663], [-57.41438625680837, -32.42093159852752], [-57.40527304772055, -32.42596378583698], [-57.406541126463296, -32.430321754970706], [-57.405868017090775, -32.43498930829891], [-57.416709483536366, -32.442053654879615], [-57.41414304879847, -32.451767293106656], [-57.41209755509533, -32.45500338424846], [-57.414119458717124, -32.45830624002527], [-57.41498162670988, -32.46733038790147], [-57.410558682247725, -32.47095358988131], [-57.41287405526285, -32.47496600106247], [-57.41610319440325, -32.47516234338083], [-57.41630926558121, -32.47884510111293], [-57.419496263452984, -32.484510551439406], [-57.42414083556157, -32.48540175691461], [-57.426297717209664, -32.48834598772181], [-57.42870637106268, -32.4974688549529], [-57.43559995484015, -32.498568249871084], [-57.438868771412764, -32.50090336856395], [-57.44056047717397, -32.509084238217234], [-57.44502556383833, -32.515445583924176], [-57.44796336904514, -32.52265895385387], [-57.45433061140622, -32.52554740566984], [-57.46144373421464, -32.523194863618954], [-57.46763599083024, -32.524182833864955], [-57.47195124940427, -32.52343056001128], [-57.479481066182174, -32.52880118017488], [-57.48306824975869, -32.53907515903257], [-57.48315917891008, -32.54394807011316], [-57.47808915401898, -32.550554320252765], [-57.478546867056295, -32.55380269432278], [-57.48048057274383, -32.55836851815166], [-57.485746406318846, -32.56222106226031], [-57.49241260918619, -32.56449366921049], [-57.49496480423758, -32.56720892738754], [-57.49513698460029, -32.576360391383375], [-57.4993748212146, -32.57772970476564], [-57.5016644573671, -32.58744687321061], [-57.5000542465494, -32.593217127907096], [-57.50297242671182, -32.59632445152427], [-57.504019891546335, -32.60061059331921], [-57.50128151021368, -32.60433298707268], [-57.503887620762214, -32.6084584381311], [-57.51485345907562, -32.60902244259637], [-57.537762877881384, -32.62840542554872], [-57.54873610652417, -32.63244965919533], [-57.55182219126101, -32.63942041451537], [-57.55751956678396, -32.64338259867172], [-57.559461985299734, -32.64929925011035], [-57.56788569724761, -32.64894310726717], [-57.57098287930645, -32.650712989896235], [-57.574117964227774, -32.65512867319194], [-57.5744817243874, -32.65905699920159], [-57.57644617293317, -32.66072361765371], [-57.579845421173076, -32.65898102785054], [-57.58463937815194, -32.65903396171245], [-57.58858102581661, -32.66089975221323], [-57.59270728227877, -32.66761117239563], [-57.594559620621745, -32.675906006704295], [-57.60468365686796, -32.6761173846167], [-57.60796811366109, -32.6786853479269], [-57.60943558997229, -32.68175494764986], [-57.61509968306544, -32.68381286004033], [-57.6172893954813, -32.687822904311076], [-57.61830555737058, -32.69344939161341], [-57.62114941090207, -32.69539698143086], [-57.62349119828474, -32.69934066165905], [-57.63057987865739, -32.700920246861514], [-57.63910446008677, -32.71073973285591], [-57.648187934702754, -32.708081850166934], [-57.65845291018682, -32.71007192808454], [-57.66367372313375, -32.71313066133368], [-57.66802701141063, -32.7179614483106], [-57.6755318943105, -32.721420222336036], [-57.68446072640101, -32.7206222038918], [-57.69395711059747, -32.71721823499713], [-57.70342884761669, -32.71156811892528], [-57.70788725148743, -32.71071841565429], [-57.71278835431909, -32.71239086289474], [-57.716475002017184, -32.71554724411324], [-57.722257344503525, -32.71515273554794], [-57.7331883920892, -32.71016561802397], [-57.73737037268309, -32.71109545710923], [-57.74649954287213, -32.72044567038809], [-57.75308163622264, -32.72209596617241], [-57.755505295805904, -32.72534732053948], [-57.76379569804949, -32.72376435221551], [-57.77245650798794, -32.72668800558577], [-57.795167736238604, -32.72677894876527], [-57.803262172941366, -32.72841761408993], [-57.80590811691861, -32.73342367645479], [-57.81283912151453, -32.739814229494066], [-57.81959090575149, -32.74222976468803], [-57.8249859470985, -32.74062204807866], [-57.833856045635635, -32.74069868299366], [-57.84407466693396, -32.74825786178442], [-57.84930781129731, -32.75543888119915], [-57.85368556555198, -32.752943295188025], [-57.85848092563697, -32.75284081462003], [-57.862276478796396, -32.76042731731047], [-57.86339183234143, -32.76561021470411], [-57.872677168936306, -32.76782805385327], [-57.887981620912775, -32.768032766487664], [-57.895218551013414, -32.76393449900892], [-57.90187289137411, -32.765888190088354], [-57.910583844790224, -32.76291163062852], [-57.918110145023746, -32.76568762686999], [-57.92040568480025, -32.76821234848207], [-57.91902669840274, -32.77156519662944], [-57.924434006141595, -32.781952413784616], [-57.92324803804067, -32.78417974379295], [-57.92797141115384, -32.790427890228614], [-57.92838344588237, -32.793614680662024], [-57.92464803390829, -32.80237098568737], [-57.94408588663402, -32.812288802877774], [-57.94965333978775, -32.825786532866346], [-57.955164206062804, -32.830913866033946], [-57.95505160970016, -32.83504646062115], [-57.96016387738255, -32.84038882791041], [-57.96110314075311, -32.84549719077196], [-57.96494191983675, -32.85025013838504], [-57.96660528190543, -32.855485478807175], [-57.975137292689084, -32.86735836079257], [-57.974115527961615, -32.870053134537756], [-57.97126499329489, -32.87209130008546], [-57.97173597892207, -32.87716853860439], [-57.97800290812529, -32.884882616564475], [-57.97912473588003, -32.88947620015819], [-57.97786800435836, -32.89311763896382], [-57.974643148410514, -32.895360711731485], [-57.974026707004874, -32.900914422997424], [-57.98111828263732, -32.905372231378855], [-57.986305456856236, -32.917997205221795], [-57.983514454954886, -32.922344361044416], [-57.98369517218352, -32.92488194681409], [-57.98688245057407, -32.927877935890145], [-57.98646329747162, -32.931362839548676], [-57.98301932693778, -32.938308036737446], [-57.982273774115384, -32.9434053912348], [-57.98923976096323, -32.951604678890625], [-57.997036978505434, -32.95736538808674], [-57.99063627965602, -32.976730721285875], [-57.98673462421608, -32.980445489407764], [-57.99827842920897, -32.989685805656606], [-57.999965447467744, -32.99507883503305], [-57.99412633980649, -32.99964378982331], [-57.99710594709404, -33.00497877655706], [-57.998028402991466, -33.01091374527702], [-58.00109631045575, -33.01577309737222], [-58.001532946421776, -33.0187660230966], [-58.00560965821027, -33.021251426548005], [-58.009504904721666, -33.02613773387095], [-58.007927117675216, -33.02962499382804], [-58.008203510127686, -33.03729315443931], [-58.01120879205368, -33.0429174384441], [-58.01738679982037, -33.045592993663455], [-58.02083611457037, -33.045905604198786], [-58.02367657781941, -33.04407849397425], [-58.03064838487463, -33.043205976852974], [-58.05305142758591, -33.04673013843666], [-58.05821185799676, -33.05318166888135], [-58.0605055748219, -33.05997547802881], [-58.06422172926184, -33.06242247708293], [-58.06999298861999, -33.06376020624479], [-58.07614954009587, -33.068563095111436], [-58.07161889788939, -33.07806710700046], [-58.07408509923404, -33.08758078463082], [-58.082652985575315, -33.09152022699459], [-58.08334742012477, -33.095552635758665], [-58.08873183053975, -33.09836349246714], [-58.095464250880326, -33.098221406193225], [-58.097884929243534, -33.100182080659344], [-58.09757640742215, -33.111085005207364], [-58.104651031990365, -33.1203535598937], [-58.104758552384205, -33.124467628975836], [-58.102351634640335, -33.12707882374961], [-58.108292672516356, -33.13243602928766], [-58.112954519732725, -33.13076581382532], [-58.116994815139954, -33.13103006778407], [-58.12177551841435, -33.13388218789095], [-58.13596177791998, -33.13396339426724], [-58.13861232286834, -33.13503768109521], [-58.146676398041606, -33.139976401288365], [-58.15019127389035, -33.150769686758046], [-58.15271930668166, -33.15479426989978], [-58.15667834272744, -33.15629594625604], [-58.158070359623686, -33.158765342675515], [-58.17782947377509, -33.16834394652469], [-58.19250382221268, -33.16885453085289], [-58.19657980914624, -33.17035976521588], [-58.20020021462969, -33.169950633326], [-58.20308669968809, -33.16729319996225], [-58.20829839245196, -33.16606126947209], [-58.212881198993614, -33.1664249742613], [-58.214846876332196, -33.169441038261446], [-58.22023022639417, -33.16956269320137], [-58.22304951126923, -33.174258779997224], [-58.22730119028899, -33.17723009276918], [-58.22678178377658, -33.182782986329684], [-58.225346491868976, -33.18439461981936], [-58.22614658860988, -33.189016838397166], [-58.237719552303034, -33.19399399063228], [-58.23831696959109, -33.196131504594284], [-58.23707570550255, -33.19988868980674], [-58.238673812740736, -33.20331223307372], [-58.23834590687634, -33.206877041318926], [-58.24442569963111, -33.20853657008452], [-58.25192104191778, -33.20475376112841], [-58.2613130368378, -33.20522530174101], [-58.26628717934844, -33.20877711429545], [-58.27439245469483, -33.20857532378869], [-58.275868789855586, -33.20990166064573], [-58.272932751856786, -33.21806264442802], [-58.28143398451774, -33.22606359436543], [-58.28655927473136, -33.23761165938185], [-58.28358987279186, -33.24573672063409], [-58.285014216814616, -33.24895693343471], [-58.28896724536525, -33.25201448746923], [-58.2878695888804, -33.255621210248655], [-58.297832436355286, -33.25900610025314], [-58.30206892511362, -33.267623889177045], [-58.29942742022543, -33.272864848442524], [-58.30138917552333, -33.27618604409395], [-58.305185143606, -33.27835000573731], [-58.30532275307643, -33.283164189785396], [-58.31049059526092, -33.28664456492262], [-58.311599810690765, -33.2940476068195], [-58.31877563612823, -33.30574456253878], [-58.324771196059004, -33.31010365934975], [-58.32685203775569, -33.31358177025464], [-58.32757545317874, -33.318057066855026], [-58.32573305264291, -33.32370708539278], [-58.326962288254556, -33.32943872033983], [-58.333522357217234, -33.335266451692334], [-58.33935746033188, -33.33705433982805], [-58.34690407146778, -33.33649507715579], [-58.350652789729814, -33.33766531525158], [-58.35208383553524, -33.34087865742911], [-58.35482241766971, -33.343067299194324], [-58.363907454368785, -33.34630977511818], [-58.38089464638385, -33.34144812507743], [-58.392254088689256, -33.34051923426512], [-58.39090285779421, -33.33876299645558], [-58.37596626563091, -33.33470286723142], [-58.35994216882288, -33.32755402049179], [-58.352075389366185, -33.32174971272197], [-58.350118987709635, -33.317238588328806], [-58.35183409916313, -33.311633607588], [-58.349499521627735, -33.30886965238515], [-58.35130657037436, -33.30826474772237], [-58.35101592576999, -33.30565708292848], [-58.35280279780044, -33.30546714938074], [-58.35440527014389, -33.30153176988874], [-58.351103270710816, -33.29281240917536], [-58.35193361452874, -33.28447676126437], [-58.34979395271815, -33.282853374386285], [-58.349020196430196, -33.27543387869125], [-58.345662091409984, -33.26620173481698], [-58.35385016711954, -33.260761350712464], [-58.354630987538094, -33.258104613893906], [-58.35221679269098, -33.246284627298614], [-58.35589168326164, -33.24356842075979], [-58.353464022807536, -33.236435267284016], [-58.35336233936766, -33.23220142616804], [-58.35661232388227, -33.2259609914694], [-58.35639217771622, -33.219133950925354], [-58.35820984618175, -33.21269760396466], [-58.35686962441752, -33.20901196271892], [-58.357081376458204, -33.20339273483005], [-58.352300389517104, -33.19564992632671], [-58.35275259994093, -33.191287528790276], [-58.35956690396759, -33.18639783436086], [-58.35986318325111, -33.183687941380065], [-58.35837729724947, -33.1823485820175], [-58.359878495598046, -33.179794157381174], [-58.357926794054805, -33.17717556161131], [-58.35759941211244, -33.17218025754484], [-58.3556453450517, -33.169471538537316], [-58.36001234565775, -33.16597498095439], [-58.359506049442714, -33.16146102930745], [-58.35797330379157, -33.160338918981196], [-58.359631117098175, -33.15728558325091], [-58.35772492854507, -33.15547716934044], [-58.35871131377687, -33.14959864181975], [-58.356407824132134, -33.14701426128551], [-58.35725256649598, -33.14474373260831], [-58.35105502937916, -33.127539400985384], [-58.346451629738475, -33.12799414073717], [-58.3427545210091, -33.12607787325587], [-58.34044623637148, -33.12291643866242], [-58.340820809938776, -33.12030410180889], [-58.335568978717326, -33.11942875121191], [-58.332685821268875, -33.11599946365989], [-58.32744879704455, -33.117124306783246], [-58.32523014192953, -33.11893582955238], [-58.318979480822584, -33.11908044710823], [-58.31708531815076, -33.1168835587653], [-58.31716438223842, -33.11402488485357], [-58.31486383068181, -33.111466642085006], [-58.30568665810642, -33.11262500190312], [-58.30389476600783, -33.11175073658736], [-58.304289838412636, -33.10982304593293], [-58.30020651246424, -33.10820163986923], [-58.29587104853668, -33.108261552127054], [-58.29367305164251, -33.11082018445917], [-58.28822174947302, -33.11081203983037], [-58.28526333604677, -33.112619619245315], [-58.28244995353144, -33.11692082866817], [-58.280135888218254, -33.11803947566547], [-58.2762420387745, -33.117062442713596], [-58.275853746218246, -33.12001740344943], [-58.27219279107043, -33.1220008839634], [-58.267201008713094, -33.11968440022984], [-58.267568051228295, -33.11634232091573], [-58.2655972230849, -33.11557018384103], [-58.26478175858521, -33.11168369381972], [-58.262922651668646, -33.11030542754999], [-58.25739979030915, -33.10888229950996], [-58.254640720868956, -33.109792941986505], [-58.25208721383379, -33.107698133806615], [-58.250265959691724, -33.10805844394363], [-58.241045737394074, -33.10420162041989], [-58.23792594687452, -33.10872419614002], [-58.23244623438822, -33.10884935444341], [-58.230653902164796, -33.107153827258436], [-58.226954196987215, -33.107748728174755], [-58.22197443479746, -33.11282090068786], [-58.21890703866763, -33.11305175999982], [-58.21492261637272, -33.11108309470884], [-58.21232876248913, -33.1137471718453], [-58.207342006530496, -33.109580431242414], [-58.204442145636605, -33.111240788139355], [-58.20236519430527, -33.10969454550241], [-58.19935788278343, -33.109770537981674], [-58.198079813008455, -33.11160680194663], [-58.19584533027114, -33.111748948091936], [-58.1927453181177, -33.11038445315095], [-58.19174307949737, -33.10857402094188], [-58.18438246375461, -33.109246918152515], [-58.18163155565611, -33.10731663495935], [-58.17650521652195, -33.106648417584786], [-58.17598009879783, -33.10862332380993], [-58.17337785389703, -33.11061979717108], [-58.168048804159575, -33.11237966638781], [-58.165932338846794, -33.11053611258176], [-58.16489409227627, -33.10656294615804], [-58.158711444831745, -33.105634627780375], [-58.15772366740898, -33.104337385224355], [-58.159461819340656, -33.10325893265388], [-58.15780661819393, -33.10263230056697], [-58.1604207806842, -33.1002753900622], [-58.148586801176585, -33.09540651462095], [-58.147212490038, -33.09365678517217], [-58.14379190404086, -33.093072217893386], [-58.14188901745082, -33.09117012714205], [-58.14044069139621, -33.0914677420256], [-58.13962859549842, -33.08991466788404], [-58.135009499150215, -33.087729943604884], [-58.131723353442474, -33.0893868511375], [-58.1300189329759, -33.08484894269259], [-58.12806179564322, -33.08371378016101], [-58.12804406003669, -33.08101008897825], [-58.12063617656487, -33.07656042284663], [-58.118007091906584, -33.07714114380164], [-58.115937601186005, -33.07579154799305], [-58.11080303937612, -33.071857838765375], [-58.10535200423088, -33.06398185034305], [-58.100370104341366, -33.06381249673427], [-58.100091507104025, -33.057219750378295], [-58.0945562594152, -33.05221108369115], [-58.09604800029299, -33.048244707351415], [-58.094815137509215, -33.045689533064554], [-58.086378201310666, -33.03933673296419], [-58.081555347949916, -33.03864088579693], [-58.07710733665811, -33.03545926689803], [-58.074367353399296, -33.03085824679191], [-58.07402422628903, -33.02624953371211], [-58.08100363639653, -33.02844759571089], [-58.084330936990284, -33.01765150846976], [-58.08379557278738, -33.015975767535366], [-58.075594429753366, -33.0024159073186], [-58.065990240510004, -32.99035013257042], [-58.06348966799177, -32.98917866446452], [-58.06362911755521, -32.98374989293322], [-58.065324812400554, -32.9818893472653], [-58.05286766222308, -32.96975699708752], [-58.052520158362135, -32.966599444450665], [-58.05564272576286, -32.964929605707766], [-58.05436713013132, -32.96143728623778], [-58.050003586989625, -32.95759501483869], [-58.051011804795614, -32.95603548935414], [-58.04609374421487, -32.94969723231369], [-58.045670462474185, -32.94691057209428], [-58.04228130898763, -32.944781119807026], [-58.042853650582906, -32.94035408109656], [-58.04045597191722, -32.93810760891971], [-58.039406980008586, -32.92193759705643], [-58.043275362706765, -32.91980402879379], [-58.048174923048606, -32.91070213845538], [-58.05431870374359, -32.90646311935074], [-58.05452987767355, -32.90172705626016], [-58.05798007215804, -32.89832063944045], [-58.06105221872413, -32.89182022092065], [-58.0621442324584, -32.88434603548864], [-58.070375106010985, -32.87533623939289], [-58.076135132288655, -32.872932983724155], [-58.08169746428885, -32.86782894088727], [-58.083997141099815, -32.85962947381174], [-58.08422927602153, -32.8491061291389], [-58.08561403039152, -32.84486181777838], [-58.08724389877972, -32.84549058272223], [-58.09743272538344, -32.841427919558576], [-58.10265563679674, -32.8315699624344], [-58.117815731534186, -32.826224278055314], [-58.11695862056431, -32.819119289416435], [-58.11787530759804, -32.81126034096057], [-58.131226920553104, -32.785052742128315], [-58.13438871401021, -32.7712929096574], [-58.13613849431146, -32.752106004060494], [-58.13264191921246, -32.74400466570485], [-58.13131652127838, -32.73415357580803], [-58.134148062440346, -32.73305187508743], [-58.13766687196549, -32.72445920691252], [-58.13769558841767, -32.720249217834976], [-58.14039734635473, -32.713059845969845], [-58.14034881146922, -32.70712064065556], [-58.14472012836905, -32.69531195943769], [-58.144431404679054, -32.688755285551174], [-58.139036422097675, -32.67725520610844], [-58.138498793841094, -32.66889584888461], [-58.139787287398185, -32.66640652212782], [-58.139106263649545, -32.66440011465901], [-58.14589270592163, -32.6529249059636], [-58.149676859923275, -32.641181116380444], [-58.14612353291262, -32.63117006615762], [-58.14630287273988, -32.62049424175054], [-58.15285040831034, -32.60777023405554], [-58.153271475687156, -32.60229089382217], [-58.15508462412636, -32.59955272125484], [-58.15848816055347, -32.58640062665372], [-58.15844012872323, -32.577658015331174], [-58.154983886579124, -32.57209816108852], [-58.156761613087625, -32.55867008174701], [-58.15923396148839, -32.55472063700718], [-58.16811935494549, -32.54696374810817], [-58.16813603417617, -32.5435471472355], [-58.17967647404471, -32.527194217871326], [-58.18098928409544, -32.51686642397896], [-58.191192079609465, -32.49519258871349], [-58.190511498168476, -32.48836393822787], [-58.18825890966085, -32.48723491398031], [-58.18823096492415, -32.485775182546405], [-58.19147793172308, -32.48188256104854], [-58.191725954347476, -32.473170356463996], [-58.195341523481126, -32.46515125570362], [-58.192021197817965, -32.45217118211758], [-58.19199536437202, -32.43792053614412], [-58.18612397514751, -32.42082416764129], [-58.18397991677347, -32.418097463380406], [-58.17371987435911, -32.41181916856675], [-58.167123806550684, -32.399999612802375], [-58.16137428545519, -32.395582426663516], [-58.15620751491501, -32.395453817749974], [-58.154337649284116, -32.394226794289395], [-58.1513005986739, -32.38895613623344], [-58.152139981353464, -32.386912277334034], [-58.15109528166252, -32.37447416210403], [-58.14473743457485, -32.362729899409814], [-58.139969414228354, -32.35945619354192], [-58.13964540203495, -32.354711696881985], [-58.13008946460421, -32.34815502037606], [-58.12268103203689, -32.347047750597696], [-58.12011961100767, -32.34446273183117], [-58.115959266019416, -32.343295242730775], [-58.113226227365345, -32.339379103074606], [-58.11052610701062, -32.3384190014538], [-58.10818812101031, -32.333738293539795], [-58.104445478423045, -32.33268895964581], [-58.10712930636998, -32.32715914761976], [-58.10601620585259, -32.32638623953368], [-58.1066533182909, -32.32262460561907], [-58.10502168120805, -32.32023857817986], [-58.10603709226755, -32.31925547813917], [-58.10295133488842, -32.31813096896694], [-58.10426347705505, -32.31419475645139], [-58.099030781678636, -32.311694080148264], [-58.09709556327319, -32.307357336760404], [-58.09338872305459, -32.305153136770166], [-58.09521213644428, -32.30380387009118], [-58.092006488480855, -32.2991566029543], [-58.08995782515207, -32.2894401498003], [-58.089683683849316, -32.287822519064825], [-58.09349053996935, -32.28138917976293], [-58.09626202095586, -32.27052142418851], [-58.09477065135011, -32.25974918882137], [-58.092222709223954, -32.25672152712504], [-58.097156333934805, -32.24538177340541], [-58.09738762357204, -32.239824630085735], [-58.10087781778575, -32.22765461189098], [-58.11285381637028, -32.20893817448428], [-58.11692144694921, -32.19917307224241], [-58.11595155068046, -32.19436808583175], [-58.12958531783886, -32.17428149301341], [-58.1290733951538, -32.170333361964154], [-58.1250138900608, -32.16415684604693], [-58.11537902804305, -32.157169690384], [-58.112995503159716, -32.152993703965684], [-58.116289275756856, -32.148420020216655], [-58.12711499338159, -32.14592086232489], [-58.131861068004895, -32.14111258839071], [-58.12536357963923, -32.13829719532204], [-58.09932427356497, -32.13264061042802], [-58.097944751877925, -32.13121049691948], [-58.09409241266286, -32.133463168234], [-58.08677700473567, -32.134011362717416], [-58.082898093601074, -32.14422562694533]]]}}, {"id": "9", "type": "Feature", "properties": {"codcuenca": 19, "area": 3636, "nombre_cue": "RÍO URUGUAY entre Río Negro y Río de la Plata", "cabecera": 19}, "geometry": {"type": "Polygon", "coordinates": [[[-57.96422118143906, -33.403355090633475], [-57.95743280858798, -33.40692648280852], [-57.95821891529926, -33.41045595942876], [-57.95654394862414, -33.418553519930725], [-57.95748352280871, -33.42126065630062], [-57.94931001935536, -33.428690652968186], [-57.9494793123731, -33.43555528968925], [-57.94803513133924, -33.437241259992454], [-57.94347759951251, -33.439233179845054], [-57.93358847144723, -33.43746560503775], [-57.92574321720572, -33.44325733000559], [-57.907548341802794, -33.4452905634311], [-57.89987325723518, -33.44973182187523], [-57.8914443948051, -33.447879578961754], [-57.88734275664688, -33.44884126687049], [-57.878734824583034, -33.448114480420514], [-57.86045213729509, -33.45380868117676], [-57.850902718942024, -33.461594443374814], [-57.842502723238475, -33.46441452630327], [-57.84269412409861, -33.46819685741878], [-57.83669816608949, -33.47362032192908], [-57.84165141386331, -33.47802383947148], [-57.84487145822325, -33.48694079641777], [-57.84300774550488, -33.48988047073698], [-57.8328694236409, -33.49778959316024], [-57.835337749906465, -33.504405972390316], [-57.833327367823735, -33.50768625067192], [-57.81268794458546, -33.510338192112656], [-57.809430409967256, -33.51638675045985], [-57.80527357872784, -33.51489830260129], [-57.801937945152794, -33.51168881131873], [-57.799376030300046, -33.512565042415034], [-57.797603136552276, -33.516236595079974], [-57.78912142256664, -33.516059901813115], [-57.77581122600856, -33.52464307401481], [-57.76907347533685, -33.53007645216037], [-57.766911489910385, -33.533935773408984], [-57.76186147015547, -33.5367784237105], [-57.75146053880023, -33.539323548602425], [-57.75032113068664, -33.54104914705121], [-57.750865969221756, -33.54525141629985], [-57.74488514692507, -33.5521122655553], [-57.744528928594455, -33.55499229701619], [-57.74204630646271, -33.556702706991345], [-57.737863450946925, -33.55635828297333], [-57.731483647583254, -33.56304551433608], [-57.72830073593241, -33.562954995518716], [-57.726379656437665, -33.56606074091606], [-57.726892196789684, -33.57162244303245], [-57.719356676655984, -33.58243607243332], [-57.70158967217562, -33.58929796945508], [-57.69920181625812, -33.59136198746886], [-57.696267503610535, -33.5986302259474], [-57.69237087023202, -33.601364069964355], [-57.68779728336427, -33.60197624129488], [-57.684677714820246, -33.60657755519274], [-57.67668139509778, -33.60590225566378], [-57.67301210980215, -33.60189745826261], [-57.66973828368028, -33.60149162039291], [-57.66007851409198, -33.60357262804237], [-57.64941030981381, -33.600461052493], [-57.63179472738157, -33.60209737696282], [-57.62898626242177, -33.606540939930206], [-57.617990722949116, -33.61171936614375], [-57.60605991896399, -33.60993191825618], [-57.597491443361825, -33.60552272443316], [-57.59044474608343, -33.60459193922811], [-57.58173654750675, -33.6059575158], [-57.57230055600062, -33.61086611008889], [-57.57082164716144, -33.62333655602293], [-57.57121972345616, -33.62641444197312], [-57.574638597059746, -33.62972932574893], [-57.574876790834196, -33.63726142725485], [-57.56649641303723, -33.644701498742876], [-57.564654927315196, -33.652237662351816], [-57.55870457829177, -33.660726462162025], [-57.554793270821946, -33.67176931161884], [-57.549608688758894, -33.6751368462887], [-57.54862606502535, -33.67958346814672], [-57.55097772396181, -33.68585157204939], [-57.55051070976027, -33.68858315900168], [-57.549062902322014, -33.69064422118689], [-57.540190333918254, -33.69054922455361], [-57.53736157306208, -33.69343645513987], [-57.537268893261654, -33.696136841156786], [-57.528203341727995, -33.69922824168597], [-57.522063851395366, -33.69876499431164], [-57.51762469347815, -33.70327957515077], [-57.50648086589483, -33.70791928315133], [-57.50440928354887, -33.713414257902464], [-57.501446514618664, -33.71625838125723], [-57.49625958767904, -33.71689039779057], [-57.49573097230485, -33.72615758164528], [-57.49430650246507, -33.72993405325383], [-57.486738378378696, -33.7340785209069], [-57.48583185602735, -33.74114130678252], [-57.48290312883812, -33.74580665551953], [-57.482825737697, -33.75043309157867], [-57.485413191422225, -33.75404201966287], [-57.48563540239206, -33.765392166449445], [-57.48755507862469, -33.76915031540179], [-57.48702131004608, -33.776165736055134], [-57.48845715682976, -33.78091161075074], [-57.49224443536054, -33.78573653645647], [-57.492195740279016, -33.78893493128939], [-57.48599032627955, -33.79000656197719], [-57.478848821286554, -33.79435418827137], [-57.47843621947346, -33.80067107734842], [-57.46698465249381, -33.81303393009637], [-57.4614724833761, -33.81675527872065], [-57.45929982757132, -33.82005289301718], [-57.458777210039315, -33.82354246993105], [-57.457241142618855, -33.82464515205632], [-57.45231287772733, -33.82548874438462], [-57.43863207486166, -33.824524563651295], [-57.434455745530705, -33.825610252724026], [-57.42422107540277, -33.8368582670431], [-57.42089369308936, -33.84426234973889], [-57.419957677128465, -33.850546739110015], [-57.39207886804789, -33.85842105993979], [-57.38758016996245, -33.873140370969715], [-57.39117068760867, -33.87550284665648], [-57.39764294160023, -33.87635567847026], [-57.402808497088905, -33.87863006024246], [-57.41480259819007, -33.88698694692757], [-57.42545225881413, -33.88368344565519], [-57.43101070229899, -33.883867368810584], [-57.4377703831895, -33.88825478036296], [-57.440204895451146, -33.89613367576858], [-57.448354256885956, -33.90422915631404], [-57.46192500940997, -33.90639083626065], [-57.46675755775903, -33.91094040680726], [-57.475090234944226, -33.91510712985356], [-57.4784780805785, -33.91438260326402], [-57.479308559279666, -33.91211301944225], [-57.48473463262393, -33.91658607158505], [-57.49546098429919, -33.912280097394195], [-57.49863303251426, -33.914655700930346], [-57.502159068615846, -33.91237378934147], [-57.508180025781684, -33.91120335514907], [-57.5133356461889, -33.91270704597593], [-57.517316129945016, -33.91132587577136], [-57.52143116289074, -33.91631942393567], [-57.53900471814262, -33.91758035286016], [-57.55362408606322, -33.92540933827878], [-57.56310723389748, -33.9263308058476], [-57.56635514684202, -33.92965732261755], [-57.57327735571464, -33.9289554683474], [-57.57831456462791, -33.93490613524452], [-57.5844105456521, -33.936466317425456], [-57.58991042563308, -33.94077130836982], [-57.60011182472493, -33.94264225661243], [-57.604167317778284, -33.94207523482328], [-57.61112685075664, -33.94599888149669], [-57.61387882467113, -33.95151782577194], [-57.623171656515645, -33.95046441741432], [-57.62620633267578, -33.94876829116345], [-57.631069292779365, -33.9425195046987], [-57.63796869321562, -33.93835619333541], [-57.64005690102198, -33.9387377747656], [-57.64292932913339, -33.94228188978961], [-57.648044985432264, -33.943969854106165], [-57.656570515564916, -33.94203970169883], [-57.66954012666937, -33.94176081789508], [-57.67152375900227, -33.937355211493404], [-57.677068456032785, -33.93727077716183], [-57.68648038019256, -33.93427173377348], [-57.70467420111126, -33.93602112702103], [-57.705522988896156, -33.93410921833383], [-57.704554738233995, -33.93065688099242], [-57.71753133965678, -33.922946625559234], [-57.72528446650168, -33.923234663775624], [-57.728915580715515, -33.92177438695248], [-57.73161467616318, -33.91851242267428], [-57.7406786481777, -33.92084652082982], [-57.74325307791133, -33.91752567707458], [-57.74634306602901, -33.91737235356891], [-57.75564356018584, -33.913192692754016], [-57.762972473617914, -33.917108330805924], [-57.76511746499371, -33.919963514058786], [-57.7652808998941, -33.9227677520925], [-57.7721720897671, -33.92529927820672], [-57.77513043983444, -33.92475652219412], [-57.778687633247294, -33.922865107454406], [-57.7773951435677, -33.91838276930167], [-57.77952953114586, -33.91253676492033], [-57.79004535831893, -33.90466336745416], [-57.79477713945032, -33.899045420018545], [-57.795355950313784, -33.89606261612013], [-57.80148710973912, -33.894881876383565], [-57.805899306439635, -33.89643195396035], [-57.81234473945871, -33.89319678289626], [-57.82478012325862, -33.88612149751982], [-57.828341556090514, -33.87966019290054], [-57.83244638396038, -33.87551442539163], [-57.8424284932908, -33.87454984597097], [-57.846202340369345, -33.87207479606762], [-57.8568176802301, -33.87058852919559], [-57.86219800526213, -33.87198527532904], [-57.86669376701346, -33.87028808463921], [-57.86982451814707, -33.86688077282401], [-57.87720841813288, -33.865399062829646], [-57.887850529976106, -33.86749857039429], [-57.890079378758564, -33.86186082767281], [-57.89626198824934, -33.86032776375689], [-57.90247507545856, -33.862654649415795], [-57.9065035911774, -33.861774918264224], [-57.912858999805955, -33.86328792177985], [-57.914381768246386, -33.859342371454034], [-57.92215103670759, -33.85907364320606], [-57.92833783719634, -33.860318445867314], [-57.936161739504186, -33.87098839141269], [-57.94471095293925, -33.871143171450015], [-57.947803713324625, -33.87538495557865], [-57.947721611621354, -33.87882561432149], [-57.95066199166966, -33.88006345562763], [-57.95891350851135, -33.8828007155644], [-57.96646862176331, -33.88319323107426], [-57.977380681013386, -33.88065745000308], [-57.98174182685715, -33.87189005924548], [-57.989766024367896, -33.86474484910981], [-57.99131839770071, -33.86071247492986], [-57.9914773876123, -33.85062899337656], [-57.997927153221596, -33.84761737506142], [-58.00172742001739, -33.84418931711078], [-58.00532996837057, -33.83558913617348], [-58.00766508781933, -33.8349020366078], [-58.01008851705099, -33.83085791948086], [-58.01576744868895, -33.828642931901534], [-58.0210181773711, -33.83108151263707], [-58.02443033210009, -33.83045796754779], [-58.027066010928415, -33.819980858812784], [-58.02571816818056, -33.81618152006261], [-58.0279777653653, -33.812317020588615], [-58.03615457465216, -33.80649139645108], [-58.03814811273633, -33.8084249958314], [-58.055706004450165, -33.81010542809848], [-58.06049562185734, -33.80750336965835], [-58.062331992235336, -33.80439168045745], [-58.06275881841988, -33.79951737936011], [-58.06564330645521, -33.79563551620972], [-58.08166510008417, -33.79024715340339], [-58.08894532697273, -33.7822332314953], [-58.08886210840301, -33.77910634448158], [-58.094415267001004, -33.77402085336597], [-58.10427947226125, -33.77360127813067], [-58.112999171118446, -33.77102335929324], [-58.11385293631011, -33.76937066654667], [-58.11976555886779, -33.76740574324123], [-58.124892454365764, -33.7672937028926], [-58.13258510894271, -33.76948133330943], [-58.13522718078351, -33.76880172343778], [-58.13886258528425, -33.775850984281476], [-58.14734372576571, -33.7765009299737], [-58.1511796981661, -33.77978797668751], [-58.15690553548394, -33.79126524915465], [-58.16278486295368, -33.793122445823144], [-58.16257430720189, -33.79555965133566], [-58.165434402555704, -33.798633176439594], [-58.18404084001072, -33.7939878256988], [-58.186151610279225, -33.79816040359173], [-58.19079162263761, -33.80082807894811], [-58.20014190089801, -33.798213277775005], [-58.204513282905936, -33.79820921000773], [-58.209842575515836, -33.80118712560183], [-58.21406857875421, -33.800818868768026], [-58.21578544460141, -33.801858716202396], [-58.21877468954877, -33.80109103121814], [-58.22270607458381, -33.79786241620021], [-58.228677284214825, -33.79733008034493], [-58.23203951355817, -33.79553064411765], [-58.233531016133604, -33.80064073317209], [-58.23698210168158, -33.80243794993553], [-58.241191667930494, -33.80357122146802], [-58.24793308855399, -33.798852565746216], [-58.25460975898796, -33.80627495506316], [-58.26100036264589, -33.806495132396805], [-58.2649540051448, -33.808849239460805], [-58.268834643719025, -33.80865572091298], [-58.278656785781074, -33.81775887190989], [-58.274178787741114, -33.82765804127084], [-58.274039275207954, -33.83033329271339], [-58.27647176237399, -33.83441645856157], [-58.273846681937506, -33.841119579018304], [-58.27603978530501, -33.84302198265429], [-58.28231515171406, -33.84492326880268], [-58.284901793779206, -33.84697978091275], [-58.28472096906345, -33.84923538462077], [-58.2914119317306, -33.850254585364155], [-58.293030392383294, -33.84908642053551], [-58.29801594120847, -33.85278991561072], [-58.297556549511114, -33.86295696428229], [-58.30283883742124, -33.86578417112617], [-58.30471412073364, -33.871622952816566], [-58.309682965261, -33.87672825598197], [-58.3124109203381, -33.87691593694772], [-58.31806059175777, -33.87335233925038], [-58.323064629255825, -33.87348164384897], [-58.32911343335843, -33.88077252137694], [-58.334979997115305, -33.882147179487575], [-58.3393042689665, -33.88716671198968], [-58.341890530484186, -33.88537548062508], [-58.35110492511272, -33.886922787286586], [-58.35600484316119, -33.89284575604652], [-58.362099967322834, -33.89657264427223], [-58.36592720573243, -33.907612577896394], [-58.370247545146455, -33.90881102277069], [-58.37490650363524, -33.912884086275795], [-58.37964880038727, -33.9077542421034], [-58.3992801276239, -33.90812758829155], [-58.40236769090512, -33.908588620609414], [-58.40694689350944, -33.912424844562494], [-58.41511971450529, -33.91577015783195], [-58.415798746669836, -33.9132324664294], [-58.41809643607468, -33.91131820295937], [-58.416002612087, -33.903991187045925], [-58.41895013410649, -33.906722124869496], [-58.420018678226825, -33.89996768294587], [-58.41906680186695, -33.89887950394256], [-58.41871922683386, -33.90094155600783], [-58.416487992999734, -33.90289947192496], [-58.415359814445985, -33.901346404806716], [-58.41962477596632, -33.895217910142385], [-58.41857297063587, -33.892626903158195], [-58.419433189274024, -33.88966178949407], [-58.42139287292985, -33.88837647228646], [-58.421433804562014, -33.88265319211222], [-58.42075847274424, -33.877530912442076], [-58.41833835922659, -33.87258090675905], [-58.41409781432885, -33.86814711538774], [-58.41347056567784, -33.86245601306592], [-58.410509399528294, -33.858508589901284], [-58.410347636712295, -33.85319509602459], [-58.4140868777391, -33.84724015752719], [-58.41358014588206, -33.8430153927935], [-58.41806165245819, -33.83875682532113], [-58.41680921441964, -33.8387654077736], [-58.41748628880972, -33.8365341395314], [-58.42687095850055, -33.831963742633455], [-58.4287307964046, -33.82464261596861], [-58.43139340196162, -33.82203547708204], [-58.42663926330911, -33.81098036840339], [-58.426162487421536, -33.808097758026356], [-58.42709454493236, -33.80715869937132], [-58.42483138612842, -33.80127717835288], [-58.42403356829857, -33.786460794860425], [-58.41885464723643, -33.774107583914], [-58.41736210570273, -33.76583938959067], [-58.41892300235125, -33.75082860796567], [-58.417535866701385, -33.74317094838994], [-58.42023104754982, -33.73531849803973], [-58.42124659962961, -33.72438357998326], [-58.43109050792219, -33.70204102615806], [-58.43136059253496, -33.69781772132305], [-58.43884590892272, -33.68311283794366], [-58.43704932834633, -33.67899674895494], [-58.42237697223826, -33.66615179489928], [-58.41944317905899, -33.65985612916802], [-58.41793210831423, -33.651421440619934], [-58.420502945333055, -33.63385671378751], [-58.41800339324415, -33.61890474968033], [-58.420085928532124, -33.607640697751776], [-58.41930169542037, -33.59595973654592], [-58.42152970714449, -33.58311546192631], [-58.42099018727394, -33.580585507639434], [-58.4225995729217, -33.57577501787145], [-58.426656693887644, -33.57038985578968], [-58.42950791825713, -33.56217340043882], [-58.42654395710357, -33.558496375508554], [-58.42655847691655, -33.554711012522155], [-58.42826021982169, -33.54870890457433], [-58.42769686453666, -33.544322992967516], [-58.43129650822296, -33.53703686552961], [-58.4307126456829, -33.53020012098911], [-58.432947313038284, -33.525826816091744], [-58.428923424813455, -33.515530446262375], [-58.42990251723885, -33.50771420204126], [-58.425593645929645, -33.502182110219906], [-58.42471074981984, -33.490043493108075], [-58.41741736298951, -33.483573938841765], [-58.41119255392706, -33.474332683583505], [-58.39924000584327, -33.47127659742324], [-58.39920752591833, -33.465509461685734], [-58.39677411585716, -33.46395631790168], [-58.389674658778155, -33.45410132782291], [-58.39229871302196, -33.44907169127048], [-58.3549829467976, -33.44913597936421], [-58.332801702679824, -33.45204039858732], [-58.30752622763068, -33.46390752554471], [-58.29493992703459, -33.46726077690226], [-58.28765956815399, -33.472475796670246], [-58.283257348121126, -33.47816534011543], [-58.27856522697614, -33.47567124375543], [-58.273380827012915, -33.468489877929436], [-58.26496815980014, -33.465198326147856], [-58.259947829405235, -33.46094937012372], [-58.25555016460405, -33.45996052023276], [-58.24941405489336, -33.45535972256854], [-58.23901686366856, -33.454598421083965], [-58.235049281323846, -33.44670369143984], [-58.22112160224917, -33.44623903223896], [-58.21395948616445, -33.44147002071953], [-58.20468815786937, -33.44025694401619], [-58.20258675998207, -33.43679408066064], [-58.190029263265586, -33.436861808293386], [-58.181555793689796, -33.43985822981412], [-58.17818777986192, -33.43916402262498], [-58.175410451112334, -33.43577187618579], [-58.17227935078512, -33.43485522596795], [-58.15680648498194, -33.4436993260447], [-58.15056020097602, -33.44143545542876], [-58.14862038689773, -33.437688264906214], [-58.145240666593544, -33.435849015412124], [-58.12844756534444, -33.439619626538615], [-58.12435747231101, -33.43674415364808], [-58.12292754009058, -33.43326726173982], [-58.11957876906587, -33.433049675042746], [-58.1166902440417, -33.43128176615486], [-58.10863403945948, -33.43633726174294], [-58.10661432898183, -33.43581426832724], [-58.104108646857775, -33.42955417880336], [-58.0898651603822, -33.42272753350139], [-58.083543577789094, -33.422927226725065], [-58.079239140979375, -33.41810118803982], [-58.073864135222735, -33.4181960325271], [-58.06921025619944, -33.4201855267828], [-58.06372001733413, -33.41893751826493], [-58.06535874091261, -33.414753903799024], [-58.064354863822004, -33.41268525238693], [-58.05935385295951, -33.41173790097492], [-58.057712781790045, -33.40644205542432], [-58.05409452727427, -33.4060799721764], [-58.050730377054876, -33.407830339689845], [-58.04381026008541, -33.40515271447592], [-58.04125706608741, -33.406867035572354], [-58.03745626486254, -33.40498721188665], [-58.03411304027608, -33.40493536566028], [-58.03158921971158, -33.40212967080645], [-58.02691451260427, -33.40471169031053], [-58.02468999944083, -33.404410103967535], [-58.01933942743801, -33.402229393891396], [-58.01584271650901, -33.40271237567151], [-58.01109516490186, -33.39999405111749], [-57.997789097153465, -33.39919377809961], [-57.99045524468311, -33.39498487878415], [-57.980283543320624, -33.397315980307894], [-57.971072214636564, -33.40232463906952], [-57.96422118143906, -33.403355090633475]]]}}, {"id": "10", "type": "Feature", "properties": {"codcuenca": 20, "area": 1519, "nombre_cue": "RÍO DE LA PLATA entre Río Uruguay y Río San Juan", "cabecera": 19}, "geometry": {"type": "Polygon", "coordinates": [[[-58.124892454365764, -33.7672937028926], [-58.11976555886779, -33.76740574324123], [-58.11385293631011, -33.76937066654667], [-58.112999171118446, -33.77102335929324], [-58.10427947226125, -33.77360127813067], [-58.094415267001004, -33.77402085336597], [-58.08886210840301, -33.77910634448158], [-58.08894532697273, -33.7822332314953], [-58.08166510008417, -33.79024715340339], [-58.06564330645521, -33.79563551620972], [-58.06275881841988, -33.79951737936011], [-58.062331992235336, -33.80439168045745], [-58.06049562185734, -33.80750336965835], [-58.055706004450165, -33.81010542809848], [-58.03814811273633, -33.8084249958314], [-58.03615457465216, -33.80649139645108], [-58.0279777653653, -33.812317020588615], [-58.02571816818056, -33.81618152006261], [-58.027066010928415, -33.819980858812784], [-58.02443033210009, -33.83045796754779], [-58.0210181773711, -33.83108151263707], [-58.01576744868895, -33.828642931901534], [-58.01008851705099, -33.83085791948086], [-58.00766508781933, -33.8349020366078], [-58.00532996837057, -33.83558913617348], [-58.00172742001739, -33.84418931711078], [-57.997927153221596, -33.84761737506142], [-57.9914773876123, -33.85062899337656], [-57.99131839770071, -33.86071247492986], [-57.989766024367896, -33.86474484910981], [-57.98174182685715, -33.87189005924548], [-57.977380681013386, -33.88065745000308], [-57.96646862176331, -33.88319323107426], [-57.95891350851135, -33.8828007155644], [-57.95066199166966, -33.88006345562763], [-57.947721611621354, -33.87882561432149], [-57.947803713324625, -33.87538495557865], [-57.94471095293925, -33.871143171450015], [-57.936161739504186, -33.87098839141269], [-57.92833783719634, -33.860318445867314], [-57.92215103670759, -33.85907364320606], [-57.914381768246386, -33.859342371454034], [-57.912858999805955, -33.86328792177985], [-57.9065035911774, -33.861774918264224], [-57.90247507545856, -33.862654649415795], [-57.89626198824934, -33.86032776375689], [-57.890079378758564, -33.86186082767281], [-57.887850529976106, -33.86749857039429], [-57.87720841813288, -33.865399062829646], [-57.86982451814707, -33.86688077282401], [-57.86669376701346, -33.87028808463921], [-57.86219800526213, -33.87198527532904], [-57.8568176802301, -33.87058852919559], [-57.846202340369345, -33.87207479606762], [-57.8424284932908, -33.87454984597097], [-57.83244638396038, -33.87551442539163], [-57.828341556090514, -33.87966019290054], [-57.82478012325862, -33.88612149751982], [-57.81234473945871, -33.89319678289626], [-57.805899306439635, -33.89643195396035], [-57.80148710973912, -33.894881876383565], [-57.795355950313784, -33.89606261612013], [-57.79477713945032, -33.899045420018545], [-57.79004535831893, -33.90466336745416], [-57.77952953114586, -33.91253676492033], [-57.7773951435677, -33.91838276930167], [-57.77940498668074, -33.92342117301476], [-57.7873519656341, -33.92448767616869], [-57.79311791041765, -33.92354836739428], [-57.80437229556102, -33.93178895518284], [-57.805501956911606, -33.93469080984269], [-57.81159889233811, -33.94157635762321], [-57.818475661456084, -33.94243942637625], [-57.82801965758377, -33.94646392760961], [-57.83584082502337, -33.95606663165684], [-57.84129864381509, -33.95772960654172], [-57.84941056108483, -33.963877641954575], [-57.847266612634236, -33.97848121693794], [-57.85062326410467, -33.98498362399296], [-57.85963898503716, -33.98586263325427], [-57.86460719574922, -33.99503778450107], [-57.86312627025237, -34.00408867598288], [-57.863710928988866, -34.00707718776485], [-57.87036040221344, -34.009486444320856], [-57.87493591828828, -34.00911087641135], [-57.88088550205823, -34.01343482661316], [-57.87856974635923, -34.01869491258335], [-57.88185151388576, -34.022532935361255], [-57.88971804226717, -34.026385837513565], [-57.89151536905946, -34.029585004821406], [-57.90081804286474, -34.03346826270033], [-57.90555858025732, -34.03936776369848], [-57.90983255613995, -34.04138934672721], [-57.916457847301814, -34.04238293585017], [-57.91887618642179, -34.044159606966794], [-57.923126250421426, -34.05175626472425], [-57.92409810490023, -34.057389076666716], [-57.913438694291365, -34.06307821362207], [-57.910391310409395, -34.066124879433545], [-57.91434642645136, -34.07256071035133], [-57.9143154379308, -34.07595704179382], [-57.923337668258824, -34.083953075461395], [-57.92401600466991, -34.089682333430325], [-57.93147764516329, -34.09461355690709], [-57.93271797914497, -34.09730980980201], [-57.93275397218176, -34.1030695394934], [-57.93818428084438, -34.11173536938521], [-57.94487357520482, -34.110965718971855], [-57.94946479998604, -34.121149858719626], [-57.956024545938874, -34.12449859321715], [-57.95668160603126, -34.12727449729105], [-57.955597447727804, -34.130777850005764], [-57.953171948192534, -34.132766799287715], [-57.95305599904225, -34.13960291259361], [-57.951783180715424, -34.141989963051834], [-57.95328295855976, -34.145243502119435], [-57.95682983601465, -34.14629618799114], [-57.9580540860025, -34.148295555998274], [-57.95728717195635, -34.151096478511874], [-57.95880837032094, -34.15854452009683], [-57.96436136899953, -34.16226098960478], [-57.966240865826336, -34.165828655749], [-57.97218981008524, -34.17006677971073], [-57.97361465144753, -34.172654920554606], [-57.98074617712278, -34.17026339449198], [-57.99464749536143, -34.17578537651704], [-57.99774301364146, -34.17588328006323], [-58.0026837125745, -34.17855213408722], [-58.0062179693078, -34.18344378472613], [-58.00172691812852, -34.18679844498674], [-58.00197949884617, -34.197422123441086], [-58.006483270406676, -34.19921011203521], [-58.0100317086409, -34.203107271012286], [-58.01194243083114, -34.212351797994366], [-58.0097509749449, -34.21682747097896], [-58.00668662243528, -34.217767517377766], [-58.00607217912695, -34.22061958872575], [-58.00993333497424, -34.227884760931175], [-58.009486453197525, -34.2311667453215], [-58.01619175070399, -34.24007903838061], [-58.01026810819957, -34.24778158521436], [-57.9944527821664, -34.25939799291213], [-57.99355384411206, -34.26171468779844], [-57.995407430709314, -34.26515739652204], [-57.99585349912088, -34.26227449010068], [-58.0047254365866, -34.25535596660443], [-58.017659828831185, -34.25069753615124], [-58.020566077853076, -34.24854505385386], [-58.0321949454812, -34.24671156833401], [-58.032307658909446, -34.24070738562892], [-58.037625861540654, -34.236645026214916], [-58.04900865803623, -34.23379609838657], [-58.0606402387951, -34.234600473544354], [-58.061661644318995, -34.2305982569021], [-58.06495143424662, -34.22987060689584], [-58.06589866043543, -34.22715846623383], [-58.061125339949335, -34.22149685567907], [-58.062904422320344, -34.2129745612123], [-58.0673395063655, -34.20845862813909], [-58.06951431558806, -34.20744507426348], [-58.07252573684376, -34.20810125230498], [-58.07403617488807, -34.20658623952558], [-58.07350431187839, -34.205361437588806], [-58.06958979562383, -34.20500137947273], [-58.06889237035535, -34.20164373500041], [-58.07364385372483, -34.19521115097284], [-58.07302104647023, -34.19423135828679], [-58.075626008385996, -34.192290487595], [-58.075238616286526, -34.18998154733048], [-58.08492088613526, -34.183871524236274], [-58.104468923610234, -34.17616088576508], [-58.108009091875566, -34.17357092652767], [-58.150828693442456, -34.166052769686075], [-58.15109956873412, -34.16739036993541], [-58.16517242372436, -34.16662416798446], [-58.18868675226307, -34.16350999599746], [-58.209589181411836, -34.16544427640121], [-58.21051044024716, -34.16162316056434], [-58.21664244791644, -34.15349996442749], [-58.219060819033096, -34.151330005948196], [-58.223301728547455, -34.150214454105594], [-58.21951436371758, -34.146639390746245], [-58.21959720797767, -34.14384407290397], [-58.22096429508563, -34.14237520535751], [-58.2174623052632, -34.1392900880124], [-58.217863754035044, -34.136263192665886], [-58.21435060654229, -34.13277265909292], [-58.21473583513758, -34.12726781148051], [-58.21352859420328, -34.12292077560675], [-58.216702518789035, -34.11641479621829], [-58.21963428157212, -34.11473489314446], [-58.21946402249643, -34.11174178461512], [-58.21790597638292, -34.11035310464207], [-58.21990123080954, -34.102428348872074], [-58.21990792689981, -34.09695796999153], [-58.2220580133952, -34.091571493599304], [-58.228528705998116, -34.0828643253573], [-58.232475886057074, -34.07318849330613], [-58.23650603645604, -34.071247644623234], [-58.237142878474955, -34.0690135683089], [-58.23825633108955, -34.06894641013213], [-58.237831074812384, -34.06733270349428], [-58.240113824976426, -34.06688183872363], [-58.24118271342435, -34.063363971689355], [-58.2444991534658, -34.06197326444515], [-58.24503353322878, -34.05984482704687], [-58.24608099575264, -34.060499867875365], [-58.24864126201399, -34.05540218527651], [-58.25933952081728, -34.0471949245884], [-58.261427993439504, -34.04379166275322], [-58.2810349359522, -34.030104812330556], [-58.29109663607729, -34.026251465487555], [-58.29122062359319, -34.01716500488762], [-58.294741145457955, -34.01062308842678], [-58.299187015315454, -34.0072434533556], [-58.2976772046241, -34.00557089897896], [-58.304757028522765, -33.999046465229725], [-58.30849847011951, -33.99087754945384], [-58.31177275114396, -33.989278692459365], [-58.32330888155395, -33.97732713169455], [-58.32475039267782, -33.97303495435809], [-58.33033172886139, -33.96719774774926], [-58.339419290867134, -33.96546042755837], [-58.34323051693327, -33.96269616905737], [-58.3575531621659, -33.95775814116067], [-58.35969723880932, -33.95460448956911], [-58.363558115186265, -33.95425373910064], [-58.36089633513523, -33.953119629177124], [-58.3586538266927, -33.95406746770334], [-58.36110036708119, -33.950907502268365], [-58.364973775839324, -33.95098000251005], [-58.365049390302694, -33.94953654690784], [-58.369098553553336, -33.94790412654047], [-58.36940015236358, -33.94642682447349], [-58.37788545580857, -33.9452580300757], [-58.38410094600799, -33.94269447814993], [-58.38760659404069, -33.93706058196794], [-58.394087720931616, -33.930453722246334], [-58.40088522273342, -33.92646225250321], [-58.40998409043744, -33.91820417929864], [-58.41511971450529, -33.91577015783195], [-58.40694689350944, -33.912424844562494], [-58.40236769090512, -33.908588620609414], [-58.3992801276239, -33.90812758829155], [-58.37964880038727, -33.9077542421034], [-58.37490650363524, -33.912884086275795], [-58.370247545146455, -33.90881102277069], [-58.36592720573243, -33.907612577896394], [-58.362099967322834, -33.89657264427223], [-58.35600484316119, -33.89284575604652], [-58.35110492511272, -33.886922787286586], [-58.341890530484186, -33.88537548062508], [-58.3393042689665, -33.88716671198968], [-58.334979997115305, -33.882147179487575], [-58.32911343335843, -33.88077252137694], [-58.323064629255825, -33.87348164384897], [-58.31806059175777, -33.87335233925038], [-58.3124109203381, -33.87691593694772], [-58.309682965261, -33.87672825598197], [-58.30471412073364, -33.871622952816566], [-58.30283883742124, -33.86578417112617], [-58.297556549511114, -33.86295696428229], [-58.29801594120847, -33.85278991561072], [-58.293030392383294, -33.84908642053551], [-58.2914119317306, -33.850254585364155], [-58.28472096906345, -33.84923538462077], [-58.284901793779206, -33.84697978091275], [-58.28231515171406, -33.84492326880268], [-58.27603978530501, -33.84302198265429], [-58.273846681937506, -33.841119579018304], [-58.27647176237399, -33.83441645856157], [-58.274039275207954, -33.83033329271339], [-58.274178787741114, -33.82765804127084], [-58.278656785781074, -33.81775887190989], [-58.268834643719025, -33.80865572091298], [-58.2649540051448, -33.808849239460805], [-58.26100036264589, -33.806495132396805], [-58.25460975898796, -33.80627495506316], [-58.24793308855399, -33.798852565746216], [-58.241191667930494, -33.80357122146802], [-58.23698210168158, -33.80243794993553], [-58.233531016133604, -33.80064073317209], [-58.23203951355817, -33.79553064411765], [-58.228677284214825, -33.79733008034493], [-58.22270607458381, -33.79786241620021], [-58.21877468954877, -33.80109103121814], [-58.21578544460141, -33.801858716202396], [-58.21406857875421, -33.800818868768026], [-58.209842575515836, -33.80118712560183], [-58.204513282905936, -33.79820921000773], [-58.20014190089801, -33.798213277775005], [-58.19079162263761, -33.80082807894811], [-58.186151610279225, -33.79816040359173], [-58.18404084001072, -33.7939878256988], [-58.165434402555704, -33.798633176439594], [-58.16257430720189, -33.79555965133566], [-58.16278486295368, -33.793122445823144], [-58.15690553548394, -33.79126524915465], [-58.1511796981661, -33.77978797668751], [-58.14734372576571, -33.7765009299737], [-58.13886258528425, -33.775850984281476], [-58.13522718078351, -33.76880172343778], [-58.13258510894271, -33.76948133330943], [-58.124892454365764, -33.7672937028926]]]}}, {"id": "11", "type": "Feature", "properties": {"codcuenca": 21, "area": 1570, "nombre_cue": "RÍO SAN JUAN", "cabecera": 21}, "geometry": {"type": "Polygon", "coordinates": [[[-57.415727838206934, -33.91447481140187], [-57.419273729818265, -33.91708090778162], [-57.42063680628393, -33.9201649473236], [-57.41925601790383, -33.92885754608503], [-57.42272876085627, -33.92996407721452], [-57.42799654855821, -33.93879083946676], [-57.428782241973416, -33.942388925766195], [-57.43175993396207, -33.94477333160095], [-57.43108883277302, -33.952418080573246], [-57.432346855571964, -33.9539457809312], [-57.430953337540835, -33.95645235557937], [-57.434215157799244, -33.96224089378192], [-57.434542100954125, -33.967801165776095], [-57.4399253620202, -33.97513349294587], [-57.439737675812815, -33.9786755351897], [-57.44241212624532, -33.97946491810693], [-57.44994415782052, -33.98639907291153], [-57.448457236576765, -33.99066572985651], [-57.45213231456212, -33.99613127572824], [-57.45303842460526, -34.002176686807], [-57.46035273155897, -34.01307784011455], [-57.46078316904792, -34.01790461205395], [-57.462657287000376, -34.02050098139956], [-57.46433829782387, -34.03339132568853], [-57.463410789635546, -34.03740501911911], [-57.464571799091395, -34.03962249465229], [-57.46804241224493, -34.04041985606173], [-57.470784052586346, -34.04555679059374], [-57.47468234560933, -34.048887307801124], [-57.478167668679504, -34.04892865696267], [-57.47899212474355, -34.05105752950997], [-57.476469208091856, -34.055610748167716], [-57.477729940998174, -34.06075188433581], [-57.482541496628116, -34.060965242645636], [-57.48647749578941, -34.0634124447925], [-57.49199067070366, -34.064059449383194], [-57.49463218516983, -34.067405557126335], [-57.49472489455957, -34.07052694296894], [-57.501748344508755, -34.076612057044734], [-57.50339720047112, -34.08077638503449], [-57.50874389271049, -34.08382492637985], [-57.511313510875894, -34.08921010090639], [-57.509810894456564, -34.09368824725695], [-57.51278607661616, -34.09762214730546], [-57.51331353001069, -34.10942037164081], [-57.51166349315804, -34.113780123331786], [-57.5120674521692, -34.11600699420648], [-57.50549663394471, -34.12544333164738], [-57.5095006759614, -34.12736507716859], [-57.51260997813009, -34.13246777567373], [-57.51895266424821, -34.13714084162224], [-57.52286361309255, -34.14515309781065], [-57.52666340372588, -34.147666496303174], [-57.52790192785942, -34.154341064631204], [-57.53020196224907, -34.15898388422724], [-57.533063529118394, -34.16153711838807], [-57.52744329780976, -34.16631420038277], [-57.52726077049044, -34.16846448472941], [-57.52384313321069, -34.17174561743143], [-57.52334750377123, -34.17422507283389], [-57.52567501895947, -34.1763498471691], [-57.52919035098263, -34.184563244972324], [-57.52432278879932, -34.189070294046424], [-57.52316968220992, -34.194898855494344], [-57.5246327765945, -34.19804866434035], [-57.53053447544675, -34.200552418320136], [-57.52874020524037, -34.204440295360016], [-57.53245217292528, -34.20818507380421], [-57.53735934920536, -34.208351149067006], [-57.54706588163071, -34.21669392166639], [-57.54701990149566, -34.22901261214039], [-57.55587876413044, -34.23232521678681], [-57.5598817816533, -34.23569770362196], [-57.56613711787015, -34.23454334132486], [-57.57553987605984, -34.236996447017596], [-57.57722906106673, -34.23826643669415], [-57.57756181191366, -34.24146620369251], [-57.582409035442346, -34.24202987396597], [-57.587439406648365, -34.240381275527184], [-57.59497021465939, -34.24189131320564], [-57.597411294886484, -34.24741166135766], [-57.60200319159921, -34.252293473526166], [-57.602193238996875, -34.255290209582796], [-57.60968032621189, -34.258908727957774], [-57.61401300175989, -34.27245495755079], [-57.61997872451231, -34.278332621246115], [-57.624264766091066, -34.27920107961623], [-57.62415100500037, -34.28432991572306], [-57.625326091890955, -34.28673614914728], [-57.622244862888984, -34.28967186793914], [-57.62395921289857, -34.2910446611547], [-57.63062804625504, -34.29299602246154], [-57.63492198406561, -34.29131401555945], [-57.639986966560144, -34.291789384329114], [-57.6419503811768, -34.29561938158276], [-57.645850952205485, -34.29575059635238], [-57.64775780674535, -34.293907797954176], [-57.65328315797169, -34.293186188993566], [-57.656037463644815, -34.29421512091198], [-57.660173184139445, -34.29186849761768], [-57.66643570149936, -34.291411193782096], [-57.66946305891092, -34.293509460256566], [-57.67057743471435, -34.297072182833226], [-57.67457168165701, -34.29932281381364], [-57.67441413116572, -34.303461096368565], [-57.67680712522594, -34.3048881679631], [-57.68978647357928, -34.30160590094433], [-57.69153556948555, -34.30446869157433], [-57.69739150052819, -34.30770676094838], [-57.706892720334196, -34.30876524098718], [-57.72263980676116, -34.3039842945181], [-57.72542783055871, -34.29939966467408], [-57.733758312468886, -34.295316424255354], [-57.73658480271708, -34.29490881836414], [-57.73780049770175, -34.29632488838403], [-57.74180307902782, -34.29715665004915], [-57.74568202496019, -34.30086689894889], [-57.75035117182322, -34.29962112893971], [-57.75527105588539, -34.29644439974493], [-57.75406957386207, -34.28912586993146], [-57.755512481484516, -34.28621293933629], [-57.75900321326869, -34.28198667820247], [-57.76591324808167, -34.280783704846705], [-57.774282275142745, -34.27157111335255], [-57.77427272225406, -34.26732052878343], [-57.78228309263811, -34.264731696154385], [-57.7873322612477, -34.265841462433364], [-57.79279204373917, -34.26418688661398], [-57.80573589868773, -34.25704029628681], [-57.81423023965393, -34.25950788923344], [-57.82270879932921, -34.25483643085111], [-57.82781737614258, -34.2584259493932], [-57.83310813405019, -34.25962912098898], [-57.83604647829001, -34.26245990696052], [-57.84546376468448, -34.26205111449391], [-57.85122666363465, -34.26635458312796], [-57.85496588528361, -34.27270789638525], [-57.86057491234046, -34.27768193374756], [-57.86502898729306, -34.27890709344963], [-57.871276946530244, -34.27817259315823], [-57.87675550728676, -34.282037244245615], [-57.88719636737915, -34.27894638532587], [-57.88778567683448, -34.27371627741578], [-57.88985206527442, -34.27287695981691], [-57.89561397796865, -34.27425375864246], [-57.90156988148768, -34.273099225192105], [-57.906110211564226, -34.28085785754881], [-57.910700352015034, -34.285380117919665], [-57.917397798831786, -34.28889243495519], [-57.92081122249607, -34.293927649123674], [-57.92750135470711, -34.29300677701156], [-57.936321498807516, -34.29668903058134], [-57.94450075121454, -34.292710279908896], [-57.956837797265656, -34.29094588130266], [-57.964645454572285, -34.287093552328884], [-57.96886740195427, -34.28808026005263], [-57.97471823724159, -34.283463792584705], [-57.97906320896007, -34.28219467256009], [-57.995407430709314, -34.26515739652204], [-57.99355384411206, -34.26171468779844], [-57.9944527821664, -34.25939799291213], [-58.01026810819957, -34.24778158521436], [-58.01555916717193, -34.24155384117194], [-58.01619175070399, -34.24007903838061], [-58.009486453197525, -34.2311667453215], [-58.00993333497424, -34.227884760931175], [-58.00607217912695, -34.22061958872575], [-58.00668662243528, -34.217767517377766], [-58.0097509749449, -34.21682747097896], [-58.01194243083114, -34.212351797994366], [-58.0100317086409, -34.203107271012286], [-58.006483270406676, -34.19921011203521], [-58.00197949884617, -34.197422123441086], [-58.00172691812852, -34.18679844498674], [-58.0062179693078, -34.18344378472613], [-58.0026837125745, -34.17855213408722], [-57.99774301364146, -34.17588328006323], [-57.99464749536143, -34.17578537651704], [-57.98074617712278, -34.17026339449198], [-57.97361465144753, -34.172654920554606], [-57.97218981008524, -34.17006677971073], [-57.966240865826336, -34.165828655749], [-57.96436136899953, -34.16226098960478], [-57.95880837032094, -34.15854452009683], [-57.95728717195635, -34.151096478511874], [-57.9580540860025, -34.148295555998274], [-57.95682983601465, -34.14629618799114], [-57.95328295855976, -34.145243502119435], [-57.951783180715424, -34.141989963051834], [-57.95305599904225, -34.13960291259361], [-57.953171948192534, -34.132766799287715], [-57.955597447727804, -34.130777850005764], [-57.95668160603126, -34.12727449729105], [-57.956024545938874, -34.12449859321715], [-57.94946479998604, -34.121149858719626], [-57.94487357520482, -34.110965718971855], [-57.93818428084438, -34.11173536938521], [-57.93275397218176, -34.1030695394934], [-57.93271797914497, -34.09730980980201], [-57.93147764516329, -34.09461355690709], [-57.92401600466991, -34.089682333430325], [-57.923337668258824, -34.083953075461395], [-57.9143154379308, -34.07595704179382], [-57.91434642645136, -34.07256071035133], [-57.910391310409395, -34.066124879433545], [-57.913438694291365, -34.06307821362207], [-57.92409810490023, -34.057389076666716], [-57.923126250421426, -34.05175626472425], [-57.91887618642179, -34.044159606966794], [-57.916457847301814, -34.04238293585017], [-57.90983255613995, -34.04138934672721], [-57.90555858025732, -34.03936776369848], [-57.90081804286474, -34.03346826270033], [-57.89151536905946, -34.029585004821406], [-57.88971804226717, -34.026385837513565], [-57.88185151388576, -34.022532935361255], [-57.87856974635923, -34.01869491258335], [-57.88088550205823, -34.01343482661316], [-57.87493591828828, -34.00911087641135], [-57.87036040221344, -34.009486444320856], [-57.863710928988866, -34.00707718776485], [-57.86312627025237, -34.00408867598288], [-57.86460719574922, -33.99503778450107], [-57.85963898503716, -33.98586263325427], [-57.85062326410467, -33.98498362399296], [-57.847266612634236, -33.97848121693794], [-57.84941056108483, -33.963877641954575], [-57.84129864381509, -33.95772960654172], [-57.83584082502337, -33.95606663165684], [-57.82801965758377, -33.94646392760961], [-57.818475661456084, -33.94243942637625], [-57.81159889233811, -33.94157635762321], [-57.805501956911606, -33.93469080984269], [-57.80437229556102, -33.93178895518284], [-57.79311791041765, -33.92354836739428], [-57.7873519656341, -33.92448767616869], [-57.778687633247294, -33.922865107454406], [-57.77513043983444, -33.92475652219412], [-57.769781057879754, -33.92467712827185], [-57.7652808998941, -33.9227677520925], [-57.76511746499371, -33.919963514058786], [-57.762972473617914, -33.917108330805924], [-57.75564356018584, -33.913192692754016], [-57.74634306602901, -33.91737235356891], [-57.74325307791133, -33.91752567707458], [-57.7406786481777, -33.92084652082982], [-57.73161467616318, -33.91851242267428], [-57.728915580715515, -33.92177438695248], [-57.72528446650168, -33.923234663775624], [-57.71753133965678, -33.922946625559234], [-57.704554738233995, -33.93065688099242], [-57.705522988896156, -33.93410921833383], [-57.70467420111126, -33.93602112702103], [-57.68648038019256, -33.93427173377348], [-57.677068456032785, -33.93727077716183], [-57.67152375900227, -33.937355211493404], [-57.66954012666937, -33.94176081789508], [-57.656570515564916, -33.94203970169883], [-57.648044985432264, -33.943969854106165], [-57.64292932913339, -33.94228188978961], [-57.64005690102198, -33.9387377747656], [-57.63796869321562, -33.93835619333541], [-57.631069292779365, -33.9425195046987], [-57.62620633267578, -33.94876829116345], [-57.623171656515645, -33.95046441741432], [-57.61387882467113, -33.95151782577194], [-57.61112685075664, -33.94599888149669], [-57.604167317778284, -33.94207523482328], [-57.60011182472493, -33.94264225661243], [-57.58991042563308, -33.94077130836982], [-57.5844105456521, -33.936466317425456], [-57.57831456462791, -33.93490613524452], [-57.57327735571464, -33.9289554683474], [-57.56635514684202, -33.92965732261755], [-57.56310723389748, -33.9263308058476], [-57.55362408606322, -33.92540933827878], [-57.53900471814262, -33.91758035286016], [-57.52143116289074, -33.91631942393567], [-57.517316129945016, -33.91132587577136], [-57.5133356461889, -33.91270704597593], [-57.508180025781684, -33.91120335514907], [-57.502159068615846, -33.91237378934147], [-57.49863303251426, -33.914655700930346], [-57.49546098429919, -33.912280097394195], [-57.48473463262393, -33.91658607158505], [-57.479308559279666, -33.91211301944225], [-57.4784780805785, -33.91438260326402], [-57.475090234944226, -33.91510712985356], [-57.46675755775903, -33.91094040680726], [-57.46192500940997, -33.90639083626065], [-57.448354256885956, -33.90422915631404], [-57.440204895451146, -33.89613367576858], [-57.4377703831895, -33.88825478036296], [-57.43101070229899, -33.883867368810584], [-57.42545225881413, -33.88368344565519], [-57.41480259819007, -33.88698694692757], [-57.41619376999335, -33.88912471663026], [-57.41632647775199, -33.896158374424786], [-57.411484456782226, -33.90128387742802], [-57.41459532586515, -33.90802112940859], [-57.415727838206934, -33.91447481140187]]]}}, {"id": "12", "type": "Feature", "properties": {"codcuenca": 22, "area": 924, "nombre_cue": "RÍO DE LA PLATA entre Río San Juan y Río Rosario", "cabecera": 19}, "geometry": {"type": "Polygon", "coordinates": [[[-57.51457486842826, -34.200670789018034], [-57.50186289864557, -34.199636225414885], [-57.49686584878919, -34.20119765062774], [-57.49670151488666, -34.2077759114927], [-57.49518382868983, -34.21136776367524], [-57.493492942102, -34.212137219089215], [-57.49447736392579, -34.216450948908275], [-57.49238816410838, -34.219762603854605], [-57.48880257443145, -34.220110480289904], [-57.483572209631, -34.22496731151123], [-57.48014253411858, -34.226201641966526], [-57.478919045354495, -34.230571768192895], [-57.481153106460724, -34.23289916504677], [-57.4809830382684, -34.23790030569405], [-57.473123900725334, -34.25073582571501], [-57.470212504696626, -34.25413949393479], [-57.4625298428167, -34.25426756458844], [-57.46190365412872, -34.25897643179463], [-57.4583153523651, -34.26112792162139], [-57.45743411871734, -34.264800624018655], [-57.45473470086166, -34.266914847280766], [-57.45448123956164, -34.26996979919319], [-57.452644152590466, -34.27253130021949], [-57.44591728911937, -34.273218723926675], [-57.445362029320144, -34.27546322747102], [-57.44105975359911, -34.27761121513239], [-57.43764122862251, -34.28143145830666], [-57.439985855993896, -34.2824751899408], [-57.44154690946935, -34.28691678022665], [-57.4383273174584, -34.29485355352796], [-57.44002067069278, -34.29814262138977], [-57.439629229147116, -34.300322178740146], [-57.42870597042186, -34.30344162909332], [-57.42663015729083, -34.31234769030686], [-57.42325167121591, -34.314332355029904], [-57.42432262084463, -34.31770210517043], [-57.41993112312381, -34.32959215221749], [-57.42000343648755, -34.331215132437066], [-57.42466125296633, -34.33646632996168], [-57.42597317653616, -34.34354289518943], [-57.43033858147635, -34.34602152046229], [-57.43338495950429, -34.349663915895576], [-57.42917775297009, -34.35111035659105], [-57.42575316245917, -34.35078285074285], [-57.42355562254392, -34.36453774879321], [-57.42207560714956, -34.36558121262077], [-57.420987019209484, -34.369799436639234], [-57.422479967999664, -34.37339284972521], [-57.418292609567025, -34.376706693008884], [-57.41727496569318, -34.38237995302436], [-57.40590062870084, -34.38521568872199], [-57.40658438992424, -34.39274215710014], [-57.402912407959526, -34.39368562916011], [-57.40294828914987, -34.400352949152044], [-57.4003680186346, -34.403135370917454], [-57.40822662375994, -34.408015263441634], [-57.40952510698206, -34.41001260067426], [-57.408385162057726, -34.41434808219362], [-57.39523840214298, -34.42086876654492], [-57.38779026075099, -34.41823096116013], [-57.383308183913506, -34.413637596063346], [-57.37491997246582, -34.41277599929526], [-57.363959433673074, -34.413961180879646], [-57.3619074338276, -34.41495731881203], [-57.361759750671325, -34.41688886553089], [-57.35610701426791, -34.41771717878054], [-57.357735341824586, -34.42299366210934], [-57.357053980590855, -34.4250913818168], [-57.35238844960364, -34.42539703508097], [-57.348093865018456, -34.42744341396173], [-57.349879914049964, -34.431524263502894], [-57.34834046262125, -34.43345362285265], [-57.36138911952163, -34.430268240000295], [-57.37637080199497, -34.42986869484892], [-57.38658587356914, -34.42820432057123], [-57.395355252709976, -34.42890139912353], [-57.40244142238478, -34.42973708949095], [-57.41912248879779, -34.434564686658064], [-57.431359832590864, -34.44014336444374], [-57.44268207337279, -34.443353631568336], [-57.44630083961289, -34.4420431163656], [-57.44356065843654, -34.44099841752034], [-57.44511923444688, -34.43448802268845], [-57.45172047568466, -34.42998259929568], [-57.46337631376226, -34.428103079414804], [-57.47195458855092, -34.4284637662791], [-57.482352377537694, -34.430601435730956], [-57.50651057487498, -34.43919850302207], [-57.52629683692436, -34.44753707363165], [-57.537035120310236, -34.453856222202845], [-57.5453344626053, -34.450087758828325], [-57.546453399473485, -34.446349443112865], [-57.550490670698295, -34.44692259514567], [-57.550832782914476, -34.44507004921924], [-57.55495238701216, -34.44438006882917], [-57.55389056636877, -34.44302534749037], [-57.55567058829496, -34.439710083898206], [-57.5615576771875, -34.43410048217485], [-57.57073923609717, -34.428469972819535], [-57.57178895618072, -34.429247899413255], [-57.578788273226664, -34.42693810772397], [-57.58797815117087, -34.4258757334172], [-57.60000208525035, -34.42663664012625], [-57.61698788354698, -34.42999952370013], [-57.63908011700289, -34.4384926839527], [-57.64190944085591, -34.43854021216961], [-57.64336684337448, -34.440014359981305], [-57.65416310653259, -34.44123002092648], [-57.669742450816535, -34.44959983002936], [-57.67764072538821, -34.44764917342347], [-57.684106247051574, -34.44876638631457], [-57.696223031529044, -34.45394151758018], [-57.71249385752227, -34.4579960017602], [-57.71958168356706, -34.462003621747385], [-57.72460369167728, -34.46273576008617], [-57.727214220082764, -34.45796301954975], [-57.73753477870174, -34.456339791062426], [-57.75482249508477, -34.4628418879627], [-57.75953043543761, -34.46641654304379], [-57.75968275001106, -34.46920797299931], [-57.77014726590599, -34.46997698416059], [-57.77276274451812, -34.47198962415552], [-57.77876111247851, -34.47255053329612], [-57.779101315676634, -34.468985104965626], [-57.780443991503915, -34.46778271818612], [-57.78722668944617, -34.466555050251664], [-57.79843340395558, -34.469706866818434], [-57.80390658647934, -34.47287971268258], [-57.80511594890006, -34.47203073049996], [-57.80886411403261, -34.4735913900814], [-57.81697692905774, -34.47201574578312], [-57.8231064342698, -34.475294036991954], [-57.82879019534907, -34.47542509272187], [-57.83059360645432, -34.473502539573566], [-57.836382432146735, -34.4743795210259], [-57.83868981517989, -34.47305227658113], [-57.842179695324624, -34.47507054105877], [-57.853000288575636, -34.47396621735811], [-57.85429467368588, -34.47261063951302], [-57.853079708914, -34.469657002814095], [-57.84711274086783, -34.468161945031824], [-57.84505225194501, -34.46487991507556], [-57.84535256822606, -34.45845810936028], [-57.84716411428655, -34.455561852479796], [-57.854765101552125, -34.448296522189274], [-57.85973563193402, -34.446924090594756], [-57.86341627238505, -34.44397806383583], [-57.87167748594988, -34.44240535686215], [-57.8750350512675, -34.43917607162807], [-57.88526099714635, -34.4352799683572], [-57.89347619578033, -34.424937652312266], [-57.89311727182003, -34.39744728137638], [-57.8962326169022, -34.38547964062211], [-57.89655086269018, -34.3786248177172], [-57.90079250137552, -34.370891568231805], [-57.921498994705196, -34.34423633574242], [-57.93360635243319, -34.33537404335851], [-57.933253837359146, -34.33303698728806], [-57.94245079107851, -34.32431466840171], [-57.94767747042626, -34.314156343355364], [-57.95622646331609, -34.30316428855026], [-57.96177837297385, -34.2994524684063], [-57.973759222007295, -34.287353183655014], [-57.984614938773376, -34.27931034399943], [-57.986491919731456, -34.2754917004893], [-57.97906320896007, -34.28219467256009], [-57.97471823724159, -34.283463792584705], [-57.97121081158952, -34.28716306632016], [-57.96886740195427, -34.28808026005263], [-57.964645454572285, -34.287093552328884], [-57.956837797265656, -34.29094588130266], [-57.94450075121454, -34.292710279908896], [-57.936321498807516, -34.29668903058134], [-57.92750135470711, -34.29300677701156], [-57.92081122249607, -34.293927649123674], [-57.917397798831786, -34.28889243495519], [-57.910700352015034, -34.285380117919665], [-57.906110211564226, -34.28085785754881], [-57.90156988148768, -34.273099225192105], [-57.89561397796865, -34.27425375864246], [-57.88985206527442, -34.27287695981691], [-57.88778567683448, -34.27371627741578], [-57.88719636737915, -34.27894638532587], [-57.87675550728676, -34.282037244245615], [-57.871276946530244, -34.27817259315823], [-57.86502898729306, -34.27890709344963], [-57.86057491234046, -34.27768193374756], [-57.85496588528361, -34.27270789638525], [-57.85122666363465, -34.26635458312796], [-57.84546376468448, -34.26205111449391], [-57.83604647829001, -34.26245990696052], [-57.83310813405019, -34.25962912098898], [-57.82781737614258, -34.2584259493932], [-57.82270879932921, -34.25483643085111], [-57.81423023965393, -34.25950788923344], [-57.80573589868773, -34.25704029628681], [-57.79279204373917, -34.26418688661398], [-57.7873322612477, -34.265841462433364], [-57.78228309263811, -34.264731696154385], [-57.77427272225406, -34.26732052878343], [-57.774282275142745, -34.27157111335255], [-57.76591324808167, -34.280783704846705], [-57.75900321326869, -34.28198667820247], [-57.755512481484516, -34.28621293933629], [-57.75406957386207, -34.28912586993146], [-57.75527105588539, -34.29644439974493], [-57.75035117182322, -34.29962112893971], [-57.74568202496019, -34.30086689894889], [-57.74180307902782, -34.29715665004915], [-57.73780049770175, -34.29632488838403], [-57.73658480271708, -34.29490881836414], [-57.733758312468886, -34.295316424255354], [-57.72542783055871, -34.29939966467408], [-57.72263980676116, -34.3039842945181], [-57.706892720334196, -34.30876524098718], [-57.69739150052819, -34.30770676094838], [-57.69153556948555, -34.30446869157433], [-57.68978647357928, -34.30160590094433], [-57.67680712522594, -34.3048881679631], [-57.67441413116572, -34.303461096368565], [-57.67457168165701, -34.29932281381364], [-57.67057743471435, -34.297072182833226], [-57.66946305891092, -34.293509460256566], [-57.66643570149936, -34.291411193782096], [-57.660173184139445, -34.29186849761768], [-57.656037463644815, -34.29421512091198], [-57.65328315797169, -34.293186188993566], [-57.64775780674535, -34.293907797954176], [-57.645850952205485, -34.29575059635238], [-57.6419503811768, -34.29561938158276], [-57.639986966560144, -34.291789384329114], [-57.63492198406561, -34.29131401555945], [-57.63062804625504, -34.29299602246154], [-57.62395921289857, -34.2910446611547], [-57.622244862888984, -34.28967186793914], [-57.625326091890955, -34.28673614914728], [-57.62415100500037, -34.28432991572306], [-57.624264766091066, -34.27920107961623], [-57.61997872451231, -34.278332621246115], [-57.61401300175989, -34.27245495755079], [-57.60968032621189, -34.258908727957774], [-57.602193238996875, -34.255290209582796], [-57.60200319159921, -34.252293473526166], [-57.597411294886484, -34.24741166135766], [-57.59497021465939, -34.24189131320564], [-57.587439406648365, -34.240381275527184], [-57.582409035442346, -34.24202987396597], [-57.57756181191366, -34.24146620369251], [-57.57722906106673, -34.23826643669415], [-57.57004886521495, -34.235128602184425], [-57.56613711787015, -34.23454334132486], [-57.5598817816533, -34.23569770362196], [-57.55587876413044, -34.23232521678681], [-57.54701990149566, -34.22901261214039], [-57.54706588163071, -34.21669392166639], [-57.53735934920536, -34.208351149067006], [-57.53245217292528, -34.20818507380421], [-57.52874020524037, -34.204440295360016], [-57.53053447544675, -34.200552418320136], [-57.52946662576871, -34.19943371284709], [-57.5246327765945, -34.19804866434035], [-57.51457486842826, -34.200670789018034]]]}}, {"id": "13", "type": "Feature", "properties": {"codcuenca": 23, "area": 1849, "nombre_cue": "RÍO ROSARIO", "cabecera": 23}, "geometry": {"type": "Polygon", "coordinates": [[[-57.35691473692732, -33.87114043240274], [-57.354798781238614, -33.87514889001871], [-57.35642143987298, -33.87875652924634], [-57.34719557045005, -33.88454697903686], [-57.33713314457548, -33.887870731085826], [-57.33173192536258, -33.89458940213916], [-57.3327435529961, -33.89969326656364], [-57.33048203865288, -33.90189588049296], [-57.32609232813243, -33.90179000794526], [-57.31308680485873, -33.912662853038924], [-57.31411921225461, -33.915459963700606], [-57.3134607136849, -33.91792663389704], [-57.31029001947236, -33.92038846083577], [-57.304881447004036, -33.929153915427094], [-57.30078645716666, -33.93244882653981], [-57.29842235962464, -33.92792771216037], [-57.29469079343972, -33.92531706141916], [-57.288348034569246, -33.92341490878553], [-57.27866799278534, -33.9235836220935], [-57.273519236579546, -33.92213661784966], [-57.264249801092724, -33.92341809023011], [-57.25892002296554, -33.92131971633747], [-57.25436332610577, -33.92107632327265], [-57.24455432014709, -33.928427982711085], [-57.242144155925445, -33.92166394007116], [-57.23863869148286, -33.92076504101835], [-57.23358578794287, -33.91625477797813], [-57.22755238304968, -33.91454427822842], [-57.22125870255869, -33.92044884900019], [-57.21797012661703, -33.92214580198463], [-57.20774753602774, -33.923922143532245], [-57.199659260127895, -33.930851616089164], [-57.18739555154455, -33.9333030354419], [-57.180789368133574, -33.931316069251714], [-57.17731033320332, -33.93172946812595], [-57.170834327726325, -33.93861652235367], [-57.166151864578715, -33.93985322009385], [-57.153956654820995, -33.940612367044636], [-57.15036126664286, -33.9390760921284], [-57.14806423361592, -33.94176752421635], [-57.147261257948365, -33.95013579174127], [-57.14407253597599, -33.95198399238758], [-57.1286651632732, -33.95321133330105], [-57.123482946969496, -33.956672671692004], [-57.11999766066807, -33.956910780444694], [-57.117767989122825, -33.95363725292672], [-57.111155234172514, -33.95432913127328], [-57.09659267728729, -33.95195705163004], [-57.093469540562914, -33.95279586948479], [-57.09042102178303, -33.955981938282896], [-57.09083695065708, -33.96286769559826], [-57.097839155822534, -33.972036034940636], [-57.09763915499149, -33.97755699636042], [-57.10543579256594, -33.98614698184564], [-57.1076137727721, -33.9985806358949], [-57.111022642649914, -34.00244972013506], [-57.104687353744616, -34.00542470240951], [-57.10030118414573, -34.00547115379545], [-57.09356323237111, -34.01146193308517], [-57.0934044044991, -34.01347403211593], [-57.090051781372246, -34.01402171049698], [-57.08545813614468, -34.02324988904129], [-57.08589564180644, -34.028706541293836], [-57.08846127537471, -34.03349573998802], [-57.07946051899668, -34.036917218503675], [-57.07361751926572, -34.03593036657776], [-57.07012815990428, -34.03661979059806], [-57.05899267207272, -34.0422022021162], [-57.05046138289798, -34.041685322504975], [-57.04806607209998, -34.04264635290001], [-57.048000635385684, -34.045282346976165], [-57.04457523094245, -34.050678227902765], [-57.04054881342165, -34.05215167883818], [-57.04088678330999, -34.054302760912535], [-57.037018911449216, -34.05863855474187], [-57.03733053929401, -34.06052758720271], [-57.030760237164486, -34.066032384317204], [-57.02763030418364, -34.06696295115695], [-57.0208869981234, -34.07812720554749], [-57.01087368678327, -34.083642890857256], [-57.008818456578744, -34.09685537762726], [-57.006682682414485, -34.09987077232051], [-57.006410206257556, -34.10773289909198], [-57.002609198045484, -34.11062005323572], [-56.99571316584679, -34.10880712329378], [-56.991604320287706, -34.111506382784384], [-56.98642750073224, -34.111987664696656], [-56.98581561892647, -34.11491909115221], [-56.98783809997697, -34.122617649921196], [-56.98287577641449, -34.126262579126674], [-56.983238249535624, -34.12810200742013], [-56.988835188836575, -34.134009598470556], [-56.991867945105874, -34.14903041810621], [-56.995796776897166, -34.15158148720132], [-57.00878053687499, -34.15061707411153], [-57.01416188577447, -34.156336995242384], [-57.01538394362602, -34.16323754004499], [-57.01833285200808, -34.1653193378085], [-57.01738474832977, -34.16778123669997], [-57.01803487998308, -34.17223391056332], [-57.026502609159294, -34.17065897766385], [-57.041121339008164, -34.170159441391974], [-57.04935304771468, -34.17481736195302], [-57.05232935832097, -34.1752812686259], [-57.06396432855472, -34.17188825122329], [-57.07207944498741, -34.17523784636819], [-57.07364175557465, -34.18102580876231], [-57.07549369436296, -34.183039090801934], [-57.08176392969088, -34.18574954096707], [-57.09249224933937, -34.185625529295045], [-57.104152566880174, -34.195011248382635], [-57.10726234432934, -34.1989020612489], [-57.115521309302046, -34.20404266978727], [-57.11423032267383, -34.21465806524142], [-57.11636529086087, -34.220742119427875], [-57.11149494951301, -34.224443998130134], [-57.11758709297978, -34.230398061929876], [-57.12044611716902, -34.237423738299995], [-57.12687479891823, -34.238747846717516], [-57.1275942978202, -34.24160708107458], [-57.12617595671589, -34.244395981228266], [-57.13210152719116, -34.248370262671806], [-57.131282039856295, -34.25517320901093], [-57.13219261855749, -34.26014138462103], [-57.136921351481746, -34.26955370122516], [-57.137363273217154, -34.273352318553215], [-57.13605292761616, -34.27764152807864], [-57.14276747831073, -34.29220767341964], [-57.145340956830736, -34.29492972606982], [-57.14387962817705, -34.29809144993108], [-57.14806900552513, -34.30421705675128], [-57.157268058216644, -34.30625488059875], [-57.15894866135152, -34.311314464858405], [-57.16125616188609, -34.31353600808472], [-57.165513583201154, -34.31424545400956], [-57.16721304451885, -34.31934042049359], [-57.17504478089472, -34.319718118337356], [-57.18063196888526, -34.32398777619058], [-57.18634765637441, -34.32106348263621], [-57.187833643319586, -34.31851106210264], [-57.19116235908426, -34.31768092050632], [-57.19818747335339, -34.320928864981525], [-57.20238623599233, -34.32478822015046], [-57.201734765234825, -34.33285370669301], [-57.20611172378441, -34.334042807845165], [-57.209148950418665, -34.340720709727115], [-57.20436017209888, -34.34352718025903], [-57.20368476597918, -34.34598429318524], [-57.20677481935518, -34.351385246142044], [-57.202966862611376, -34.35824503695896], [-57.20533330785311, -34.36324058229525], [-57.20819066302799, -34.36531093778923], [-57.209279281107776, -34.37454139952422], [-57.215103893958855, -34.380205854235506], [-57.22033797428232, -34.387735791221765], [-57.222964262019715, -34.39861195903092], [-57.226054411137355, -34.40161114651101], [-57.22852296022403, -34.40757216419049], [-57.228127562968965, -34.412222305836345], [-57.24113675049101, -34.41195851010848], [-57.25418652389279, -34.41455042306792], [-57.25884759746773, -34.418495581918584], [-57.260426643374124, -34.42227310406326], [-57.26549523608211, -34.42350336326469], [-57.26582726040184, -34.42720016133771], [-57.26785826046479, -34.428653064153195], [-57.28513522429865, -34.42770708159969], [-57.2889118236852, -34.4308477783759], [-57.300779046503955, -34.43484832227873], [-57.31389106933408, -34.43623572864547], [-57.32254503691284, -34.435766814575274], [-57.329242750530206, -34.4373871856467], [-57.34932453384057, -34.43488778379853], [-57.34834046262125, -34.43345362285265], [-57.349879914049964, -34.431524263502894], [-57.348093865018456, -34.42744341396173], [-57.35238844960364, -34.42539703508097], [-57.357053980590855, -34.4250913818168], [-57.357735341824586, -34.42299366210934], [-57.35610701426791, -34.41771717878054], [-57.361759750671325, -34.41688886553089], [-57.3619074338276, -34.41495731881203], [-57.363959433673074, -34.413961180879646], [-57.37491997246582, -34.41277599929526], [-57.383308183913506, -34.413637596063346], [-57.38779026075099, -34.41823096116013], [-57.39523840214298, -34.42086876654492], [-57.408385162057726, -34.41434808219362], [-57.40952510698206, -34.41001260067426], [-57.40822662375994, -34.408015263441634], [-57.4003680186346, -34.403135370917454], [-57.40294828914987, -34.400352949152044], [-57.402912407959526, -34.39368562916011], [-57.40658438992424, -34.39274215710014], [-57.40590062870084, -34.38521568872199], [-57.41727496569318, -34.38237995302436], [-57.418292609567025, -34.376706693008884], [-57.422479967999664, -34.37339284972521], [-57.420987019209484, -34.369799436639234], [-57.42207560714956, -34.36558121262077], [-57.42355562254392, -34.36453774879321], [-57.42575316245917, -34.35078285074285], [-57.42917775297009, -34.35111035659105], [-57.43338495950429, -34.349663915895576], [-57.43033858147635, -34.34602152046229], [-57.42597317653616, -34.34354289518943], [-57.42466125296633, -34.33646632996168], [-57.42000343648755, -34.331215132437066], [-57.41993112312381, -34.32959215221749], [-57.42432262084463, -34.31770210517043], [-57.42325167121591, -34.314332355029904], [-57.42663015729083, -34.31234769030686], [-57.42870597042186, -34.30344162909332], [-57.439629229147116, -34.300322178740146], [-57.44002067069278, -34.29814262138977], [-57.4383273174584, -34.29485355352796], [-57.44154690946935, -34.28691678022665], [-57.439985855993896, -34.2824751899408], [-57.43764122862251, -34.28143145830666], [-57.44105975359911, -34.27761121513239], [-57.445362029320144, -34.27546322747102], [-57.44591728911937, -34.273218723926675], [-57.452644152590466, -34.27253130021949], [-57.45448123956164, -34.26996979919319], [-57.45473470086166, -34.266914847280766], [-57.45743411871734, -34.264800624018655], [-57.4583153523651, -34.26112792162139], [-57.46190365412872, -34.25897643179463], [-57.4625298428167, -34.25426756458844], [-57.470212504696626, -34.25413949393479], [-57.473123900725334, -34.25073582571501], [-57.4809830382684, -34.23790030569405], [-57.481153106460724, -34.23289916504677], [-57.478919045354495, -34.230571768192895], [-57.48014253411858, -34.226201641966526], [-57.483572209631, -34.22496731151123], [-57.48880257443145, -34.220110480289904], [-57.49238816410838, -34.219762603854605], [-57.49447736392579, -34.216450948908275], [-57.493492942102, -34.212137219089215], [-57.49518382868983, -34.21136776367524], [-57.49670151488666, -34.2077759114927], [-57.49686584878919, -34.20119765062774], [-57.50186289864557, -34.199636225414885], [-57.51457486842826, -34.200670789018034], [-57.5246327765945, -34.19804866434035], [-57.52316968220992, -34.194898855494344], [-57.52432278879932, -34.189070294046424], [-57.52919035098263, -34.184563244972324], [-57.52567501895947, -34.1763498471691], [-57.52334750377123, -34.17422507283389], [-57.52384313321069, -34.17174561743143], [-57.52726077049044, -34.16846448472941], [-57.52744329780976, -34.16631420038277], [-57.533063529118394, -34.16153711838807], [-57.53020196224907, -34.15898388422724], [-57.52790192785942, -34.154341064631204], [-57.52666340372588, -34.147666496303174], [-57.52286361309255, -34.14515309781065], [-57.51895266424821, -34.13714084162224], [-57.51260997813009, -34.13246777567373], [-57.5095006759614, -34.12736507716859], [-57.50549663394471, -34.12544333164738], [-57.5120674521692, -34.11600699420648], [-57.51166349315804, -34.113780123331786], [-57.51331353001069, -34.10942037164081], [-57.51278607661616, -34.09762214730546], [-57.509810894456564, -34.09368824725695], [-57.511313510875894, -34.08921010090639], [-57.50874389271049, -34.08382492637985], [-57.50339720047112, -34.08077638503449], [-57.501748344508755, -34.076612057044734], [-57.497164542009855, -34.07363192758133], [-57.49199067070366, -34.064059449383194], [-57.48647749578941, -34.0634124447925], [-57.482541496628116, -34.060965242645636], [-57.477729940998174, -34.06075188433581], [-57.476469208091856, -34.055610748167716], [-57.47899212474355, -34.05105752950997], [-57.478167668679504, -34.04892865696267], [-57.47314383101829, -34.04781356337536], [-57.470784052586346, -34.04555679059374], [-57.46940642474648, -34.04172055950885], [-57.464571799091395, -34.03962249465229], [-57.463410789635546, -34.03740501911911], [-57.46433829782387, -34.03339132568853], [-57.462657287000376, -34.02050098139956], [-57.46078316904792, -34.01790461205395], [-57.46035273155897, -34.01307784011455], [-57.45303842460526, -34.002176686807], [-57.45213231456212, -33.99613127572824], [-57.448457236576765, -33.99066572985651], [-57.44994415782052, -33.98639907291153], [-57.44241212624532, -33.97946491810693], [-57.439737675812815, -33.9786755351897], [-57.4399253620202, -33.97513349294587], [-57.434542100954125, -33.967801165776095], [-57.434215157799244, -33.96224089378192], [-57.430953337540835, -33.95645235557937], [-57.432346855571964, -33.9539457809312], [-57.43108883277302, -33.952418080573246], [-57.43175993396207, -33.94477333160095], [-57.428782241973416, -33.942388925766195], [-57.42799654855821, -33.93879083946676], [-57.42272876085627, -33.92996407721452], [-57.41925601790383, -33.92885754608503], [-57.42063680628393, -33.9201649473236], [-57.419273729818265, -33.91708090778162], [-57.415727838206934, -33.91447481140187], [-57.41459532586515, -33.90802112940859], [-57.411484456782226, -33.90128387742802], [-57.41632647775199, -33.896158374424786], [-57.41619376999335, -33.88912471663026], [-57.410045382731134, -33.88280888033159], [-57.402808497088905, -33.87863006024246], [-57.39764294160023, -33.87635567847026], [-57.39117068760867, -33.87550284665648], [-57.38758016996245, -33.873140370969715], [-57.383554357812834, -33.87349363986596], [-57.37608406361854, -33.87177477384633], [-57.36629712854065, -33.87383131034287], [-57.35691473692732, -33.87114043240274]]]}}, {"id": "14", "type": "Feature", "properties": {"codcuenca": 24, "area": 1849, "nombre_cue": "RÍO DE LA PLATA entre Río Rosario y Río Santa Lucía", "cabecera": 19}, "geometry": {"type": "Polygon", "coordinates": [[[-56.97471956949245, -34.133730134564026], [-56.961428751069775, -34.13225354117042], [-56.960229443109334, -34.134878601707214], [-56.955560880948354, -34.137093789489114], [-56.95726773226169, -34.14358215072624], [-56.94807143863064, -34.15370784785511], [-56.947610238967556, -34.15795190610333], [-56.943068822828145, -34.15705840452443], [-56.93766797073919, -34.15782888791421], [-56.93020209443239, -34.16515574401583], [-56.92813572978271, -34.16578556820534], [-56.92821623319977, -34.16858737356863], [-56.9189114471467, -34.171008023156055], [-56.91867512131504, -34.176312636789206], [-56.92043496479748, -34.183582233736566], [-56.91881416223047, -34.18983624996526], [-56.9047978071734, -34.20123061395968], [-56.902596468897286, -34.20945714079228], [-56.883538664695685, -34.215455115392444], [-56.88446882743448, -34.22125468263097], [-56.8802388652437, -34.224681925779585], [-56.87814540636135, -34.23003911215638], [-56.87273002600104, -34.23184326799354], [-56.8696523323118, -34.234819174230815], [-56.867736779066234, -34.24147917432413], [-56.86342060374292, -34.24280844331833], [-56.86265313200699, -34.246036725162796], [-56.86586281568919, -34.251460425083515], [-56.86434109548504, -34.2541494173481], [-56.8589099794781, -34.25579848527254], [-56.85630133551944, -34.26108526190352], [-56.8464872226919, -34.26602118477973], [-56.8446301159943, -34.268620530438476], [-56.846468680503, -34.27349504058409], [-56.84560019703541, -34.275163274725365], [-56.8420986323605, -34.277764358596016], [-56.841555423632755, -34.280641521672095], [-56.838587553306596, -34.28334247939751], [-56.8352824079835, -34.28305996516501], [-56.83329104489806, -34.286524365675476], [-56.827662923583226, -34.289893342802905], [-56.82703530063841, -34.29312797734422], [-56.828631981166396, -34.29643621847311], [-56.82745639013399, -34.300321325457844], [-56.823063308921085, -34.30245526077834], [-56.82195505886759, -34.305072994891425], [-56.822994775364016, -34.308293681227404], [-56.81285620992676, -34.315851615601666], [-56.81180190549292, -34.32065824172878], [-56.805247780678705, -34.32216357717935], [-56.79363499741055, -34.32843066348894], [-56.78258100653904, -34.332429642502916], [-56.780272420603985, -34.33475483701185], [-56.77528169343331, -34.3359941707696], [-56.7723214684888, -34.339708420157976], [-56.76723075478597, -34.34196316651524], [-56.76419992982637, -34.349276214599215], [-56.756356848750535, -34.35413565292391], [-56.75733908510556, -34.36224751441736], [-56.75602206311231, -34.36495546600122], [-56.76184880919792, -34.374308511916574], [-56.76623915308183, -34.37840231990235], [-56.76734693712851, -34.382609796355226], [-56.765154540204186, -34.38543792700333], [-56.76499338211151, -34.38892422253832], [-56.76357573558357, -34.39085308302575], [-56.76619376840394, -34.39289595395985], [-56.76733695326534, -34.39573917867874], [-56.765761712657266, -34.4005435243357], [-56.76282130818032, -34.40265547872586], [-56.761568857424784, -34.40979174017988], [-56.75849520808806, -34.41325619832795], [-56.76108273799172, -34.41913360364312], [-56.75849276434447, -34.426034584969514], [-56.76068369475843, -34.43609262391126], [-56.764401064003145, -34.44552457005597], [-56.76440898470244, -34.450561766867835], [-56.76194837954921, -34.4558644863395], [-56.757521388898546, -34.45786513406726], [-56.75648440914995, -34.47399792942572], [-56.760412032331125, -34.47713272564663], [-56.762240213963466, -34.48129584637328], [-56.756961807462346, -34.486834516109084], [-56.7588075257369, -34.49250377875747], [-56.76203904313647, -34.51545454645581], [-56.75828423550243, -34.52457621625793], [-56.76056296826945, -34.52910438626224], [-56.75901460126817, -34.536488556292106], [-56.76216047116016, -34.538921140438546], [-56.75733298086213, -34.545225276458496], [-56.748434356229154, -34.54615478962948], [-56.74366235621127, -34.544348765248095], [-56.736087532283264, -34.544161339773915], [-56.73164980407132, -34.54566968279736], [-56.72782354983402, -34.54877048851792], [-56.7262379159306, -34.55308286407622], [-56.730654893531955, -34.563001464154], [-56.72879125255869, -34.56903611264034], [-56.714588809229745, -34.574180882602455], [-56.71109522768355, -34.580718931188315], [-56.70639803637475, -34.58591429412353], [-56.70377872598138, -34.59097123835751], [-56.70411044432806, -34.59416330213825], [-56.70015716387311, -34.59712958480036], [-56.69256726359414, -34.598425738288704], [-56.69082246410147, -34.602001609489385], [-56.679097840642974, -34.60331531457852], [-56.67655779036389, -34.6019820605287], [-56.66914428766314, -34.60350949384295], [-56.655254569949314, -34.61110250571639], [-56.648126856247046, -34.62039181999423], [-56.64392968394427, -34.62273081778889], [-56.6395473403793, -34.620026112239906], [-56.63402846391755, -34.62319706183963], [-56.634050692957054, -34.62585418294025], [-56.631713995865006, -34.62810929917874], [-56.62050856273239, -34.6349260297902], [-56.618222200493754, -34.63801430026052], [-56.606262724396686, -34.638201562115775], [-56.60088882343306, -34.64001294974686], [-56.597216508639725, -34.644795249096255], [-56.59642907958055, -34.65025253702667], [-56.592591349334825, -34.655664174383936], [-56.58963448076128, -34.65475757088616], [-56.58623800030876, -34.65702375827789], [-56.58387770612545, -34.65489384774769], [-56.57838815150431, -34.65335122443803], [-56.57415140058687, -34.653865562260606], [-56.575390842582486, -34.66212492076881], [-56.56946057754453, -34.67175251906813], [-56.56950371206278, -34.67548863330159], [-56.56794834578372, -34.67757990965697], [-56.56852930530874, -34.68364719015842], [-56.56348689810836, -34.68518738019751], [-56.555981283807334, -34.685281865088584], [-56.55639294638987, -34.687049472720346], [-56.554213561370645, -34.691108477772794], [-56.54880730687943, -34.691738089449984], [-56.545350845106185, -34.69751036014332], [-56.540971075043124, -34.69749399051749], [-56.534410678555936, -34.70190605476366], [-56.53037635355151, -34.70871468573363], [-56.52601481082936, -34.70836510121096], [-56.521517259164575, -34.71047328164228], [-56.516216700068405, -34.716922401369594], [-56.514834672253706, -34.72831535078681], [-56.50806954840038, -34.72763939387411], [-56.5023596935436, -34.72876950430494], [-56.49649732937257, -34.72551200216104], [-56.49499856367599, -34.72590214669153], [-56.49434382973832, -34.72825628944365], [-56.490602992048316, -34.728476912056], [-56.4845412128053, -34.72542109884292], [-56.47881531675919, -34.72499174316495], [-56.47074712061355, -34.72742134166887], [-56.46421575160349, -34.727027847575734], [-56.455725483384505, -34.729720812744745], [-56.44428119944499, -34.72459727397487], [-56.43915947241039, -34.72809028168021], [-56.441126040633065, -34.73428453678137], [-56.43802269808525, -34.736215013279], [-56.43662001112171, -34.74097480036362], [-56.421524993091566, -34.743296980624116], [-56.417995488091165, -34.74179679781501], [-56.41384647502432, -34.74300589317466], [-56.41051976422961, -34.747313022054875], [-56.407096803952356, -34.74944233363905], [-56.395700684433756, -34.750822847854735], [-56.394105250922614, -34.7569810801266], [-56.402669405758964, -34.76378852707116], [-56.404743743586664, -34.77265737214382], [-56.41330436678936, -34.7707216555312], [-56.43021157305707, -34.76040468297873], [-56.443728403317735, -34.754204607455], [-56.45487930376623, -34.751504113805176], [-56.46358832621445, -34.75216004094022], [-56.48437556178154, -34.7501250597803], [-56.51042598823961, -34.75072401199201], [-56.53070782177281, -34.75347937756573], [-56.55705662704408, -34.76030402950224], [-56.57867748809514, -34.74822454834862], [-56.60881432515599, -34.73674299261844], [-56.623635121356436, -34.7283691111058], [-56.66186148150721, -34.71616153140104], [-56.68790877481088, -34.71023277735882], [-56.69685810072868, -34.71014018711743], [-56.72824013997293, -34.70245086365829], [-56.771237943997484, -34.69564395080303], [-56.79154812792301, -34.69390300161755], [-56.79926564471055, -34.69136122586952], [-56.82219426597216, -34.687804489590285], [-56.82744326055614, -34.68002220230445], [-56.83443752550499, -34.676186355240006], [-56.83825009001561, -34.67605478942508], [-56.84512421927289, -34.67175966561027], [-56.8427243193647, -34.6717802190248], [-56.84496678684898, -34.67051714304531], [-56.86767899471616, -34.66358720018474], [-56.88051737538233, -34.66097733054938], [-56.893317512612136, -34.65551818035016], [-56.901513888093056, -34.64021151697824], [-56.900925569518925, -34.6353044415552], [-56.90610050479385, -34.62836224080814], [-56.91606135565164, -34.623070672954334], [-56.923174697144184, -34.61692122403267], [-56.944365872401995, -34.603970084419906], [-56.94639897947496, -34.60120186175934], [-56.993187977234925, -34.56339214498168], [-57.00247123979277, -34.558875392179075], [-57.01016920988873, -34.55253490181312], [-57.041159389897686, -34.53764888894692], [-57.04598746600172, -34.536382889583805], [-57.044857727807944, -34.535853600436134], [-57.049628497499455, -34.53440777208397], [-57.06130738396835, -34.526671266639866], [-57.06342785131049, -34.522854651650825], [-57.0628365338275, -34.516866766252306], [-57.0662622633373, -34.51081926608111], [-57.07724901470114, -34.499419923136784], [-57.078668981587256, -34.49616019178037], [-57.07760011809886, -34.49460301630149], [-57.07930860744111, -34.49313395600745], [-57.07816234551214, -34.49149647280744], [-57.087172535159205, -34.48277591036397], [-57.09095089823427, -34.47721073972751], [-57.11074070560398, -34.462064625303874], [-57.137465034145215, -34.44897589317493], [-57.16512432131987, -34.44706573909975], [-57.182012876840034, -34.44327058266403], [-57.19553716103039, -34.44202631650306], [-57.201659552219155, -34.43926124934293], [-57.21642816233713, -34.43767592594814], [-57.28767786415581, -34.43674857858087], [-57.30105264685931, -34.43825256257014], [-57.323390973087186, -34.44329408865427], [-57.34424661157474, -34.4415271994705], [-57.35126632807174, -34.43873435106832], [-57.35199265796137, -34.436832350847105], [-57.350052275533194, -34.43484701292396], [-57.336430683727556, -34.43721082726163], [-57.326310587229166, -34.43721728649484], [-57.32254503691284, -34.435766814575274], [-57.31389106933408, -34.43623572864547], [-57.300779046503955, -34.43484832227873], [-57.2889118236852, -34.4308477783759], [-57.28513522429865, -34.42770708159969], [-57.26785826046479, -34.428653064153195], [-57.26582726040184, -34.42720016133771], [-57.26549523608211, -34.42350336326469], [-57.260426643374124, -34.42227310406326], [-57.25884759746773, -34.418495581918584], [-57.25418652389279, -34.41455042306792], [-57.24113675049101, -34.41195851010848], [-57.228127562968965, -34.412222305836345], [-57.22852296022403, -34.40757216419049], [-57.226054411137355, -34.40161114651101], [-57.222964262019715, -34.39861195903092], [-57.22033797428232, -34.387735791221765], [-57.215103893958855, -34.380205854235506], [-57.209279281107776, -34.37454139952422], [-57.20819066302799, -34.36531093778923], [-57.20533330785311, -34.36324058229525], [-57.202966862611376, -34.35824503695896], [-57.20677481935518, -34.351385246142044], [-57.20368476597918, -34.34598429318524], [-57.20436017209888, -34.34352718025903], [-57.209148950418665, -34.340720709727115], [-57.20611172378441, -34.334042807845165], [-57.201734765234825, -34.33285370669301], [-57.20238623599233, -34.32478822015046], [-57.19818747335339, -34.320928864981525], [-57.19116235908426, -34.31768092050632], [-57.187833643319586, -34.31851106210264], [-57.18634765637441, -34.32106348263621], [-57.18063196888526, -34.32398777619058], [-57.17504478089472, -34.319718118337356], [-57.16721304451885, -34.31934042049359], [-57.16551358320114, -34.31424545400956], [-57.16125616188606, -34.31353600808472], [-57.1589486613515, -34.311314464858405], [-57.157268058216644, -34.30625488059875], [-57.148069005525116, -34.30421705675128], [-57.143879628177025, -34.29809144993108], [-57.145340956830736, -34.29492972606982], [-57.14276747831073, -34.29220767341964], [-57.13605292761613, -34.27764152807864], [-57.137363273217154, -34.273352318553215], [-57.136921351481746, -34.26955370122516], [-57.13219261855749, -34.26014138462103], [-57.131282039856295, -34.25517320901093], [-57.13210152719116, -34.248370262671806], [-57.12617595671589, -34.244395981228266], [-57.1275942978202, -34.24160708107458], [-57.12687479891823, -34.238747846717516], [-57.12044611716902, -34.237423738299995], [-57.11758709297978, -34.230398061929876], [-57.11149494951301, -34.224443998130134], [-57.11636529086087, -34.220742119427875], [-57.11423032267383, -34.21465806524142], [-57.115521309302046, -34.20404266978727], [-57.10726234432934, -34.1989020612489], [-57.104152566880174, -34.195011248382635], [-57.09249224933937, -34.185625529295045], [-57.08176392969088, -34.18574954096707], [-57.07549369436296, -34.183039090801934], [-57.07364175557465, -34.18102580876231], [-57.07207944498741, -34.17523784636819], [-57.06396432855472, -34.17188825122329], [-57.05232935832097, -34.1752812686259], [-57.04935304771468, -34.17481736195302], [-57.041121339008164, -34.170159441391974], [-57.026502609159294, -34.17065897766385], [-57.01803487998308, -34.17223391056332], [-57.01738474832977, -34.16778123669997], [-57.01833285200808, -34.1653193378085], [-57.01538394362602, -34.16323754004499], [-57.01416188577447, -34.156336995242384], [-57.00878053687499, -34.15061707411153], [-56.995796776897166, -34.15158148720132], [-56.991867945105874, -34.14903041810621], [-56.988835188836575, -34.134009598470556], [-56.983238249535624, -34.12810200742013], [-56.98287577641449, -34.126262579126674], [-56.98003091755228, -34.127283653561086], [-56.97471956949245, -34.133730134564026]]]}}, {"id": "15", "type": "Feature", "properties": {"codcuenca": 26, "area": 1376, "nombre_cue": "RÍO DE LA PLATA entre Río Santa Lucía y Ao. PANDO", "cabecera": 26}, "geometry": {"type": "Polygon", "coordinates": [[[-55.932726538291455, -34.43730213008664], [-55.92853190608908, -34.43937464633966], [-55.92794213133764, -34.44319787025592], [-55.923801781597255, -34.445605339364754], [-55.92027936946147, -34.445608855140435], [-55.91419361711163, -34.43983554744599], [-55.90541898248599, -34.43686802421554], [-55.902726842279876, -34.43784304341635], [-55.89900607563384, -34.44505573909325], [-55.892715144383416, -34.43973928058282], [-55.88788049444689, -34.43945675430525], [-55.88781358754857, -34.441516696244854], [-55.88505371016116, -34.444150732770396], [-55.885205395922874, -34.44841112979617], [-55.8836115953059, -34.452448511840004], [-55.88112597682115, -34.45348013133507], [-55.876978418196096, -34.450049662723764], [-55.87241886566071, -34.44902250289728], [-55.86688171501414, -34.4503636832505], [-55.86240752850737, -34.454120530017555], [-55.850524278451154, -34.44994901815938], [-55.84658833382499, -34.45189603387369], [-55.838783701937764, -34.453043142396645], [-55.83263468098858, -34.44943549852386], [-55.829219448740204, -34.451204962517295], [-55.823981268851824, -34.45067141499725], [-55.82121358661334, -34.452002483622614], [-55.823243058098775, -34.456512042069036], [-55.822923810306435, -34.46022615771859], [-55.82580831677299, -34.466769389054036], [-55.82497936276116, -34.47025225355091], [-55.82647746655797, -34.47642092376451], [-55.824285055975004, -34.482711989422064], [-55.83126640632476, -34.485793185336526], [-55.832976152645664, -34.49446305361133], [-55.8322805841946, -34.50107836230206], [-55.83614926759216, -34.5066444384092], [-55.83825927107671, -34.51295814958975], [-55.83731931418913, -34.5139733256729], [-55.8298806248159, -34.5146945431197], [-55.82165922600441, -34.52416084281918], [-55.81856118491621, -34.52566464456487], [-55.82006829559006, -34.52928586001608], [-55.82600652379882, -34.5316506253292], [-55.82523146116389, -34.5348619939511], [-55.82636455533562, -34.53795481538429], [-55.82383629014847, -34.54096356104531], [-55.826688601223644, -34.54883146904751], [-55.8265830790307, -34.553076062019414], [-55.82869651088111, -34.557189223205775], [-55.82476828519262, -34.56023914875239], [-55.826984937603015, -34.56633026283638], [-55.825961457118055, -34.57064246726077], [-55.82229260189397, -34.57301156382083], [-55.82143936928515, -34.57622290084968], [-55.824623230352486, -34.57769944423153], [-55.82484121987368, -34.58102512334338], [-55.82242734230872, -34.58638560493025], [-55.824316294139045, -34.59022310470824], [-55.82167757016017, -34.59490357300055], [-55.82005700545812, -34.60141933767833], [-55.816476115207706, -34.60660139031865], [-55.817490948091006, -34.608742734313104], [-55.81539069895359, -34.61745526779612], [-55.82086935065699, -34.62287750744522], [-55.830243686726604, -34.627000993076415], [-55.83492786236477, -34.63762749364858], [-55.839095006416905, -34.64095562958127], [-55.83880985888981, -34.6450377368809], [-55.83709636216132, -34.64747871395826], [-55.84140226722585, -34.65308429085298], [-55.84050203118362, -34.658102681030684], [-55.84513187777251, -34.66219040631704], [-55.84947989563279, -34.66407912826872], [-55.85316467212205, -34.672356254143025], [-55.85730170181081, -34.67550029418124], [-55.85582702546389, -34.678968998183166], [-55.84610737996506, -34.68447358213689], [-55.84603484304846, -34.68623463870402], [-55.84191669394866, -34.689250178392456], [-55.84246405895501, -34.69535111998066], [-55.8380848024796, -34.697298194876055], [-55.8332670955628, -34.697564884455694], [-55.813886958658394, -34.687045882575234], [-55.807706590935766, -34.68771580327863], [-55.79923196160621, -34.69259695156205], [-55.8028613339139, -34.700310609481456], [-55.805002773921565, -34.70216749377652], [-55.80371820145492, -34.7078268227631], [-55.79954923627702, -34.71263754919822], [-55.7982206661323, -34.71623075111173], [-55.789046981260455, -34.72144401522704], [-55.78157533001788, -34.72278003015461], [-55.782974682217365, -34.72624822693403], [-55.782083986813724, -34.73028578933102], [-55.76730129753171, -34.7358535487392], [-55.76292775391433, -34.74038964535686], [-55.76595682629071, -34.74729366926416], [-55.761641407532146, -34.75404758489125], [-55.77557628966326, -34.75636704724054], [-55.7764101056059, -34.75839326442128], [-55.78421250435849, -34.761634655023975], [-55.79236841826606, -34.75836995965314], [-55.79456238211026, -34.75977312741027], [-55.79565162379952, -34.763241143217506], [-55.8008655289672, -34.76491098139367], [-55.80428980971647, -34.768121991463275], [-55.817130948823554, -34.76914840790753], [-55.82445827610568, -34.767342097730854], [-55.83666433713832, -34.767731216797394], [-55.846705257571955, -34.77074619501633], [-55.84803012678246, -34.77389253707309], [-55.84593357887505, -34.78262747277706], [-55.84647980949159, -34.78506768091605], [-55.85794402092535, -34.79248644380028], [-55.8589505780871, -34.79593744233148], [-55.860962175121145, -34.797532233573364], [-55.86560504917957, -34.79675763302706], [-55.879845974025294, -34.800066241821575], [-55.90085828247862, -34.80827131730877], [-55.9536743958255, -34.837240722663545], [-56.019557857999004, -34.876511934349885], [-56.0540594213661, -34.89235400857043], [-56.06392917266771, -34.89992254271661], [-56.07147963124401, -34.90038364047888], [-56.07659363757759, -34.8985423245593], [-56.08110868688445, -34.90078539708127], [-56.08522784285268, -34.89604359584171], [-56.09082810962461, -34.895759913911796], [-56.09800135355243, -34.89786076435459], [-56.10041730206776, -34.90036063086558], [-56.101426201385976, -34.8980145664697], [-56.105417079632026, -34.897391671306174], [-56.11862918642062, -34.89929570415841], [-56.1217340733947, -34.901540952720715], [-56.12143767621075, -34.90409261581743], [-56.12284358128167, -34.905486013454436], [-56.126097006975705, -34.90646883482981], [-56.13074359342378, -34.90559997733573], [-56.1325616678977, -34.90876783729599], [-56.129481621303356, -34.909604859569036], [-56.1294648963023, -34.911435311212614], [-56.137774763967364, -34.91262934692549], [-56.14017401660574, -34.91068471197222], [-56.14541505371163, -34.913265870132655], [-56.14775557323545, -34.91818967735903], [-56.14746403138166, -34.919118919793625], [-56.1446183165649, -34.91899181833237], [-56.14506119958529, -34.920225434838684], [-56.15756881173151, -34.92769765534269], [-56.15836025071043, -34.93352715714719], [-56.16051493166425, -34.93569307137155], [-56.161685801786454, -34.93313872941236], [-56.16006922817454, -34.932007811280585], [-56.16106982155578, -34.92994071560651], [-56.165673438147664, -34.92657386828449], [-56.17193580077752, -34.92468001981831], [-56.17050008885382, -34.92178200760156], [-56.17240578487973, -34.91970303964477], [-56.169333082850905, -34.917774479223766], [-56.17088426256155, -34.914741161716904], [-56.180075930879426, -34.91474881628302], [-56.18465610167361, -34.91608645502378], [-56.194245838767486, -34.91235110584276], [-56.199049516477814, -34.91237148198328], [-56.2006493521027, -34.910590525975884], [-56.20888401669219, -34.91187909449635], [-56.21289434657092, -34.91080192339154], [-56.21536286035868, -34.90559262674993], [-56.21045725153121, -34.9025987261448], [-56.19760778633833, -34.899297364198404], [-56.19648209814419, -34.89726394803095], [-56.19796060232584, -34.88398193907133], [-56.210106791411576, -34.876108658781156], [-56.21140913951179, -34.8740761728327], [-56.225346404538804, -34.8723696915811], [-56.229209520925274, -34.87941376921314], [-56.23211427511384, -34.87852013700846], [-56.23303030346558, -34.88008526179155], [-56.23965995881947, -34.87623064518892], [-56.24655947523993, -34.87790015508514], [-56.24608663007375, -34.88148032776507], [-56.24291171982999, -34.88297919508069], [-56.24427302319809, -34.8839026380378], [-56.24368450868245, -34.88633848301533], [-56.24501796897897, -34.88817240051139], [-56.24342581693753, -34.889088600536525], [-56.243874516938725, -34.8911601094544], [-56.242749245784466, -34.891434623544136], [-56.24057307331504, -34.89362384034956], [-56.241926580992, -34.89510618344152], [-56.24344082952024, -34.891882786564494], [-56.243401727790555, -34.89478533279506], [-56.24522415692944, -34.8959774896864], [-56.251910766724954, -34.8964034972672], [-56.25435786974429, -34.89776445180453], [-56.25383919944345, -34.898938165816425], [-56.25712311457172, -34.89926837894998], [-56.255840632001465, -34.90476251288563], [-56.256853578165895, -34.905912456995594], [-56.259839108682435, -34.90565782921779], [-56.25915259215506, -34.90419119949872], [-56.260644176551914, -34.902878575704115], [-56.2673649655193, -34.90150087009419], [-56.26828072630707, -34.89900056296891], [-56.270114031828015, -34.898182256957796], [-56.2731325923685, -34.899928207132206], [-56.27371219383292, -34.90179177539489], [-56.2762251053497, -34.90119606815678], [-56.2772361945894, -34.90009243705738], [-56.27614777566441, -34.89727543223678], [-56.28026649544733, -34.89441992659061], [-56.28501650718097, -34.89665447973998], [-56.28370130416869, -34.899859566565006], [-56.28803157986195, -34.8996169155578], [-56.289010739451754, -34.89869358811635], [-56.2868106192731, -34.89664730755167], [-56.28841929194232, -34.894883192005004], [-56.291618717438745, -34.89572659099514], [-56.295545169236085, -34.89300655173148], [-56.30154088599922, -34.893883326175086], [-56.30616154745595, -34.898127626538525], [-56.30702853962205, -34.89678999421015], [-56.308694706499786, -34.897323851046465], [-56.31002864987375, -34.90074344308429], [-56.30754631431768, -34.90270979284409], [-56.30973325493811, -34.90339919706915], [-56.309729682007024, -34.90547685355498], [-56.31224775345728, -34.905736675352706], [-56.315063349048536, -34.904580045205385], [-56.313072437739216, -34.90111821867929], [-56.31975867207285, -34.89441972088893], [-56.323112310555594, -34.893657202645635], [-56.326027826556036, -34.89110277456197], [-56.331601265264965, -34.89024026013162], [-56.33019096854671, -34.8886690322224], [-56.33301200657923, -34.88509630644515], [-56.33094356791595, -34.881526938922924], [-56.33404399966367, -34.87891742697648], [-56.33296632853425, -34.878020790415334], [-56.33472544615076, -34.87436253458514], [-56.339237924006525, -34.87199905334874], [-56.33924020953261, -34.87067403471869], [-56.34202331398194, -34.86980536205059], [-56.34511215828162, -34.87053067382207], [-56.35053120097846, -34.866432083446256], [-56.35434804941678, -34.86972275594242], [-56.35459815035159, -34.86625135630328], [-56.35840847652326, -34.866936983349206], [-56.36115507380385, -34.86557229014927], [-56.363840227976596, -34.86643419376191], [-56.366786955307596, -34.865564196767515], [-56.36666059872179, -34.86308602943529], [-56.37608238744228, -34.86086045400503], [-56.375354176708726, -34.85835810377539], [-56.380445252838165, -34.85615260417908], [-56.38014481725647, -34.852296188489696], [-56.386356668921835, -34.850941388934544], [-56.389278836998244, -34.84520358467623], [-56.39440632043862, -34.84366433747037], [-56.39832243536167, -34.84396061507949], [-56.399971097644176, -34.842149759507734], [-56.41024097994706, -34.841224342855845], [-56.41203364131371, -34.83971005323703], [-56.41722711594853, -34.83979197472408], [-56.41976007025317, -34.837886225354275], [-56.423389047005486, -34.837822613127976], [-56.425151965942014, -34.83530776634058], [-56.42842965107036, -34.83506553585296], [-56.42872764718176, -34.83112502245274], [-56.43130482427501, -34.82935400943014], [-56.43048012268401, -34.827907084659245], [-56.42631334603327, -34.8269911850143], [-56.42243789726376, -34.823288422965746], [-56.41764259134294, -34.82223121873192], [-56.41634556432029, -34.81978607136205], [-56.412633777418584, -34.81741618724865], [-56.40889009225475, -34.816623746120214], [-56.404686508532585, -34.81032609694955], [-56.405000872602244, -34.807872802816256], [-56.39508533495984, -34.80431620502207], [-56.392555607256945, -34.80203004686923], [-56.393666930111856, -34.80157394381032], [-56.39141493573558, -34.80052502890793], [-56.3902309583768, -34.806383547967606], [-56.385026694886164, -34.809132347557025], [-56.381618464174586, -34.813992175380655], [-56.383398915059146, -34.82238459137769], [-56.376602906570085, -34.82074682265996], [-56.37519285037033, -34.82183910547896], [-56.37310459390619, -34.82736050861515], [-56.36734334060263, -34.82897416994456], [-56.36512857586984, -34.8309051688617], [-56.364455588923654, -34.83616931198502], [-56.359483599171405, -34.84195343922372], [-56.35693032904258, -34.842963466040466], [-56.35252376019532, -34.84206966844532], [-56.34587271039093, -34.844346280651294], [-56.33439417338352, -34.84532398395263], [-56.327092372723456, -34.84393620563612], [-56.32084563906645, -34.84449478338269], [-56.31476395618454, -34.84206831421512], [-56.31244462753285, -34.83748365960721], [-56.3125632038481, -34.833442836950304], [-56.31031662929798, -34.83044597560648], [-56.30024692871537, -34.82322254900138], [-56.295273111646715, -34.82123868898121], [-56.293770043143645, -34.81855050068234], [-56.29453285708036, -34.81598064774733], [-56.28565646961943, -34.811769122024465], [-56.28483781714157, -34.80649964967278], [-56.27976461632728, -34.80459904919942], [-56.26901750007983, -34.80680196320605], [-56.26292262007942, -34.79817562136896], [-56.260891947933445, -34.79709770885468], [-56.26088311877448, -34.79551106717019], [-56.26482164794286, -34.79382590463144], [-56.26531511309069, -34.79156926936352], [-56.26365367082636, -34.78823026380488], [-56.25198493691974, -34.785603838977394], [-56.25040932422105, -34.78022724903919], [-56.24876102953083, -34.77923658960652], [-56.243083600508335, -34.7777822003297], [-56.23932037806109, -34.77872221932084], [-56.22926217383877, -34.77507651790977], [-56.22601468306552, -34.776802010719926], [-56.22271773488523, -34.77281013439312], [-56.216435438214056, -34.76941519230563], [-56.21445854502315, -34.76515185358573], [-56.20899245899952, -34.75897400009106], [-56.20264221294946, -34.755559276513026], [-56.19208999196769, -34.75735099557013], [-56.19106282351697, -34.756542180602125], [-56.19165322158061, -34.749193198134364], [-56.18900601507321, -34.746118187487085], [-56.18520043055993, -34.74636521672832], [-56.183365631096436, -34.744522865686086], [-56.18277980413788, -34.74092239879785], [-56.17758520164388, -34.73764171482061], [-56.1740744462986, -34.73793341579892], [-56.16668451636461, -34.73487985058698], [-56.16612890441946, -34.73188165981759], [-56.1578556773836, -34.72116200073145], [-56.15192953383446, -34.718519700238744], [-56.14304193858256, -34.71140599433499], [-56.13184386517, -34.71224638537575], [-56.12539625148442, -34.7105293937417], [-56.121758995043585, -34.71134843140095], [-56.11839018209937, -34.70916039674753], [-56.11489511987988, -34.71055698560044], [-56.1050817400078, -34.707228810734456], [-56.103326236405586, -34.70482546132166], [-56.10729117704453, -34.69257157836621], [-56.11672524623767, -34.68120670103439], [-56.11913572950196, -34.6761823874648], [-56.113702676852064, -34.663418159696896], [-56.10706381512767, -34.66237544956102], [-56.10244926923831, -34.65666379570387], [-56.10029316783256, -34.65566607843853], [-56.098999816100246, -34.652582557162305], [-56.09993559685843, -34.64926320686479], [-56.098917278965494, -34.64511938957151], [-56.10159785967354, -34.63875510707422], [-56.105579650383184, -34.63777771010803], [-56.11023137154146, -34.633853055261255], [-56.11179403075971, -34.62963389483612], [-56.113206847936524, -34.617887985263785], [-56.11257843163549, -34.612168985991914], [-56.114269138818784, -34.60985632435324], [-56.10634018905187, -34.59923814087042], [-56.108152981283496, -34.595063959046065], [-56.10813937285814, -34.59137834602035], [-56.10131774136869, -34.586404310334544], [-56.09780041662855, -34.58691475440003], [-56.09123668448062, -34.58381936759651], [-56.090257549425814, -34.58141300720825], [-56.09121121170508, -34.577460498700304], [-56.09046838233799, -34.57207198996279], [-56.09505705134761, -34.56243218534393], [-56.09474152488823, -34.56030517818988], [-56.090427638475916, -34.56053722378534], [-56.08731018860036, -34.55514457872927], [-56.074875348510254, -34.55314639264669], [-56.07133148704849, -34.546424746996024], [-56.06888056360942, -34.54534695081232], [-56.06320708448712, -34.54574525415329], [-56.05749501085787, -34.54204400419191], [-56.05678577098412, -34.53609497769949], [-56.04394010622004, -34.52168044005164], [-56.04057229114155, -34.52133221462888], [-56.037916177566764, -34.52381762112775], [-56.03160767484301, -34.52272574931343], [-56.02676228824686, -34.52454138137102], [-56.015112062182226, -34.52094937240191], [-56.003333048026924, -34.51384373837905], [-56.00271443100979, -34.508726221805695], [-55.99942788409169, -34.503211626602585], [-55.998018652636, -34.497114115162425], [-55.99208835471827, -34.49085969195684], [-55.98365999653171, -34.48780586607436], [-55.98291806664864, -34.48508083544491], [-55.97801843908994, -34.48117901868773], [-55.97778355340765, -34.477694179324196], [-55.97924522184928, -34.475843523400506], [-55.97851509213158, -34.4744394922348], [-55.975970574784434, -34.47464391073732], [-55.97317869243414, -34.47243988372561], [-55.97498193825771, -34.47053946516395], [-55.977280721331425, -34.463802665577944], [-55.97654587106237, -34.4600902429384], [-55.97350901853645, -34.456381102322034], [-55.97301629986937, -34.452467580384486], [-55.965615886626935, -34.44745959369688], [-55.96463842744432, -34.44324559274027], [-55.9558319019651, -34.442606003276985], [-55.95239281795801, -34.43764103401745], [-55.94458065523502, -34.43963173663795], [-55.9411931557784, -34.437575801869144], [-55.932726538291455, -34.43730213008664]]]}}, {"id": "16", "type": "Feature", "properties": {"codcuenca": 27, "area": 798, "nombre_cue": "RÍO DE LA PLATA entre Ao. Pando y Ao. Solís Grande", "cabecera": 26}, "geometry": {"type": "Polygon", "coordinates": [[[-55.68175741400936, -34.41456104103134], [-55.669295801851355, -34.42107783718664], [-55.667101227650626, -34.43120119168856], [-55.67016078782843, -34.43411062229559], [-55.67172072683386, -34.438192200621906], [-55.67820865568126, -34.44310916091334], [-55.67614264633146, -34.44519021419868], [-55.66672543846276, -34.44651245113497], [-55.66612732383052, -34.45363799570164], [-55.664251370458906, -34.45690734171992], [-55.65995905521942, -34.457215320561886], [-55.65749156068455, -34.45948234298262], [-55.65300162883516, -34.47135740490552], [-55.64970257058496, -34.47349832981073], [-55.6466432261646, -34.47292307476815], [-55.6394794000828, -34.47607532031285], [-55.637812317246954, -34.47805317822423], [-55.63853674423281, -34.4811799677361], [-55.635654980962066, -34.48201894574355], [-55.62939840700539, -34.48802387141811], [-55.62333526303309, -34.49094651666479], [-55.62444168849921, -34.49453890591577], [-55.62227689826558, -34.499417579978456], [-55.622057976661246, -34.50489111226909], [-55.61233900270413, -34.51575435197155], [-55.61321663717432, -34.521958122189936], [-55.61145967372469, -34.52346832949113], [-55.61171976331823, -34.529852239815675], [-55.615263809822416, -34.5312883508845], [-55.6177267723868, -34.53585033546822], [-55.616378770971664, -34.540500939534844], [-55.61771257856367, -34.54236214254336], [-55.61836958838058, -34.552667968020856], [-55.616400399388695, -34.55397703951435], [-55.61342374537757, -34.563185013664025], [-55.60793532080362, -34.567430694141876], [-55.607035638688075, -34.57250987756814], [-55.60953600253845, -34.579369550694516], [-55.60790837501948, -34.582426128368866], [-55.608557221610084, -34.58665224096474], [-55.6012235718191, -34.58933383959831], [-55.59936422491074, -34.59306471984603], [-55.600133389218264, -34.59501562564489], [-55.59802300940568, -34.596735216084866], [-55.59808932870194, -34.599918338286805], [-55.5927144746758, -34.60418425514797], [-55.58956276780373, -34.6048300355275], [-55.57928834217462, -34.619584101725536], [-55.571969239990594, -34.623132731931044], [-55.57322034001057, -34.62595079225921], [-55.56867063869179, -34.63590406658696], [-55.569521080964456, -34.637905077882984], [-55.57588702591119, -34.64173528647537], [-55.575996085625654, -34.644090311727325], [-55.58082594932973, -34.65187374456871], [-55.57610344365024, -34.65527634079021], [-55.575577340980765, -34.6580910868491], [-55.57683055856667, -34.66035819905635], [-55.57437022853805, -34.66616872433675], [-55.57206829183253, -34.6681231958638], [-55.57612911972719, -34.67327244596953], [-55.577615344408706, -34.67944297786965], [-55.57765334250281, -34.68162470829572], [-55.574127909335225, -34.68259608140487], [-55.57268743965291, -34.68547701303157], [-55.57442654947106, -34.688785097327276], [-55.577417896804135, -34.69080998893739], [-55.579134274515425, -34.696647270214065], [-55.57783978243363, -34.699697387621974], [-55.572969148410024, -34.70265755300884], [-55.576038781072434, -34.705073469675774], [-55.57660465012933, -34.708259605818455], [-55.57493032808917, -34.71139003913568], [-55.583384078636605, -34.71930353269222], [-55.57757559929981, -34.72583961441582], [-55.57148626625087, -34.729146503353064], [-55.56217594733653, -34.73758026373019], [-55.559133507123924, -34.74446561332353], [-55.54903463155042, -34.74841622828978], [-55.54270657639573, -34.748169794304275], [-55.53755578484472, -34.74564521682392], [-55.53150194753055, -34.74691699109668], [-55.51932344272232, -34.75340464891254], [-55.51822407098752, -34.75796884063172], [-55.5117316176309, -34.75863472596162], [-55.50820619447638, -34.76252782905424], [-55.50305112698033, -34.761428320175185], [-55.48781260670103, -34.768059370979756], [-55.48741314088339, -34.775067819931145], [-55.48533273753836, -34.779988277219196], [-55.48812181084658, -34.784338934501044], [-55.487699476142694, -34.78648249652723], [-55.47381784324295, -34.788087667584705], [-55.4719910944574, -34.78758285471234], [-55.468307148403284, -34.782223052160774], [-55.46237802142002, -34.782436030032564], [-55.45451386585153, -34.78019761053341], [-55.4385350754595, -34.783405659375056], [-55.4270025633842, -34.781782307143615], [-55.414035152699846, -34.78436889290304], [-55.40383105185357, -34.78392175099247], [-55.39127026563164, -34.79447552647274], [-55.39794958170724, -34.791559261472855], [-55.409635534205194, -34.79029930734381], [-55.444542214003704, -34.79325463233741], [-55.48784169795633, -34.79950281443193], [-55.496453075982586, -34.79929925051715], [-55.499382350820376, -34.79607054238434], [-55.50500105843213, -34.795408250227936], [-55.527683211266805, -34.79921990006521], [-55.52853151123467, -34.797112548181666], [-55.532728688986154, -34.79672522692232], [-55.53680350109279, -34.79357023414018], [-55.5451161324356, -34.79079362009832], [-55.55576566239529, -34.79194219158372], [-55.55580526950892, -34.7896257003113], [-55.56176965734912, -34.78623026594895], [-55.58033939702382, -34.78345285334312], [-55.582861300655914, -34.77996899348449], [-55.59947185026671, -34.773354226292454], [-55.624486109057294, -34.77392467987059], [-55.65096486238284, -34.78038690737542], [-55.65854477002442, -34.77506871708136], [-55.659217150199694, -34.771527018366776], [-55.66395308974877, -34.76784569902738], [-55.673932893678476, -34.76321425572528], [-55.686003559686974, -34.76223461950306], [-55.72165775203119, -34.76988858669], [-55.75218179852369, -34.78151436143368], [-55.755689175768076, -34.78059626714518], [-55.76191561625622, -34.782058631963444], [-55.763327387891415, -34.77651549283087], [-55.76634331806473, -34.77443414268061], [-55.775399997173054, -34.771984515540865], [-55.784663255550555, -34.771850825584075], [-55.801354572967846, -34.77464610819179], [-55.831781499611225, -34.78417871508963], [-55.8583388294233, -34.79698668064941], [-55.862087369470416, -34.79779607812308], [-55.8589505780871, -34.79593744233148], [-55.85794402092535, -34.79248644380028], [-55.84647980949159, -34.78506768091605], [-55.84593357887505, -34.78262747277706], [-55.84803012678246, -34.77389253707309], [-55.846705257571955, -34.77074619501633], [-55.83666433713832, -34.767731216797394], [-55.82445827610568, -34.767342097730854], [-55.817130948823554, -34.76914840790753], [-55.80428980971647, -34.768121991463275], [-55.8008655289672, -34.76491098139367], [-55.79565162379952, -34.763241143217506], [-55.79456238211026, -34.75977312741027], [-55.79236841826606, -34.75836995965314], [-55.78421250435849, -34.761634655023975], [-55.7764101056059, -34.75839326442128], [-55.77557628966326, -34.75636704724054], [-55.761641407532146, -34.75404758489125], [-55.76595682629071, -34.74729366926416], [-55.76292775391433, -34.74038964535686], [-55.76730129753171, -34.7358535487392], [-55.782083986813724, -34.73028578933102], [-55.782974682217365, -34.72624822693403], [-55.78157533001788, -34.72278003015461], [-55.789046981260455, -34.72144401522704], [-55.7982206661323, -34.71623075111173], [-55.79954923627702, -34.71263754919822], [-55.80371820145492, -34.7078268227631], [-55.805002773921565, -34.70216749377652], [-55.8028613339139, -34.700310609481456], [-55.79923196160621, -34.69259695156205], [-55.807706590935766, -34.68771580327863], [-55.813886958658394, -34.687045882575234], [-55.8332670955628, -34.697564884455694], [-55.8380848024796, -34.697298194876055], [-55.84246405895501, -34.69535111998066], [-55.84191669394866, -34.689250178392456], [-55.84603484304846, -34.68623463870402], [-55.84610737996506, -34.68447358213689], [-55.85582702546389, -34.678968998183166], [-55.85730170181081, -34.67550029418124], [-55.85316467212205, -34.672356254143025], [-55.84947989563279, -34.66407912826872], [-55.84513187777251, -34.66219040631704], [-55.84050203118362, -34.658102681030684], [-55.84140226722585, -34.65308429085298], [-55.83709636216132, -34.64747871395826], [-55.83880985888981, -34.6450377368809], [-55.839095006416905, -34.64095562958127], [-55.83492786236477, -34.63762749364858], [-55.830243686726604, -34.627000993076415], [-55.82086935065699, -34.62287750744522], [-55.81539069895359, -34.61745526779612], [-55.817490948091006, -34.608742734313104], [-55.816476115207706, -34.60660139031865], [-55.82005700545812, -34.60141933767833], [-55.82167757016017, -34.59490357300055], [-55.824316294139045, -34.59022310470824], [-55.82242734230872, -34.58638560493025], [-55.82484121987368, -34.58102512334338], [-55.824623230352486, -34.57769944423153], [-55.82143936928515, -34.57622290084968], [-55.82229260189397, -34.57301156382083], [-55.825961457118055, -34.57064246726077], [-55.826984937603015, -34.56633026283638], [-55.82476828519262, -34.56023914875239], [-55.82869651088111, -34.557189223205775], [-55.8265830790307, -34.553076062019414], [-55.826688601223644, -34.54883146904751], [-55.82383629014847, -34.54096356104531], [-55.82636455533562, -34.53795481538429], [-55.82523146116389, -34.5348619939511], [-55.82600652379882, -34.5316506253292], [-55.82006829559006, -34.52928586001608], [-55.81856118491621, -34.52566464456487], [-55.82165922600441, -34.52416084281918], [-55.8298806248159, -34.5146945431197], [-55.83731931418913, -34.5139733256729], [-55.83825927107671, -34.51295814958975], [-55.83614926759216, -34.5066444384092], [-55.8322805841946, -34.50107836230206], [-55.832976152645664, -34.49446305361133], [-55.83126640632476, -34.485793185336526], [-55.824285055975004, -34.482711989422064], [-55.82647746655797, -34.47642092376451], [-55.82497936276116, -34.47025225355091], [-55.82580831677299, -34.466769389054036], [-55.82431239494132, -34.462701925088304], [-55.822923810306435, -34.46022615771859], [-55.819614343539165, -34.46049202309762], [-55.81764840538335, -34.458254963293605], [-55.814747010735616, -34.457454279834394], [-55.809912134154, -34.461688982233085], [-55.80293504765105, -34.462375978006925], [-55.79579113035645, -34.46865553241021], [-55.79345763631457, -34.46907111206261], [-55.78697689625147, -34.465407930662955], [-55.78459716670274, -34.46111163527423], [-55.781727757473206, -34.45991422619625], [-55.77946429416012, -34.45491272369292], [-55.77261103280522, -34.454762801196416], [-55.765981194863585, -34.45149964312204], [-55.76554254248517, -34.44635111049464], [-55.754716746470685, -34.43811241600801], [-55.751945794258624, -34.431036940309255], [-55.74127713673027, -34.4259917551848], [-55.736581792678244, -34.425812549934435], [-55.72846857842289, -34.42916842590453], [-55.72545968641053, -34.42481745783719], [-55.71765682403944, -34.42504133107753], [-55.71076011405881, -34.42261294212476], [-55.71065500210329, -34.421109548852634], [-55.70484429327412, -34.416206304607456], [-55.699671145918394, -34.41508776308296], [-55.69657582443547, -34.41588105928078], [-55.695399675342024, -34.417825528903364], [-55.68995795726803, -34.41764389345963], [-55.687186961224775, -34.415165316817635], [-55.68175741400936, -34.41456104103134]]]}}, {"id": "17", "type": "Feature", "properties": {"codcuenca": 28, "area": 1337, "nombre_cue": "Ao. SOLÍS GRANDE", "cabecera": 28}, "geometry": {"type": "Polygon", "coordinates": [[[-55.465031697399944, -34.325586105211414], [-55.461420581047875, -34.32531084265314], [-55.45813101726562, -34.322837913607906], [-55.45807146753659, -34.32124997081006], [-55.45551320158613, -34.32004550311653], [-55.4445509914726, -34.31986717482829], [-55.44064624547777, -34.322240349558626], [-55.43179469673243, -34.324294590071375], [-55.42090722238609, -34.32885812360699], [-55.41555576685978, -34.33546350139316], [-55.41152826084643, -34.33680140780413], [-55.40224440379303, -34.33694915159451], [-55.39696529457724, -34.34941189414328], [-55.39121355002237, -34.350829412400095], [-55.39025005564372, -34.35223153256617], [-55.39079114833543, -34.356248298663274], [-55.39480804170193, -34.358342177640424], [-55.39552396506407, -34.36047981238388], [-55.39406549344953, -34.36173424411105], [-55.38107145027384, -34.359336195747964], [-55.372371262355465, -34.362385049431474], [-55.36443090076117, -34.36009937069626], [-55.35597285567978, -34.36154724091574], [-55.35156342599932, -34.35938234222241], [-55.34513337848967, -34.36380695268767], [-55.343446639464176, -34.37048020123352], [-55.34085205516948, -34.37205174072112], [-55.340178179710946, -34.37654523383124], [-55.33744680967175, -34.37687806534221], [-55.335388159917734, -34.37558816893031], [-55.331649386325566, -34.36989443712788], [-55.326521768687535, -34.371402859991996], [-55.32014890147746, -34.375792696963245], [-55.31808218807581, -34.37909556639827], [-55.31827092835135, -34.38189791528616], [-55.309429823542004, -34.38789048235227], [-55.30173863707073, -34.39011833028519], [-55.30244408778917, -34.39343051599146], [-55.30695316850755, -34.39548879181825], [-55.30950498390081, -34.39953164977706], [-55.31064391237807, -34.40645817863346], [-55.31267009977599, -34.40957323294623], [-55.30942262517729, -34.41300305621801], [-55.31422283993159, -34.41757879532005], [-55.31058225797691, -34.421147854433954], [-55.31746476276818, -34.42839558564697], [-55.317830666012675, -34.4345949176294], [-55.31224338169128, -34.43864106028495], [-55.318104309938136, -34.44311967998659], [-55.315418686423364, -34.45484618923072], [-55.31341208088901, -34.45779074112018], [-55.31138607216348, -34.4599587151677], [-55.30494727057664, -34.46108529777177], [-55.30540093822673, -34.4667343231854], [-55.29808172634825, -34.4690670850009], [-55.29288180144077, -34.46604915787568], [-55.28403772669345, -34.46739512901826], [-55.27708839112512, -34.466097863473564], [-55.27588947123808, -34.46868581989695], [-55.27650160064705, -34.47093578802938], [-55.270306124858834, -34.47142771339168], [-55.26770774544891, -34.47434348003211], [-55.26882661754489, -34.48303817232435], [-55.26632449743287, -34.489252175778134], [-55.26667900217717, -34.492524850301265], [-55.262446122149804, -34.49277192580761], [-55.25981083803628, -34.49433941786558], [-55.25912016869595, -34.50128558791027], [-55.256872029664805, -34.50450255030771], [-55.25299646995726, -34.50564984159656], [-55.24534665087383, -34.50195948000349], [-55.23796745238227, -34.504800227244246], [-55.232910119081616, -34.51081719701196], [-55.22867208219886, -34.51122675091638], [-55.22660949428167, -34.50895646145901], [-55.221394303147235, -34.50905041504957], [-55.21940338331006, -34.511733260410615], [-55.215478611143084, -34.512988861808054], [-55.21241631655762, -34.515807454087295], [-55.211302390997794, -34.51862334695476], [-55.211718283176054, -34.52190407884003], [-55.21738583462153, -34.52098886263944], [-55.220173577098635, -34.52427411928026], [-55.220039331255386, -34.526355892823126], [-55.222401464191854, -34.52778056225168], [-55.22087690505814, -34.5287156595729], [-55.22157975065039, -34.53044016120728], [-55.22475914209224, -34.53138261530233], [-55.22060216408701, -34.53747249104959], [-55.22229871328533, -34.54014156358132], [-55.221071649470275, -34.54190977482734], [-55.22196832423349, -34.54658561303096], [-55.23264325055583, -34.54267369710609], [-55.23705852491124, -34.54303050273899], [-55.238158790634046, -34.5407477727962], [-55.24045021093821, -34.54004868422272], [-55.242948087197405, -34.54053317781104], [-55.254190065771745, -34.545008291113405], [-55.26768366248423, -34.55748126204197], [-55.27028231263826, -34.55812590113921], [-55.27411882615281, -34.556706924789026], [-55.27595069064438, -34.55755925026468], [-55.28788368779783, -34.56735271293817], [-55.28886054179103, -34.57453460941995], [-55.29642517679719, -34.5751357213122], [-55.30391307139497, -34.571636952837395], [-55.30891645844438, -34.570975266845565], [-55.316304906452125, -34.5731686670836], [-55.32285463288048, -34.577047241456405], [-55.32041827715423, -34.58032832095735], [-55.32821703453563, -34.58788757046358], [-55.32582739564592, -34.595320996637646], [-55.32885642948634, -34.59897339472338], [-55.32558164656946, -34.60244404131332], [-55.32511143253655, -34.606558878239824], [-55.31979206703566, -34.61028527610392], [-55.32309682824677, -34.61283156893608], [-55.32562345380505, -34.61753863315211], [-55.322031625354, -34.62048016060148], [-55.31856699670099, -34.620281686204365], [-55.31811728409225, -34.62394808196838], [-55.314271690157106, -34.62651892981271], [-55.31486306378657, -34.631716689982866], [-55.316073829692506, -34.63502327346494], [-55.31912259393202, -34.637670757041874], [-55.32473568813543, -34.63942495029472], [-55.323886740971425, -34.64217898239446], [-55.32556196346546, -34.64496419688069], [-55.3251085729776, -34.648668235206564], [-55.329537347324006, -34.651360301241525], [-55.32549808437055, -34.65876391517167], [-55.32748326021493, -34.66240347615904], [-55.326877009136474, -34.663952626428234], [-55.32976234421675, -34.66689048467298], [-55.33038636860034, -34.66974906121921], [-55.336100646796986, -34.67307381145196], [-55.332538865515055, -34.67520740054762], [-55.32613709610211, -34.67384637726426], [-55.321325820564724, -34.67520489993779], [-55.321075750908015, -34.67991295980447], [-55.31619267932053, -34.684622685347286], [-55.31540384786069, -34.68943763449907], [-55.319430887477324, -34.69474299395583], [-55.321770349879664, -34.706902121690604], [-55.3174985366239, -34.71086542238544], [-55.316402472380766, -34.71395092179138], [-55.31411296288844, -34.7150415874592], [-55.31300666128528, -34.71701962195704], [-55.313641430628934, -34.719753024127236], [-55.311533065048145, -34.72236309706605], [-55.31461457863956, -34.72687924601852], [-55.314334827938715, -34.73132958970982], [-55.317308525144945, -34.73265066198441], [-55.318570550694204, -34.738175460837816], [-55.321528493974085, -34.74168731301565], [-55.3206410500637, -34.74813605441991], [-55.32509520048875, -34.75309837802163], [-55.33901871178762, -34.759367049829855], [-55.35821337316404, -34.75689668873339], [-55.37902081586675, -34.765717803793706], [-55.378712138986096, -34.77193137029849], [-55.37588983321232, -34.78166517185573], [-55.37848718963198, -34.782901748222365], [-55.379952270743985, -34.78738738602755], [-55.38321911234307, -34.78868754736035], [-55.38275172191186, -34.79285962758701], [-55.38750895374089, -34.793367768970924], [-55.38847138406347, -34.79481763463013], [-55.39127026563164, -34.79447552647274], [-55.40383105185357, -34.78392175099247], [-55.414035152699846, -34.78436889290304], [-55.42282890586081, -34.78213179343938], [-55.4308945331058, -34.78161496870019], [-55.4385350754595, -34.783405659375056], [-55.45451386585153, -34.78019761053341], [-55.46237802142002, -34.782436030032564], [-55.468307148403284, -34.782223052160774], [-55.4719910944574, -34.78758285471234], [-55.47381784324295, -34.788087667584705], [-55.487699476142694, -34.78648249652723], [-55.48812181084658, -34.784338934501044], [-55.48533273753836, -34.779988277219196], [-55.48741314088339, -34.775067819931145], [-55.48781260670103, -34.768059370979756], [-55.50305112698033, -34.761428320175185], [-55.50820619447638, -34.76252782905424], [-55.5117316176309, -34.75863472596162], [-55.51822407098752, -34.75796884063172], [-55.51932344272232, -34.75340464891254], [-55.53150194753055, -34.74691699109668], [-55.53755578484472, -34.74564521682392], [-55.54270657639573, -34.748169794304275], [-55.54903463155042, -34.74841622828978], [-55.559133507123924, -34.74446561332353], [-55.56217594733653, -34.73758026373019], [-55.57148626625087, -34.729146503353064], [-55.57757559929981, -34.72583961441582], [-55.583384078636605, -34.71930353269222], [-55.57493032808917, -34.71139003913568], [-55.57660465012933, -34.708259605818455], [-55.576038781072434, -34.705073469675774], [-55.572969148410024, -34.70265755300884], [-55.57783978243363, -34.699697387621974], [-55.579134274515425, -34.696647270214065], [-55.577417896804135, -34.69080998893739], [-55.57442654947106, -34.688785097327276], [-55.57268743965291, -34.68547701303157], [-55.574127909335225, -34.68259608140487], [-55.57765334250281, -34.68162470829572], [-55.577615344408706, -34.67944297786965], [-55.57612911972719, -34.67327244596953], [-55.57206829183253, -34.6681231958638], [-55.57437022853805, -34.66616872433675], [-55.57683055856667, -34.66035819905635], [-55.575577340980765, -34.6580910868491], [-55.57610344365024, -34.65527634079021], [-55.58082594932973, -34.65187374456871], [-55.575996085625654, -34.644090311727325], [-55.57588702591119, -34.64173528647537], [-55.569521080964456, -34.637905077882984], [-55.56867063869179, -34.63590406658696], [-55.57322034001057, -34.62595079225921], [-55.571969239990594, -34.623132731931044], [-55.57928834217462, -34.619584101725536], [-55.58956276780373, -34.6048300355275], [-55.5927144746758, -34.60418425514797], [-55.59808932870194, -34.599918338286805], [-55.59802300940568, -34.596735216084866], [-55.600133389218264, -34.59501562564489], [-55.59936422491074, -34.59306471984603], [-55.6012235718191, -34.58933383959831], [-55.608557221610084, -34.58665224096474], [-55.60790837501948, -34.582426128368866], [-55.60953600253845, -34.579369550694516], [-55.607035638688075, -34.57250987756814], [-55.60793532080362, -34.567430694141876], [-55.61342374537757, -34.563185013664025], [-55.616400399388695, -34.55397703951435], [-55.61836958838058, -34.552667968020856], [-55.61771257856367, -34.54236214254336], [-55.616378770971664, -34.540500939534844], [-55.6177267723868, -34.53585033546822], [-55.615263809822416, -34.5312883508845], [-55.61171976331823, -34.529852239815675], [-55.61145967372469, -34.52346832949113], [-55.61321663717432, -34.521958122189936], [-55.61233900270413, -34.51575435197155], [-55.622057976661246, -34.50489111226909], [-55.62227689826558, -34.499417579978456], [-55.62444168849921, -34.49453890591577], [-55.62333526303309, -34.49094651666479], [-55.62939840700539, -34.48802387141811], [-55.635654980962066, -34.48201894574355], [-55.63853674423281, -34.4811799677361], [-55.637812317246954, -34.47805317822423], [-55.6394794000828, -34.47607532031285], [-55.6466432261646, -34.47292307476815], [-55.64970257058496, -34.47349832981073], [-55.65300162883516, -34.47135740490552], [-55.65749156068455, -34.45948234298262], [-55.65995905521942, -34.457215320561886], [-55.664251370458906, -34.45690734171992], [-55.66612732383052, -34.45363799570164], [-55.66672543846276, -34.44651245113497], [-55.67614264633146, -34.44519021419868], [-55.67820865568126, -34.44310916091334], [-55.67172072683386, -34.438192200621906], [-55.67016078782843, -34.43411062229559], [-55.667101227650626, -34.43120119168856], [-55.669295801851355, -34.42107783718664], [-55.67843641626679, -34.41586437698611], [-55.67670698036446, -34.41234007531251], [-55.67746759520646, -34.4065152472546], [-55.676388358523724, -34.405319516891836], [-55.671216167376684, -34.405432183762116], [-55.67065137337398, -34.40366825408318], [-55.663162492344476, -34.39719467064229], [-55.65502107752063, -34.39800318726733], [-55.65321633548197, -34.39561551413976], [-55.654051382870996, -34.39122244251573], [-55.650673667454654, -34.3887579197943], [-55.647290020222606, -34.389669259108345], [-55.645635305592165, -34.38869444781847], [-55.648472756046125, -34.38446373418165], [-55.64757374514518, -34.37870546743418], [-55.64459309941275, -34.3755603666145], [-55.6399880964511, -34.375077051844265], [-55.637107822929345, -34.37589781870039], [-55.63453667216121, -34.37919263429727], [-55.633019611631376, -34.37875659166479], [-55.628049637475215, -34.3689330017742], [-55.625588745263116, -34.366543988342826], [-55.61730878522623, -34.37821114534685], [-55.61446293885932, -34.38007402478085], [-55.606026960047444, -34.380585807111416], [-55.605584502429096, -34.377502632345504], [-55.60183310336266, -34.37613514618922], [-55.59463569636958, -34.378082819826574], [-55.5863410948256, -34.37823213841365], [-55.58285765332559, -34.37405943165602], [-55.58068933579535, -34.373567108625444], [-55.57349576010915, -34.367382578110366], [-55.57419898741577, -34.365326733080536], [-55.57080065397728, -34.360691839890805], [-55.57187260330837, -34.35714414461672], [-55.571208009705636, -34.35405350659237], [-55.557749631656236, -34.34564001200919], [-55.559647073757446, -34.33936843526057], [-55.55822523081573, -34.337425788810904], [-55.551272739456806, -34.33555147882539], [-55.551429437945544, -34.32531489975581], [-55.542280848824625, -34.3237504362577], [-55.5338449566715, -34.31872365527976], [-55.52814456860796, -34.3214301648598], [-55.52727322431201, -34.324194958146016], [-55.52410132904695, -34.32714539144873], [-55.50940098193271, -34.32910303617324], [-55.50769030344199, -34.325470334388505], [-55.50318644459579, -34.32313720464627], [-55.50352902912783, -34.31782845969182], [-55.49844191195024, -34.315445554663455], [-55.4988060949573, -34.310056092542766], [-55.49783857465671, -34.30681167432671], [-55.496036026401576, -34.30568056360013], [-55.489495672830486, -34.30536451100877], [-55.477497615452585, -34.31105602917391], [-55.465031697399944, -34.325586105211414]]]}}, {"id": "18", "type": "Feature", "properties": {"codcuenca": 29, "area": 907, "nombre_cue": "RÍO DE LA PLATA entre Ao. Solís Grande y Punta Del Este", "cabecera": 26}, "geometry": {"type": "Polygon", "coordinates": [[[-55.13042679880887, -34.49892470016783], [-55.124667429862846, -34.503612637861515], [-55.124544091635144, -34.50585253586976], [-55.12176218102025, -34.508357435254894], [-55.12111429284006, -34.51102023195086], [-55.11877723859771, -34.51234041869793], [-55.12064186114675, -34.513709428450085], [-55.12500219401374, -34.52222375909398], [-55.127423658099744, -34.522989195008286], [-55.129941857587454, -34.518486639713416], [-55.13665794807198, -34.514142355478924], [-55.14453506749067, -34.51374047748747], [-55.152108730366365, -34.51785454668124], [-55.15349734180026, -34.517290408837994], [-55.158361359255494, -34.519294817459524], [-55.16114608608746, -34.52960466814154], [-55.16309907831348, -34.531688730882124], [-55.16836458700543, -34.5336418069533], [-55.1703117195627, -34.536540455569316], [-55.167532156512024, -34.55008491059099], [-55.16917637013437, -34.55653251100487], [-55.16901302511841, -34.56630840152728], [-55.16606182022291, -34.5667172220205], [-55.16502638410834, -34.57368434492491], [-55.16203995069918, -34.578759122382884], [-55.16555104492626, -34.58630600352363], [-55.1623435912471, -34.58881353575258], [-55.16177787719671, -34.59274549890628], [-55.15700004612878, -34.59382164524122], [-55.15112137576958, -34.5989517015767], [-55.14902152590586, -34.60405104202451], [-55.148843231958566, -34.610554489971875], [-55.14470743312275, -34.61300159052358], [-55.14284106467753, -34.616153745814685], [-55.144072198427665, -34.621723488592835], [-55.151957013031854, -34.6254231096923], [-55.153657306431604, -34.62743465107994], [-55.152799950400755, -34.63385485085585], [-55.14716437446943, -34.64076977895907], [-55.14236522263364, -34.64952980318037], [-55.14378028626976, -34.658789715270736], [-55.1395694750062, -34.6645467199184], [-55.14370097768954, -34.66929917062372], [-55.14878353402724, -34.6714652216796], [-55.1499015179246, -34.67352074133489], [-55.143089371188054, -34.682413641527724], [-55.13462964971598, -34.689830865449], [-55.13159060154164, -34.69415140450102], [-55.1258967822259, -34.696872282862785], [-55.125012064311576, -34.70004958382783], [-55.120620050014246, -34.70346769586401], [-55.11613279214324, -34.70077836206607], [-55.10991152155294, -34.700318044107945], [-55.0978266016283, -34.69655506885555], [-55.09438525474139, -34.69962466469013], [-55.08868513176032, -34.70053179835731], [-55.083112765628286, -34.70546915748979], [-55.076883553158964, -34.70754165034212], [-55.076234702769256, -34.708767515347354], [-55.0777074299856, -34.710650109833004], [-55.07417064672384, -34.71734154250363], [-55.0645853427374, -34.718143732597895], [-55.057833417768705, -34.71642642154436], [-55.05488792312487, -34.714313305241156], [-55.043387658899654, -34.713629590554454], [-55.025179464504234, -34.70693865242508], [-55.02009674930406, -34.71610472203715], [-55.023770941434265, -34.72399418387018], [-55.016023733961, -34.7322864604852], [-55.0133708960598, -34.73922958422122], [-55.01133012201191, -34.740290971278284], [-55.01222729571079, -34.74368065666791], [-55.0041988201198, -34.744975276956744], [-55.001805396442634, -34.74819145548607], [-54.99537968444596, -34.750029835807204], [-55.00063003955532, -34.766626651810746], [-55.0053885398345, -34.77093186874451], [-55.010064102265176, -34.769173507524016], [-55.012219773624665, -34.77011945517615], [-55.01638869714042, -34.77713620616625], [-55.01594054893149, -34.77973509440411], [-55.01772497495959, -34.78514428220558], [-55.01740895818379, -34.793685374720006], [-55.01896610674371, -34.79848726303666], [-55.01734364257422, -34.80059710990765], [-55.01535526575243, -34.80038207246022], [-55.011155280717645, -34.80284825825266], [-55.013005764044294, -34.80627747950259], [-55.012565459955425, -34.80802208251196], [-55.01621486358387, -34.81373026812058], [-55.01465400675698, -34.81615151588542], [-55.01661971887911, -34.81936463049995], [-55.02084548616275, -34.82302227761241], [-55.0278690642678, -34.82445459663635], [-55.02783806034413, -34.83266036512496], [-55.02927179891187, -34.835994731051635], [-55.02433336140636, -34.843250167938514], [-55.02718143966685, -34.84721186336115], [-55.02927685662767, -34.85870974201963], [-55.02117366275346, -34.86119183466983], [-55.0118098607204, -34.85403119242621], [-55.007132135885165, -34.854270309277226], [-55.00231790490593, -34.84871146621841], [-54.99956737596325, -34.848573992516414], [-54.99663249724794, -34.84948762179708], [-54.989781739301186, -34.8549350442008], [-54.98735578815192, -34.8548662159554], [-54.98614847553182, -34.85894480558922], [-54.9754672653373, -34.86160691667357], [-54.97380307282088, -34.86272372157048], [-54.97907959952107, -34.86981038512251], [-54.98049355342576, -34.877140033151925], [-54.983327161155145, -34.88126510614975], [-54.98187774460589, -34.88714248424603], [-54.97711756362364, -34.892244613500495], [-54.97676344023387, -34.89868988402323], [-54.973990981026304, -34.90058149228326], [-54.96976303590804, -34.90724363689432], [-54.959426463188976, -34.90764569046288], [-54.95785473964053, -34.912530241268136], [-54.9545759329291, -34.91423878454273], [-54.95505367318758, -34.91587449940125], [-54.95006114419668, -34.9233414309999], [-54.940562531336745, -34.923816322068994], [-54.93428689606893, -34.92581087198069], [-54.92138882996555, -34.92725678254793], [-54.92119676293629, -34.931673193846045], [-54.92786639274937, -34.93846735453678], [-54.93226520379035, -34.947573245301264], [-54.93288908019922, -34.95177660769007], [-54.93487175589988, -34.95481552256279], [-54.940923540146464, -34.95855986976728], [-54.947220771457545, -34.966663727023835], [-54.95018527480569, -34.9675203060458], [-54.951903886173355, -34.97107330930244], [-54.95167463095066, -34.97394337209637], [-54.95406552040833, -34.972508909212536], [-54.95443051283165, -34.9657604769557], [-54.95178731383985, -34.96407457927151], [-54.94866656495831, -34.96517039357109], [-54.94734960848971, -34.964413048685365], [-54.944426697562, -34.95805612694781], [-54.94067255288138, -34.95586642451085], [-54.94100752854447, -34.949992103092875], [-54.94616935106326, -34.94308822401651], [-54.9626350835202, -34.927699844216626], [-54.97795337628514, -34.91703343555812], [-55.00222343311798, -34.910272881650485], [-55.01163903616948, -34.90965831924641], [-55.01531018239102, -34.91250328885227], [-55.016202866640896, -34.91067931965677], [-55.02230564330385, -34.90979915516038], [-55.040953434346086, -34.9106110966746], [-55.04346093341263, -34.91160018745799], [-55.04661974864854, -34.91675748807687], [-55.04736955197156, -34.91493240090076], [-55.045604973767546, -34.90807122118761], [-55.04632381486859, -34.90364104930117], [-55.045232913667945, -34.900903193724325], [-55.041001004471234, -34.89711821610535], [-55.04067965630708, -34.892807760033534], [-55.051229612506035, -34.885076521925974], [-55.06315986817506, -34.880552522358236], [-55.074934643661955, -34.87864034001584], [-55.09593766236075, -34.87826804099533], [-55.17842760127992, -34.88408085899825], [-55.219547208453335, -34.894568681221585], [-55.22919283750498, -34.89818374884077], [-55.2371719681835, -34.90404374833665], [-55.23868250079421, -34.90394257080106], [-55.24082616677667, -34.90082473072015], [-55.24458185015181, -34.90036422975899], [-55.251698516086215, -34.90119875410497], [-55.26075491437759, -34.904907813598165], [-55.26109250981271, -34.90179961346166], [-55.25875004148195, -34.896975931101395], [-55.26028252957847, -34.89349447159909], [-55.272500779194466, -34.890258129825334], [-55.280044121184055, -34.89099369374555], [-55.281212879889004, -34.88952946314252], [-55.27848382767861, -34.88343357207688], [-55.27990479501909, -34.878382996892356], [-55.28196170637032, -34.876534963694816], [-55.27983476424515, -34.8773461260161], [-55.275618585131554, -34.87128885801413], [-55.276086183152195, -34.86826227949241], [-55.2819959463594, -34.86235659599668], [-55.286770750722475, -34.85947443314438], [-55.29180443287103, -34.85711595662238], [-55.30243534797743, -34.85490649019793], [-55.30378360306123, -34.85253237923068], [-55.302351896511794, -34.84334155011416], [-55.30614449050368, -34.839868694546475], [-55.31105537910449, -34.83764411339765], [-55.313387193610524, -34.83151510450988], [-55.31562315267931, -34.83049646041779], [-55.31842656927115, -34.823999657884215], [-55.33135324159611, -34.815045377720715], [-55.345653522857376, -34.80817702314847], [-55.36688025200121, -34.80323373346134], [-55.384161482573646, -34.80231150403681], [-55.385667683097694, -34.80048683506507], [-55.384589532514575, -34.79758070737793], [-55.38847138406347, -34.79481763463013], [-55.38750895374089, -34.793367768970924], [-55.38275172191186, -34.79285962758701], [-55.38321911234307, -34.78868754736035], [-55.379952270743985, -34.78738738602755], [-55.37848718963198, -34.782901748222365], [-55.37588983321232, -34.78166517185573], [-55.378712138986096, -34.77193137029849], [-55.37902081586675, -34.765717803793706], [-55.35821337316404, -34.75689668873339], [-55.33901871178762, -34.759367049829855], [-55.32509520048875, -34.75309837802163], [-55.3206410500637, -34.74813605441991], [-55.321528493974085, -34.74168731301565], [-55.318570550694204, -34.738175460837816], [-55.317308525144945, -34.73265066198441], [-55.314334827938715, -34.73132958970982], [-55.31461457863956, -34.72687924601852], [-55.311533065048145, -34.72236309706605], [-55.313641430628934, -34.719753024127236], [-55.31300666128528, -34.71701962195704], [-55.31411296288844, -34.7150415874592], [-55.316402472380766, -34.71395092179138], [-55.3174985366239, -34.71086542238544], [-55.321770349879664, -34.706902121690604], [-55.319430887477324, -34.69474299395583], [-55.31540384786069, -34.68943763449907], [-55.31619267932053, -34.684622685347286], [-55.321075750908015, -34.67991295980447], [-55.321325820564724, -34.67520489993779], [-55.32613709610211, -34.67384637726426], [-55.332538865515055, -34.67520740054762], [-55.336100646796986, -34.67307381145196], [-55.33038636860034, -34.66974906121921], [-55.32976234421675, -34.66689048467298], [-55.326877009136474, -34.663952626428234], [-55.32748326021493, -34.66240347615904], [-55.32549808437055, -34.65876391517167], [-55.329537347324006, -34.651360301241525], [-55.3251085729776, -34.648668235206564], [-55.32556196346546, -34.64496419688069], [-55.323886740971425, -34.64217898239446], [-55.32473568813543, -34.63942495029472], [-55.31912259393202, -34.637670757041874], [-55.316073829692506, -34.63502327346494], [-55.31486306378657, -34.631716689982866], [-55.314271690157106, -34.62651892981271], [-55.31811728409225, -34.62394808196838], [-55.31856699670099, -34.620281686204365], [-55.322031625354, -34.62048016060148], [-55.32562345380505, -34.61753863315211], [-55.32309682824677, -34.61283156893608], [-55.31979206703566, -34.61028527610392], [-55.32511143253655, -34.606558878239824], [-55.32558164656946, -34.60244404131332], [-55.32885642948634, -34.59897339472338], [-55.32582739564592, -34.595320996637646], [-55.32821703453563, -34.58788757046358], [-55.32041827715423, -34.58032832095735], [-55.32285463288048, -34.577047241456405], [-55.316304906452125, -34.5731686670836], [-55.30891645844438, -34.570975266845565], [-55.30391307139497, -34.571636952837395], [-55.29642517679719, -34.5751357213122], [-55.28886054179103, -34.57453460941995], [-55.28788368779783, -34.56735271293817], [-55.27595069064438, -34.55755925026468], [-55.27411882615281, -34.556706924789026], [-55.27028231263826, -34.55812590113921], [-55.26768366248423, -34.55748126204197], [-55.254190065771745, -34.545008291113405], [-55.242948087197405, -34.54053317781104], [-55.24045021093821, -34.54004868422272], [-55.238158790634046, -34.5407477727962], [-55.23705852491124, -34.54303050273899], [-55.23264325055583, -34.54267369710609], [-55.22196832423349, -34.54658561303096], [-55.221071649470275, -34.54190977482734], [-55.22229871328533, -34.54014156358132], [-55.22060216408701, -34.53747249104959], [-55.22475914209224, -34.53138261530233], [-55.22157975065039, -34.53044016120728], [-55.22087690505814, -34.5287156595729], [-55.222401464191854, -34.52778056225168], [-55.220039331255386, -34.526355892823126], [-55.220173577098635, -34.52427411928026], [-55.21738583462153, -34.52098886263944], [-55.211718283176054, -34.52190407884003], [-55.211302390997794, -34.51862334695476], [-55.20982870222738, -34.51746934876132], [-55.20504835775262, -34.51601479194133], [-55.20260497263988, -34.51651364676412], [-55.198731608576985, -34.512246577370306], [-55.19812714127572, -34.50888477308305], [-55.190957897750536, -34.504591572046664], [-55.1886781054821, -34.50377595893992], [-55.17853892829336, -34.50561574938323], [-55.172280001622354, -34.50085043793484], [-55.16763460255197, -34.50180341995703], [-55.16151309149818, -34.49741359967952], [-55.15562190716053, -34.49615975546559], [-55.15285749281564, -34.49288899083103], [-55.14904429220345, -34.49186766474343], [-55.140549879335104, -34.494238637549806], [-55.137054222659785, -34.49799797264836], [-55.13042679880887, -34.49892470016783]]]}}, {"id": "19", "type": "Feature", "properties": {"codcuenca": 30, "area": 1493, "nombre_cue": "OCÉANO ATLÁNTICO entre Punta del Este y Ao. MALDONADO", "cabecera": 26}, "geometry": {"type": "Polygon", "coordinates": [[[-54.79461737314643, -34.38175988672987], [-54.778421631328335, -34.3834431080228], [-54.77665967324944, -34.38537108288966], [-54.76890173293916, -34.383112585888206], [-54.75158548705635, -34.387837838232414], [-54.750288390855154, -34.39712891021042], [-54.74825845862608, -34.3988739944194], [-54.74362374882712, -34.40108616615434], [-54.74217678208706, -34.40342368431558], [-54.73682579255583, -34.40400505080265], [-54.731559757242394, -34.40225432021952], [-54.728825591576566, -34.40360125263504], [-54.72701630525614, -34.40652291663142], [-54.71720201553955, -34.407219770761], [-54.71337014937965, -34.411200392814926], [-54.70450132747761, -34.41515263403579], [-54.707171076840865, -34.424559782249375], [-54.70279577872112, -34.42481435518456], [-54.698862238415316, -34.427422750581336], [-54.70177248535222, -34.43077808912627], [-54.70405381077161, -34.43706522208864], [-54.70604347904724, -34.43855178903249], [-54.70514222890321, -34.44422288133631], [-54.707452195413985, -34.44835603852557], [-54.7148507689921, -34.452044845872535], [-54.72512826940097, -34.46173146512216], [-54.72521760886822, -34.463984328890625], [-54.72354390136536, -34.46543834583251], [-54.724889556514505, -34.47112933842367], [-54.731445898060485, -34.476180571513005], [-54.725616662353104, -34.47896903307933], [-54.72390242279133, -34.48355600833254], [-54.72490997472959, -34.48797110079213], [-54.731553381549034, -34.49556891041799], [-54.73360456507272, -34.50165762208917], [-54.73797015842004, -34.5024789796004], [-54.73900843406461, -34.5045442367175], [-54.737687618024005, -34.50913267815521], [-54.742292055793115, -34.51612678756123], [-54.740973651131824, -34.51748618451667], [-54.74081447674991, -34.520716023898345], [-54.74710883229334, -34.525813109222085], [-54.7464850069256, -34.5283780162023], [-54.742902115310955, -34.531039734246484], [-54.74569938366505, -34.532043072409905], [-54.747295212687995, -34.53450472962051], [-54.74578384008202, -34.5365274516125], [-54.7472804910991, -34.5424245234345], [-54.755975803035184, -34.55196002576068], [-54.75520060887855, -34.55463160444174], [-54.75793884030558, -34.556775257979474], [-54.75838694794031, -34.559510907851354], [-54.76208295809922, -34.559087738528774], [-54.780073905407185, -34.56661492841241], [-54.78626086008354, -34.57621609888569], [-54.79004359887494, -34.57717921092781], [-54.79118184384053, -34.58111178423446], [-54.797165398146205, -34.583980870930056], [-54.79698109227956, -34.58698302396156], [-54.801400680435385, -34.59034954884352], [-54.80092256063782, -34.594009226266344], [-54.806442058105915, -34.597358710335534], [-54.8054437821928, -34.60094233099592], [-54.80184797888054, -34.603786366799234], [-54.80849490818735, -34.60736048311873], [-54.810838894383394, -34.61611674884816], [-54.81696204292679, -34.61682558602208], [-54.82044068601931, -34.619476249678755], [-54.81737543496153, -34.621653095075786], [-54.817032504638654, -34.62434086893164], [-54.81237431112621, -34.62455981428846], [-54.80883063802627, -34.626754718334006], [-54.80703020188047, -34.63024659594589], [-54.80286540087458, -34.632436262387], [-54.80170790143644, -34.63405176461849], [-54.802186544127395, -34.637975777242765], [-54.793558527080776, -34.64057018425652], [-54.786724489354505, -34.640941211978856], [-54.77964284433239, -34.636178312072126], [-54.77249452176429, -34.63688801303324], [-54.771002475821234, -34.640543988928385], [-54.764541982374936, -34.64390811416316], [-54.7618293895328, -34.64759020356761], [-54.75336654097035, -34.65220522758782], [-54.75209141051313, -34.654845521028335], [-54.75391436160215, -34.65802556564281], [-54.761991760768844, -34.66540132226778], [-54.766949088090996, -34.666860170381206], [-54.77076475884185, -34.669809466694886], [-54.767399163499846, -34.678061429489986], [-54.76242930805139, -34.6827296795582], [-54.76026817600588, -34.68792775476142], [-54.7612297112524, -34.69383708634703], [-54.75880990596985, -34.696895283212456], [-54.75888987878112, -34.69877748424926], [-54.761796732540525, -34.70389049956451], [-54.77461642769663, -34.711897621640794], [-54.77451712164849, -34.71627128466425], [-54.78041028715442, -34.725557279347534], [-54.786927030472285, -34.726295840424235], [-54.7901045384065, -34.72905897582965], [-54.793818818321526, -34.730287043117876], [-54.79795756205914, -34.72965730258756], [-54.79972451585779, -34.73114543707141], [-54.79975816924146, -34.732807343075784], [-54.79127598056997, -34.738974302272744], [-54.7914826175888, -34.743523834282094], [-54.77939702597144, -34.74829482447288], [-54.781642097600546, -34.76300179129798], [-54.78042809141525, -34.76626641465598], [-54.780905214294435, -34.76960579804631], [-54.792142439125655, -34.77448862653368], [-54.79312995441663, -34.778516369172095], [-54.79539032265472, -34.78015997768645], [-54.799551467630906, -34.77891140767401], [-54.806138281169055, -34.78281389390312], [-54.80578835357602, -34.78606090207644], [-54.811284368080756, -34.79457242480776], [-54.816167562903, -34.7936712485654], [-54.819132748663755, -34.79463181548768], [-54.81903962975994, -34.79626011521589], [-54.815160399282554, -34.799906259845955], [-54.82267256656263, -34.80467057124552], [-54.82964615579455, -34.81122610430894], [-54.83358019348648, -34.82024668458181], [-54.82825146704042, -34.82838901898431], [-54.827683641206974, -34.83153479667915], [-54.8290645819708, -34.836664895945596], [-54.82357475163354, -34.84081986932142], [-54.82318060223512, -34.84308825411126], [-54.82515793994462, -34.851937916919056], [-54.82880251380751, -34.85444053957303], [-54.828779378122015, -34.85640902803637], [-54.824505604068946, -34.860514077251715], [-54.82156220832472, -34.86084377983617], [-54.81750424869824, -34.8671949451817], [-54.81814572186621, -34.869211176476696], [-54.82282007345603, -34.87211214575474], [-54.820404128124615, -34.87517112806975], [-54.82034594275002, -34.87801782977125], [-54.8273574816142, -34.88355519077998], [-54.83446129685129, -34.8871670512806], [-54.84161972824051, -34.88884753733836], [-54.84636923132088, -34.89223670894695], [-54.85185136376522, -34.90019685252352], [-54.8488613351027, -34.90457300309129], [-54.85274845764257, -34.90796987131489], [-54.85464227989927, -34.913401368172146], [-54.86200191398293, -34.913891958807], [-54.86354290242096, -34.91500077714532], [-54.863065309183966, -34.91644525415423], [-54.866566277880615, -34.9193925131944], [-54.8894879828896, -34.928588779798204], [-54.922740812630906, -34.94864474698612], [-54.92926581235985, -34.95477569015598], [-54.93665448703266, -34.9590286438068], [-54.93985349745939, -34.963008188877005], [-54.93889465622348, -34.965705387255376], [-54.94147402652553, -34.965092718123124], [-54.94358787067417, -34.967126625835554], [-54.94738796111492, -34.968108777333285], [-54.95167463095066, -34.97394337209637], [-54.951903886173355, -34.97107330930244], [-54.95018527480569, -34.9675203060458], [-54.947220771457545, -34.966663727023835], [-54.940923540146464, -34.95855986976728], [-54.93487175589988, -34.95481552256279], [-54.93288908019922, -34.95177660769007], [-54.93226520379035, -34.947573245301264], [-54.92786639274937, -34.93846735453678], [-54.92119676293629, -34.931673193846045], [-54.92138882996555, -34.92725678254793], [-54.934286896068905, -34.92581087198069], [-54.94056253133673, -34.923816322068994], [-54.95006114419665, -34.92334143099989], [-54.95505367318758, -34.91587449940125], [-54.9545759329291, -34.91423878454273], [-54.95785473964053, -34.912530241268136], [-54.959426463188954, -34.90764569046288], [-54.96976303590801, -34.90724363689431], [-54.973990981026304, -34.90058149228326], [-54.97676344023387, -34.89868988402323], [-54.977117563623615, -34.89224461350049], [-54.98187774460589, -34.88714248424603], [-54.98332716115512, -34.88126510614975], [-54.98049355342576, -34.877140033151925], [-54.97907959952107, -34.86981038512251], [-54.97380307282088, -34.86272372157048], [-54.9754672653373, -34.86160691667357], [-54.98614847553182, -34.85894480558922], [-54.98735578815192, -34.8548662159554], [-54.989781739301186, -34.8549350442008], [-54.99663249724794, -34.84948762179708], [-54.99956737596325, -34.848573992516414], [-55.00231790490593, -34.84871146621841], [-55.007132135885165, -34.854270309277226], [-55.0118098607204, -34.85403119242621], [-55.02117366275346, -34.86119183466983], [-55.02927685662767, -34.85870974201963], [-55.02718143966685, -34.84721186336115], [-55.02433336140636, -34.843250167938514], [-55.02927179891187, -34.835994731051635], [-55.02783806034413, -34.83266036512496], [-55.0278690642678, -34.82445459663635], [-55.02084548616275, -34.82302227761241], [-55.01661971887911, -34.81936463049995], [-55.01465400675698, -34.81615151588542], [-55.01621486358387, -34.81373026812058], [-55.012565459955425, -34.80802208251196], [-55.013005764044294, -34.80627747950259], [-55.011155280717645, -34.80284825825266], [-55.01535526575243, -34.80038207246022], [-55.01734364257422, -34.80059710990765], [-55.01896610674371, -34.79848726303666], [-55.01740895818379, -34.793685374720006], [-55.01772497495959, -34.78514428220558], [-55.01594054893149, -34.77973509440411], [-55.01638869714042, -34.77713620616625], [-55.012219773624665, -34.77011945517615], [-55.010064102265176, -34.769173507524016], [-55.0053885398345, -34.77093186874451], [-55.00063003955532, -34.766626651810746], [-54.99537968444596, -34.750029835807204], [-55.001805396442634, -34.74819145548607], [-55.0041988201198, -34.744975276956744], [-55.01222729571079, -34.74368065666791], [-55.01133012201191, -34.740290971278284], [-55.0133708960598, -34.73922958422122], [-55.016023733961, -34.7322864604852], [-55.023770941434265, -34.72399418387018], [-55.02009674930406, -34.71610472203715], [-55.025179464504234, -34.70693865242508], [-55.043387658899654, -34.713629590554454], [-55.05488792312487, -34.714313305241156], [-55.057833417768705, -34.71642642154436], [-55.0645853427374, -34.718143732597895], [-55.07417064672384, -34.71734154250363], [-55.0777074299856, -34.710650109833004], [-55.076234702769256, -34.708767515347354], [-55.076883553158964, -34.70754165034212], [-55.083112765628286, -34.70546915748979], [-55.08868513176032, -34.70053179835731], [-55.09438525474139, -34.69962466469013], [-55.0978266016283, -34.69655506885555], [-55.10991152155294, -34.700318044107945], [-55.11613279214324, -34.70077836206607], [-55.120620050014246, -34.70346769586401], [-55.125012064311576, -34.70004958382783], [-55.1258967822259, -34.696872282862785], [-55.13159060154164, -34.69415140450102], [-55.14860016613989, -34.67625163405904], [-55.1499015179246, -34.67352074133489], [-55.14878353402724, -34.6714652216796], [-55.14370097768954, -34.66929917062372], [-55.1395694750062, -34.6645467199184], [-55.14378028626976, -34.658789715270736], [-55.14236522263364, -34.64952980318037], [-55.14716437446943, -34.64076977895907], [-55.152799950400755, -34.63385485085585], [-55.153657306431604, -34.62743465107994], [-55.151957013031854, -34.6254231096923], [-55.144072198427665, -34.621723488592835], [-55.14284106467753, -34.616153745814685], [-55.14470743312275, -34.61300159052358], [-55.148843231958566, -34.610554489971875], [-55.14902152590586, -34.60405104202451], [-55.15112137576958, -34.5989517015767], [-55.15700004612878, -34.59382164524122], [-55.16177787719671, -34.59274549890628], [-55.1623435912471, -34.58881353575258], [-55.16555104492626, -34.58630600352363], [-55.16203995069918, -34.578759122382884], [-55.16502638410834, -34.57368434492491], [-55.16606182022291, -34.5667172220205], [-55.16901302511841, -34.56630840152728], [-55.16917637013437, -34.55653251100487], [-55.167532156512024, -34.55008491059099], [-55.1703117195627, -34.536540455569316], [-55.16836458700543, -34.5336418069533], [-55.16309907831348, -34.531688730882124], [-55.16114608608746, -34.52960466814154], [-55.159685976042624, -34.52159783367959], [-55.15568839533283, -34.517799414629785], [-55.152108730366365, -34.51785454668124], [-55.14453506749067, -34.51374047748747], [-55.13665794807198, -34.514142355478924], [-55.129941857587454, -34.518486639713416], [-55.127423658099744, -34.522989195008286], [-55.126124986739654, -34.522843487119346], [-55.11877723859771, -34.51234041869793], [-55.11412954915278, -34.513427782159255], [-55.103830188840654, -34.51292015109622], [-55.0946682691208, -34.49967616206178], [-55.09181392377702, -34.49955629260418], [-55.08789182561647, -34.50380449303717], [-55.08366108448108, -34.501761552025854], [-55.08157845042555, -34.502328269916354], [-55.07733530842838, -34.49785978143536], [-55.0691585244215, -34.497536640892264], [-55.06679301533411, -34.49300484405662], [-55.06657892081042, -34.488694253788616], [-55.05941142632406, -34.48288211338994], [-55.04664909446905, -34.48336014268971], [-55.04159728279752, -34.47582236476784], [-55.034400262830644, -34.47355333423092], [-55.027556600352874, -34.46940948234493], [-55.02533903198223, -34.464182575706616], [-55.02569905996247, -34.461543666738955], [-55.02108090747572, -34.457784037614104], [-54.99840494021366, -34.44894417037527], [-54.99708838517136, -34.445489055221806], [-54.99857097085077, -34.44107265056625], [-54.99328871873287, -34.433406169489324], [-54.98298859478999, -34.434980447920495], [-54.97881388933325, -34.433574739453505], [-54.976427094154886, -34.43745096809462], [-54.96841075994838, -34.43928611672489], [-54.96445279008215, -34.443694674101856], [-54.9611090481287, -34.442490195634726], [-54.958643281474814, -34.43739939922188], [-54.94795290694756, -34.43273805459431], [-54.94297843019536, -34.42700389403736], [-54.93817568983047, -34.4240243770944], [-54.935461298876255, -34.41576069426079], [-54.9303522987932, -34.41509893077524], [-54.92930614361649, -34.41261683876656], [-54.92610652587882, -34.41275285011987], [-54.920699737719595, -34.415863977589666], [-54.92024477224344, -34.41926644310361], [-54.91626004737179, -34.42333849695465], [-54.91392642439118, -34.421931516812], [-54.90645718445053, -34.422363706328696], [-54.90432409505932, -34.417899801982905], [-54.902651315026816, -34.417470512111066], [-54.89809669157462, -34.41986967436083], [-54.89280878730299, -34.42024759301713], [-54.88770318180472, -34.40962753289853], [-54.88256718334035, -34.409589119228905], [-54.87929598893236, -34.411562798779094], [-54.874789192742455, -34.40197190344283], [-54.86890078913023, -34.40366484315431], [-54.86684127377269, -34.400347679548126], [-54.86516537318851, -34.40024800359726], [-54.85872369090158, -34.40454264511684], [-54.853910296076656, -34.40381046738101], [-54.850835540529786, -34.40691435041235], [-54.84503904133575, -34.40785767927004], [-54.84521173523076, -34.41262178725331], [-54.84325947483939, -34.418058633354036], [-54.84081771313008, -34.41998220912444], [-54.83764697066955, -34.419518626394854], [-54.83333857240447, -34.41277919945705], [-54.82829175627703, -34.411109847655815], [-54.826962790015294, -34.40834190063361], [-54.82246598890322, -34.40492198673476], [-54.818044981995314, -34.4052415107062], [-54.80886229412028, -34.40867491113228], [-54.803113993538034, -34.3978120904064], [-54.80198213401844, -34.39172169457294], [-54.799503412970616, -34.390385426593454], [-54.796484399372765, -34.38365524777749], [-54.79461737314643, -34.38175988672987]]]}}, {"id": "20", "type": "Feature", "properties": {"codcuenca": 31, "area": 2546, "nombre_cue": "OCÉANO ATLÁNTICO entre Ao. Maldonado y LAGUNA DE ROCHA", "cabecera": 26}, "geometry": {"type": "Polygon", "coordinates": [[[-54.396736314475746, -34.27881053203594], [-54.38072578775045, -34.28080043248059], [-54.3737820880617, -34.278927173859664], [-54.3604433271815, -34.28537292059992], [-54.35564597211471, -34.28639850653517], [-54.355168315622045, -34.288917660181916], [-54.35290094502643, -34.29021340346157], [-54.35273473521015, -34.29568180321236], [-54.351300237705495, -34.29805339802422], [-54.34715758269754, -34.299027862675146], [-54.34522833762997, -34.300961154663135], [-54.34334745966334, -34.300088283124026], [-54.33467440995631, -34.288794463432374], [-54.33061859895892, -34.28658313469256], [-54.32694975045614, -34.28737931998064], [-54.32169237195, -34.284682642208686], [-54.31800290812129, -34.28546800460984], [-54.31713570222398, -34.28948512074536], [-54.314379932840005, -34.289692185526725], [-54.31369861419013, -34.29136709949488], [-54.31024201404353, -34.29024306809675], [-54.30093627540251, -34.29223351276452], [-54.297872509792406, -34.29713910234184], [-54.29843376297322, -34.30669016346473], [-54.30062866141077, -34.309542375964675], [-54.29956551287111, -34.312294561849846], [-54.29660454232065, -34.31177734244996], [-54.29523003891225, -34.312830021023416], [-54.29553801558949, -34.31470978801256], [-54.29352012504263, -34.31817153904654], [-54.293882272113976, -34.32741218628432], [-54.29622337159858, -34.329085225961784], [-54.296738579807, -34.33269833141048], [-54.29523385742455, -34.335805718535205], [-54.296308146435095, -34.34029480363546], [-54.29959447697086, -34.342883435273365], [-54.29692769214603, -34.34646650707572], [-54.295186571938025, -34.34656534036771], [-54.290977894093444, -34.35090175896464], [-54.290465547201116, -34.35522355633969], [-54.28700787031651, -34.35806626832392], [-54.285961985615124, -34.35979659984875], [-54.286647768079916, -34.36196913548288], [-54.28410424894918, -34.36383448716273], [-54.28389275128409, -34.3660226887059], [-54.27976284618379, -34.365911340158874], [-54.27705305392484, -34.36744057010401], [-54.27562595367207, -34.37018797199331], [-54.27417423609779, -34.37029010335198], [-54.27291916606184, -34.378462660482164], [-54.26567389937584, -34.37926076478587], [-54.263741005572655, -34.3818814463163], [-54.26202209939233, -34.38865252044709], [-54.26504584573753, -34.39231976563405], [-54.26506824510951, -34.397298077243086], [-54.26184482156138, -34.400075335832135], [-54.253972033207795, -34.40265692036956], [-54.254524838419705, -34.40993909384889], [-54.24917905837702, -34.41099851895083], [-54.24557782677477, -34.4096378557802], [-54.2422591432178, -34.4113801962116], [-54.23887431588574, -34.41838906402091], [-54.2368931016433, -34.41698874855707], [-54.22878630223578, -34.416749375473685], [-54.22126016180474, -34.413177252050566], [-54.21387031160522, -34.41979692859341], [-54.20026853361225, -34.419630903733484], [-54.197861646201524, -34.42277073217092], [-54.192021878460565, -34.42500636802078], [-54.191408531331334, -34.427440310174106], [-54.18701225440328, -34.43207855897584], [-54.19049803547682, -34.44536767635151], [-54.18701678670581, -34.44906729030737], [-54.1856432148703, -34.45610480277838], [-54.18059208868418, -34.45932527943423], [-54.181600635291936, -34.465819309867925], [-54.169526947563654, -34.46857041553709], [-54.164708796760145, -34.46786566767026], [-54.16321936947947, -34.46845773856215], [-54.16291837083589, -34.47017266346492], [-54.1593347865685, -34.470608884806495], [-54.146769744686885, -34.47822038990088], [-54.14107825509409, -34.479270309703224], [-54.13783852203571, -34.47678431236845], [-54.13266090218345, -34.48163117289136], [-54.12790823492756, -34.48137513847489], [-54.12556978745091, -34.48347307178702], [-54.12254398793996, -34.48164705688957], [-54.118833493053415, -34.48183838347569], [-54.11755526690579, -34.48307650793024], [-54.117419402947895, -34.493974203636945], [-54.116349689132555, -34.496401415712846], [-54.11052617441924, -34.4982933527459], [-54.10947291658716, -34.50551069545358], [-54.09543000250767, -34.50620947210063], [-54.08656804797584, -34.5126319850983], [-54.08620737352627, -34.514958941357804], [-54.079437645898444, -34.5217747713761], [-54.080880797829565, -34.524347339236705], [-54.0852344877155, -34.527547888419704], [-54.0862844218756, -34.530439015442376], [-54.08521432648576, -34.532137582149694], [-54.08855114436328, -34.53530558602069], [-54.09351280471886, -34.537563422669436], [-54.09522553523539, -34.54164133783088], [-54.09823078037046, -34.5429684619848], [-54.098638293177686, -34.544748933883845], [-54.10321947537735, -34.548607080585924], [-54.10527076643863, -34.55322555646767], [-54.10859715491979, -34.55333289560292], [-54.11332925842365, -34.561822445702774], [-54.12166784386427, -34.570578064230084], [-54.12447727660415, -34.572025474037304], [-54.13096225729825, -34.58272733385956], [-54.13277401048792, -34.588669075545226], [-54.13579258577975, -34.59105829245691], [-54.13562473319455, -34.59377968687058], [-54.138385762958485, -34.59802000578931], [-54.14521768848005, -34.60379876492693], [-54.15402773027874, -34.608911566230276], [-54.15562351344584, -34.611352837179716], [-54.16439026501509, -34.61653011599341], [-54.16823474647664, -34.62048562582187], [-54.17227060370749, -34.62231435379587], [-54.177137736376125, -34.63088599502863], [-54.181300938370285, -34.63381772260735], [-54.19643047865761, -34.64019882441632], [-54.193598224682184, -34.644996329609846], [-54.19265395552774, -34.65171586075053], [-54.19913752873706, -34.65345357002883], [-54.20007914979239, -34.655784406753796], [-54.20537533713366, -34.65704637179756], [-54.21595263740488, -34.664207815795216], [-54.23851741369448, -34.67080801926183], [-54.27253095978812, -34.683902248307085], [-54.297100658909926, -34.6906069600965], [-54.39886120910997, -34.729539360122885], [-54.458116896502446, -34.75055828409355], [-54.53776244628035, -34.78737258975224], [-54.616582458047155, -34.82574967522174], [-54.62496939701899, -34.83164449214887], [-54.63078197830395, -34.838009743023356], [-54.63215522613438, -34.84371927398822], [-54.628248858661934, -34.84551137638089], [-54.62872032380312, -34.846958026894306], [-54.63347134460183, -34.84729211383695], [-54.63486700592032, -34.84910813015926], [-54.636367164862286, -34.84894223002161], [-54.641791140267884, -34.846515380254935], [-54.64181478757185, -34.84248670598467], [-54.645018053893125, -34.840128668619585], [-54.655888545834145, -34.83903265368271], [-54.66031221145743, -34.83929951617709], [-54.67086112762919, -34.84331866314636], [-54.69099378867175, -34.84774013811395], [-54.74397638289343, -34.86986165916313], [-54.79025315364586, -34.893446017054224], [-54.804484743965716, -34.90343296393441], [-54.82102132453895, -34.90664984437328], [-54.82420483662979, -34.90852317330088], [-54.829240329918655, -34.9064453773352], [-54.83450383638366, -34.90729850582977], [-54.84333869205909, -34.91154153775912], [-54.84427931588476, -34.91345975985613], [-54.85185273070054, -34.91807080859996], [-54.85698363897433, -34.91720940630909], [-54.85858659964729, -34.91577970600617], [-54.863065309183966, -34.91644525415423], [-54.86354290242096, -34.91500077714532], [-54.86200191398293, -34.913891958807], [-54.85464227989927, -34.913401368172146], [-54.85274845764257, -34.90796987131489], [-54.8488613351027, -34.90457300309129], [-54.85185136376522, -34.90019685252352], [-54.84636923132088, -34.89223670894695], [-54.84161972824051, -34.88884753733836], [-54.83446129685129, -34.8871670512806], [-54.8273574816142, -34.88355519077998], [-54.82034594275002, -34.87801782977125], [-54.820404128124615, -34.87517112806975], [-54.82282007345603, -34.87211214575474], [-54.81814572186621, -34.869211176476696], [-54.81750424869824, -34.8671949451817], [-54.82156220832472, -34.86084377983617], [-54.824505604068946, -34.860514077251715], [-54.828779378122015, -34.85640902803637], [-54.82880251380751, -34.85444053957303], [-54.82515793994462, -34.851937916919056], [-54.82318060223512, -34.84308825411126], [-54.82357475163354, -34.84081986932142], [-54.8290645819708, -34.836664895945596], [-54.827683641206974, -34.83153479667915], [-54.82825146704042, -34.82838901898431], [-54.83358019348648, -34.82024668458181], [-54.82964615579455, -34.81122610430894], [-54.82267256656263, -34.80467057124552], [-54.815160399282554, -34.799906259845955], [-54.81903962975994, -34.79626011521589], [-54.819132748663755, -34.79463181548768], [-54.816167562903, -34.7936712485654], [-54.811284368080756, -34.79457242480776], [-54.80578835357602, -34.78606090207644], [-54.806138281169055, -34.78281389390312], [-54.799551467630906, -34.77891140767401], [-54.79539032265472, -34.78015997768645], [-54.79312995441663, -34.778516369172095], [-54.792142439125655, -34.77448862653368], [-54.780905214294435, -34.76960579804631], [-54.78042809141525, -34.76626641465598], [-54.781642097600546, -34.76300179129798], [-54.77939702597144, -34.74829482447288], [-54.7914826175888, -34.743523834282094], [-54.79127598056997, -34.738974302272744], [-54.79975816924146, -34.732807343075784], [-54.79972451585779, -34.73114543707141], [-54.79795756205914, -34.72965730258756], [-54.793818818321526, -34.730287043117876], [-54.7901045384065, -34.72905897582965], [-54.786927030472285, -34.726295840424235], [-54.78041028715442, -34.725557279347534], [-54.77451712164849, -34.71627128466425], [-54.77461642769663, -34.711897621640794], [-54.761796732540525, -34.70389049956451], [-54.75888987878112, -34.69877748424926], [-54.75880990596985, -34.696895283212456], [-54.7612297112524, -34.69383708634703], [-54.76026817600588, -34.68792775476142], [-54.76242930805139, -34.6827296795582], [-54.767399163499846, -34.678061429489986], [-54.77076475884185, -34.669809466694886], [-54.766949088090996, -34.666860170381206], [-54.761991760768844, -34.66540132226778], [-54.75391436160215, -34.65802556564281], [-54.75209141051313, -34.654845521028335], [-54.755461898259426, -34.650170617516125], [-54.7618293895328, -34.64759020356761], [-54.764541982374936, -34.64390811416316], [-54.771002475821234, -34.640543988928385], [-54.77249452176429, -34.63688801303324], [-54.77964284433239, -34.636178312072126], [-54.786724489354505, -34.640941211978856], [-54.793558527080776, -34.64057018425652], [-54.802186544127395, -34.637975777242765], [-54.80170790143644, -34.63405176461849], [-54.80286540087458, -34.632436262387], [-54.80703020188047, -34.63024659594589], [-54.80883063802627, -34.626754718334006], [-54.81237431112621, -34.62455981428846], [-54.817032504638654, -34.62434086893164], [-54.81737543496153, -34.621653095075786], [-54.82044068601931, -34.619476249678755], [-54.81696204292679, -34.61682558602208], [-54.810838894383394, -34.61611674884816], [-54.80849490818735, -34.60736048311873], [-54.80184797888054, -34.603786366799234], [-54.8054437821928, -34.60094233099592], [-54.806442058105915, -34.597358710335534], [-54.80092256063782, -34.594009226266344], [-54.801400680435385, -34.59034954884352], [-54.79698109227956, -34.58698302396156], [-54.797165398146205, -34.583980870930056], [-54.79118184384053, -34.58111178423446], [-54.79004359887494, -34.57717921092781], [-54.78626086008354, -34.57621609888569], [-54.780073905407185, -34.56661492841241], [-54.76208295809922, -34.559087738528774], [-54.75838694794031, -34.559510907851354], [-54.75793884030558, -34.556775257979474], [-54.75520060887855, -34.55463160444174], [-54.755975803035184, -34.55196002576068], [-54.7472804910991, -34.5424245234345], [-54.74578384008202, -34.5365274516125], [-54.747295212687995, -34.53450472962051], [-54.74569938366505, -34.532043072409905], [-54.742902115310955, -34.531039734246484], [-54.7464850069256, -34.5283780162023], [-54.74710883229334, -34.525813109222085], [-54.74081447674991, -34.520716023898345], [-54.740973651131824, -34.51748618451667], [-54.742292055793115, -34.51612678756123], [-54.737687618024005, -34.50913267815521], [-54.73900843406461, -34.5045442367175], [-54.73797015842004, -34.5024789796004], [-54.73360456507272, -34.50165762208917], [-54.731553381549034, -34.49556891041799], [-54.72490997472959, -34.48797110079213], [-54.72390242279133, -34.48355600833254], [-54.725616662353104, -34.47896903307933], [-54.731445898060485, -34.476180571513005], [-54.724889556514505, -34.47112933842367], [-54.72354390136536, -34.46543834583251], [-54.72521760886822, -34.463984328890625], [-54.72512826940097, -34.46173146512216], [-54.7148507689921, -34.452044845872535], [-54.707452195413985, -34.44835603852557], [-54.70514222890321, -34.44422288133631], [-54.70604347904724, -34.43855178903249], [-54.70405381077161, -34.43706522208864], [-54.70177248535222, -34.43077808912627], [-54.698862238415316, -34.427422750581336], [-54.70279577872112, -34.42481435518456], [-54.707171076840865, -34.424559782249375], [-54.70450132747761, -34.41515263403579], [-54.700461338538496, -34.41452510465719], [-54.69666508681446, -34.40816883622772], [-54.69426273058708, -34.41082457696611], [-54.69250129051084, -34.410870742126946], [-54.68937944676, -34.40329707750049], [-54.68586675778279, -34.40264411721651], [-54.686831342074164, -34.398812741005564], [-54.686036616518955, -34.39755998517158], [-54.68071466308825, -34.3944176116949], [-54.68131629826285, -34.390147785310816], [-54.67922012359356, -34.38898691453237], [-54.678536483504864, -34.38517502798629], [-54.67377950069709, -34.38391353561704], [-54.670303589321804, -34.37847950601173], [-54.665546293415126, -34.37768035828679], [-54.6656294342377, -34.37345907134368], [-54.66308621146043, -34.370377147259134], [-54.66412456732301, -34.36554518265901], [-54.656236830517905, -34.360354078580315], [-54.65323074163227, -34.35597394614607], [-54.654332173516536, -34.35292724754793], [-54.65366821886217, -34.34954619693565], [-54.65632063672632, -34.347286039402945], [-54.654884344414704, -34.34631075617248], [-54.65110537392974, -34.34705685656216], [-54.647584958187785, -34.35008967926778], [-54.63845262721006, -34.35219145698852], [-54.63488901474102, -34.3478904051774], [-54.62819051335811, -34.347921737157975], [-54.616495450981375, -34.34462309471574], [-54.61380695499102, -34.33996816241778], [-54.603669718018025, -34.33909357144009], [-54.59240692401386, -34.3414421837753], [-54.57567007141932, -34.34115571613683], [-54.57252184018884, -34.343348460810425], [-54.57180832049084, -34.34754937985373], [-54.57276189707699, -34.352698706181094], [-54.56791254716214, -34.356226945166625], [-54.5682098348435, -34.36067846293922], [-54.55607975626937, -34.36431024972157], [-54.5536137760774, -34.36732369209568], [-54.54844059547125, -34.364205032396264], [-54.54202102436906, -34.366904501487674], [-54.54024725836851, -34.36917062136864], [-54.53030969167001, -34.369548838266155], [-54.528189390426874, -34.37050266154574], [-54.52675088549419, -34.37757461906677], [-54.52379433400663, -34.37849826945561], [-54.51630473250024, -34.37517373628205], [-54.51277440224657, -34.37589743487611], [-54.50483335138355, -34.38094407672047], [-54.50125694558099, -34.37778021616227], [-54.49432958679559, -34.37566260301918], [-54.48943485412055, -34.38270376945569], [-54.47908234009739, -34.381690728453194], [-54.47497727082414, -34.384531822532026], [-54.47413963612217, -34.38353389515169], [-54.47020777515796, -34.38351825060344], [-54.46970577238026, -34.37858343285876], [-54.46646452751892, -34.37523883139182], [-54.46596386986225, -34.37223070521726], [-54.462626710145315, -34.37237462141552], [-54.45926302916406, -34.36963267645455], [-54.45643526300143, -34.36966177656288], [-54.453641155546215, -34.367587187182906], [-54.45401182554063, -34.36254167499827], [-54.448366237242645, -34.352981414141254], [-54.450108150663226, -34.348311724791394], [-54.44790714142963, -34.343175651689045], [-54.44768764190934, -34.33656271623805], [-54.441607546118945, -34.33323981486507], [-54.43947931884037, -34.33368155649064], [-54.43683957995059, -34.3307315512915], [-54.43073073353645, -34.33065213116161], [-54.431122645326965, -34.328615252874116], [-54.42905714588713, -34.323611285733726], [-54.4300340555203, -34.32145810314239], [-54.42910590633402, -34.31615765140479], [-54.427166788969906, -34.31511398404211], [-54.4249899303789, -34.31088155475963], [-54.42289925561826, -34.31025692024083], [-54.42018098954177, -34.31257078466636], [-54.41457410753968, -34.31431091245391], [-54.41399432457295, -34.309916008900714], [-54.415462247944404, -34.304341978213756], [-54.41108194609102, -34.30200803891187], [-54.41012942201351, -34.298270143354564], [-54.41193966990773, -34.29390231798442], [-54.41397817115364, -34.2932641409693], [-54.41277576497728, -34.291507210915135], [-54.40348830808892, -34.283767154818555], [-54.39995533117047, -34.282825115705585], [-54.396736314475746, -34.27881053203594]]]}}, {"id": "21", "type": "Feature", "properties": {"codcuenca": 32, "area": 1479, "nombre_cue": "OCÉANO ATLÁNTICO entre Laguna de Rocha y Ao. VALIZAS", "cabecera": 26}, "geometry": {"type": "Polygon", "coordinates": [[[-53.934780164100154, -34.05930704582932], [-53.92063142155911, -34.06188186620053], [-53.918323877671995, -34.066704732646166], [-53.9189970753344, -34.06962680291498], [-53.91741763895586, -34.073062231951546], [-53.920373591963596, -34.07788603035693], [-53.91926185631901, -34.08102954439946], [-53.910055442476676, -34.084061403544986], [-53.91121747124611, -34.08593936698162], [-53.90995529600968, -34.08856699956676], [-53.90610629839967, -34.0915124628752], [-53.90484068763545, -34.0942830666956], [-53.90287951974933, -34.09353737082246], [-53.89230152194128, -34.1004337543433], [-53.88573205194331, -34.09892306190053], [-53.88493096351309, -34.10012677447008], [-53.885040048818766, -34.10291858674347], [-53.887317775589864, -34.104885701529604], [-53.89138500183567, -34.11273480416544], [-53.88934146885426, -34.11815234255776], [-53.89015146774108, -34.120382723143], [-53.89399363873294, -34.12165863568616], [-53.89353888804717, -34.12658791791842], [-53.89219915504205, -34.128784879661545], [-53.88917157561863, -34.12952474022845], [-53.88868362266149, -34.13209262174208], [-53.88596119377268, -34.13455413493399], [-53.88581390007111, -34.13727039464585], [-53.883121910789484, -34.13837303614415], [-53.88183377110916, -34.14207303602072], [-53.87965925984707, -34.14311214292778], [-53.87727365417066, -34.14715091848517], [-53.874339378062, -34.147219129278014], [-53.86625849210293, -34.15348972616572], [-53.86731482704564, -34.156224906246955], [-53.86546385064508, -34.16191897073371], [-53.86008099494064, -34.16398018973263], [-53.85864227762881, -34.166675962163964], [-53.86078097995618, -34.17100219945427], [-53.859837112761156, -34.17463582490855], [-53.85715016116029, -34.175451780948165], [-53.8565896278894, -34.17737448443155], [-53.85342243486953, -34.1766088662587], [-53.851248337780376, -34.17757590749196], [-53.85093605922079, -34.18132902996748], [-53.846164897292525, -34.181201998226754], [-53.84288083235132, -34.18316729772651], [-53.841308998347756, -34.187408920311434], [-53.841654311689524, -34.19321364349795], [-53.835677849673985, -34.197550065412074], [-53.82933331552043, -34.19436841616465], [-53.796910133683426, -34.19692296320609], [-53.79398817506759, -34.19815220568458], [-53.792311732781535, -34.202950198595715], [-53.79097007048793, -34.20373817796435], [-53.78394706067346, -34.20333364297723], [-53.778743807243714, -34.20053100578759], [-53.776802985740474, -34.210910507539346], [-53.771525824977715, -34.2160879814825], [-53.770385916619865, -34.220061002796555], [-53.77093755482673, -34.223194218593854], [-53.779558115128125, -34.23260388182687], [-53.7809207974116, -34.23678105985952], [-53.78881131855764, -34.241828337681255], [-53.790951176034625, -34.248516584619374], [-53.793493061001456, -34.25085074420584], [-53.79919129038441, -34.262266790612], [-53.80458589819135, -34.26418854162546], [-53.81209208114814, -34.26215665879159], [-53.815314566004076, -34.263016613362396], [-53.81587027208556, -34.26388666677981], [-53.808215333504855, -34.27070929151715], [-53.80737211724119, -34.27437515156587], [-53.81194523881951, -34.2821675800213], [-53.818026476375245, -34.282928106416165], [-53.82172533924767, -34.284659313245776], [-53.82199910879631, -34.2868176332969], [-53.81940376296916, -34.29144246904935], [-53.8195779478989, -34.29611195054759], [-53.818265621013815, -34.29903954301548], [-53.806412339183446, -34.3119693602403], [-53.80330892958203, -34.32402011450158], [-53.79851066886912, -34.33388161820417], [-53.79012799209182, -34.334358531774924], [-53.779200721926244, -34.34557102076556], [-53.76832869285321, -34.34358851774443], [-53.76823954098485, -34.348634041892154], [-53.76644006924604, -34.352055940224986], [-53.76397488724132, -34.35424103460022], [-53.76138465353665, -34.3544051969988], [-53.76097759909084, -34.357751057380206], [-53.75877678207957, -34.35798473805737], [-53.761595539976916, -34.35915828704758], [-53.76646337766022, -34.364583685788475], [-53.778711189671306, -34.383145082675675], [-53.77990400331825, -34.39638608726489], [-53.77789340052639, -34.40222898330702], [-53.77435919785565, -34.403603472365496], [-53.77491599018429, -34.40756915689093], [-53.7835915611398, -34.408992292144426], [-53.783117736122584, -34.40608246638073], [-53.7876607838285, -34.40480544140482], [-53.8012911332918, -34.406831479714164], [-53.86421929234842, -34.432664530679155], [-53.91315803365734, -34.45672741793709], [-54.005905192596046, -34.505891934624536], [-54.04084438617913, -34.52697639953463], [-54.080971168899204, -34.55354995780108], [-54.105101192805094, -34.57173284276097], [-54.11655373044076, -34.581940693046974], [-54.12067638808494, -34.58826142821628], [-54.12034059799371, -34.59411514645534], [-54.136545073728136, -34.60677490398685], [-54.14617485492111, -34.61862254899244], [-54.151354474549905, -34.62848062077429], [-54.15388629341733, -34.642160243775216], [-54.15016333628274, -34.65008625403838], [-54.143616258811655, -34.6540982909279], [-54.141539197617504, -34.65434043349791], [-54.14073697802047, -34.652454858223706], [-54.13849878598172, -34.65366813610367], [-54.14379562266718, -34.658787374274866], [-54.14555372553105, -34.658135291002914], [-54.14533933761259, -34.655203226325376], [-54.14872306904414, -34.655068854548745], [-54.15098661237494, -34.656424376806456], [-54.15309911255794, -34.659904836350805], [-54.15138670425634, -34.6637571856894], [-54.14979620700804, -34.66420432692439], [-54.15194016505494, -34.6688568917758], [-54.155360275225775, -34.66966917805529], [-54.155935472000564, -34.66816279092858], [-54.15949041513496, -34.66766992560639], [-54.16418103085785, -34.66489393934163], [-54.17381501149075, -34.664779511215805], [-54.178004965186055, -34.66191518576962], [-54.18319224841592, -34.663281951533456], [-54.18318561788471, -34.66193895103424], [-54.18585576120206, -34.66092885052667], [-54.20094359684207, -34.66135303890279], [-54.21595263740488, -34.664207815795216], [-54.20537533713366, -34.65704637179756], [-54.20007914979239, -34.655784406753796], [-54.19913752873706, -34.65345357002883], [-54.19265395552774, -34.65171586075053], [-54.193598224682184, -34.644996329609846], [-54.19643047865761, -34.64019882441632], [-54.181300938370285, -34.63381772260735], [-54.177137736376125, -34.63088599502863], [-54.17227060370749, -34.62231435379587], [-54.16823474647664, -34.62048562582187], [-54.16439026501509, -34.61653011599341], [-54.15562351344584, -34.611352837179716], [-54.15402773027874, -34.608911566230276], [-54.14521768848005, -34.60379876492693], [-54.138385762958485, -34.59802000578931], [-54.13562473319455, -34.59377968687058], [-54.13579258577975, -34.59105829245691], [-54.13277401048792, -34.588669075545226], [-54.13096225729825, -34.58272733385956], [-54.12447727660415, -34.572025474037304], [-54.12166784386427, -34.570578064230084], [-54.11332925842365, -34.561822445702774], [-54.10859715491979, -34.55333289560292], [-54.10527076643863, -34.55322555646767], [-54.10321947537735, -34.548607080585924], [-54.098638293177686, -34.544748933883845], [-54.09823078037046, -34.5429684619848], [-54.09522553523539, -34.54164133783088], [-54.09351280471886, -34.537563422669436], [-54.08855114436328, -34.53530558602069], [-54.08521432648576, -34.532137582149694], [-54.0862844218756, -34.530439015442376], [-54.0852344877155, -34.527547888419704], [-54.080880797829565, -34.524347339236705], [-54.079437645898444, -34.5217747713761], [-54.08620737352627, -34.514958941357804], [-54.08656804797584, -34.5126319850983], [-54.09543000250767, -34.50620947210063], [-54.10947291658716, -34.50551069545358], [-54.11052617441924, -34.4982933527459], [-54.116349689132555, -34.496401415712846], [-54.117419402947895, -34.493974203636945], [-54.11755526690579, -34.48307650793024], [-54.118833493053415, -34.48183838347569], [-54.12254398793996, -34.48164705688957], [-54.12556978745091, -34.48347307178702], [-54.12790823492756, -34.48137513847489], [-54.13266090218345, -34.48163117289136], [-54.13783852203571, -34.47678431236845], [-54.14107825509409, -34.479270309703224], [-54.146769744686885, -34.47822038990088], [-54.1593347865685, -34.470608884806495], [-54.16291837083589, -34.47017266346492], [-54.16321936947947, -34.46845773856215], [-54.164708796760145, -34.46786566767026], [-54.169526947563654, -34.46857041553709], [-54.181600635291936, -34.465819309867925], [-54.18059208868418, -34.45932527943423], [-54.1856432148703, -34.45610480277838], [-54.18701678670581, -34.44906729030737], [-54.19049803547682, -34.44536767635151], [-54.18701225440328, -34.43207855897584], [-54.191408531331334, -34.427440310174106], [-54.192021878460565, -34.42500636802078], [-54.197861646201524, -34.42277073217092], [-54.20026853361225, -34.419630903733484], [-54.21387031160522, -34.41979692859341], [-54.22126016180474, -34.413177252050566], [-54.22878630223578, -34.416749375473685], [-54.2368931016433, -34.41698874855707], [-54.23887431588574, -34.41838906402091], [-54.2422591432178, -34.4113801962116], [-54.24557782677477, -34.4096378557802], [-54.24917905837702, -34.41099851895083], [-54.254524838419705, -34.40993909384889], [-54.253972033207795, -34.40265692036956], [-54.26184482156138, -34.400075335832135], [-54.26506824510951, -34.397298077243086], [-54.26504584573753, -34.39231976563405], [-54.26202209939233, -34.38865252044709], [-54.263741005572655, -34.3818814463163], [-54.26567389937584, -34.37926076478587], [-54.27291916606184, -34.378462660482164], [-54.27417423609779, -34.37029010335198], [-54.27562595367207, -34.37018797199331], [-54.27705305392484, -34.36744057010401], [-54.27976284618379, -34.365911340158874], [-54.28389275128409, -34.3660226887059], [-54.28410424894918, -34.36383448716273], [-54.286647768079916, -34.36196913548288], [-54.285961985615124, -34.35979659984875], [-54.28700787031651, -34.35806626832392], [-54.290465547201116, -34.35522355633969], [-54.290977894093444, -34.35090175896464], [-54.295186571938025, -34.34656534036771], [-54.29692769214603, -34.34646650707572], [-54.29959447697086, -34.342883435273365], [-54.296308146435095, -34.34029480363546], [-54.29523385742455, -34.335805718535205], [-54.296738579807, -34.33269833141048], [-54.29622337159858, -34.329085225961784], [-54.293882272113976, -34.32741218628432], [-54.29352012504263, -34.31817153904654], [-54.29553801558949, -34.31470978801256], [-54.29523003891225, -34.312830021023416], [-54.29660454232065, -34.31177734244996], [-54.29956551287111, -34.312294561849846], [-54.30062866141077, -34.309542375964675], [-54.29843376297322, -34.30669016346473], [-54.297872509792406, -34.29713910234184], [-54.29310066102828, -34.29233500927051], [-54.2797220926736, -34.289151299330484], [-54.278568584851904, -34.2840315651153], [-54.27517270612319, -34.28080353478743], [-54.265676216564444, -34.28068497183213], [-54.25775520052932, -34.28361202585949], [-54.25048670305986, -34.282325634433114], [-54.24845764333307, -34.283096402821045], [-54.24400377817248, -34.28149435869984], [-54.244469285966034, -34.27563885424702], [-54.24823200987467, -34.27449189351178], [-54.249829521514265, -34.2710873800063], [-54.24592721570491, -34.26418847589047], [-54.243541348871936, -34.263521034509665], [-54.23986876539293, -34.259810661612754], [-54.23898039049443, -34.25597638644515], [-54.23672016830895, -34.25371751478088], [-54.233256252435964, -34.25431044203871], [-54.23070708244021, -34.252127412669566], [-54.226796775793765, -34.25117951761335], [-54.223507742418384, -34.24215904388717], [-54.21344005019159, -34.23183459451474], [-54.2111223626067, -34.230499602845754], [-54.20381332553206, -34.23023108198196], [-54.197714246156636, -34.226771734485695], [-54.19431101760526, -34.219160950953885], [-54.19115551455365, -34.218721363255526], [-54.190717150313226, -34.21656519979414], [-54.18471827377533, -34.21441555717381], [-54.18408942596746, -34.20891225347021], [-54.171575625593796, -34.19847900230214], [-54.16535851491588, -34.195594605074206], [-54.16184885848328, -34.19583049559672], [-54.155244771183526, -34.19886645717073], [-54.15333450415754, -34.20141430596067], [-54.144793989888186, -34.19699854108337], [-54.1414323794662, -34.19735135030775], [-54.14053095865438, -34.19933026559445], [-54.13815555609173, -34.200371831103865], [-54.13382630316848, -34.19908007524212], [-54.13033582429904, -34.205961646121565], [-54.12392009483373, -34.200776909535996], [-54.120089146677316, -34.19578656409543], [-54.115111227747505, -34.195479349570405], [-54.108980762258135, -34.20009396837288], [-54.10400579875567, -34.20054772670078], [-54.098874976843184, -34.197326836372255], [-54.09524808018361, -34.19185983801254], [-54.09335799780509, -34.19130430984825], [-54.08907722787856, -34.19286979800015], [-54.08411679096296, -34.187802086726784], [-54.07449191494272, -34.18511847805669], [-54.073598747766894, -34.18192017105936], [-54.071020189875554, -34.18090317005976], [-54.0640463532474, -34.18100447632886], [-54.05947888600284, -34.17885348463245], [-54.05731227581689, -34.1800989945742], [-54.050836434777814, -34.1801804002282], [-54.03957914504977, -34.17585365715325], [-54.03481246779059, -34.16983957222897], [-54.031203134472364, -34.17000689829104], [-54.02931732917648, -34.16854612303674], [-54.02824278442078, -34.164946676536196], [-54.030659982263366, -34.15834160398974], [-54.02825031474706, -34.15492967635148], [-54.02161204641358, -34.15218751743303], [-54.01354252956191, -34.15326495610328], [-54.00351566515856, -34.15176465319299], [-53.99732376741778, -34.14562100915908], [-53.99196473262953, -34.14538289205189], [-53.98931689835877, -34.13929101554665], [-53.993579901856, -34.13250455116073], [-53.991355017670145, -34.12904714874186], [-53.988876001482346, -34.12853274230275], [-53.98852702441772, -34.126934737234116], [-53.992342977408875, -34.11862848064072], [-53.989391253104024, -34.11656376783659], [-53.984457215347014, -34.11572462255567], [-53.977476192552025, -34.110842628393065], [-53.97668137408103, -34.10772475855447], [-53.97374675713556, -34.10616793491196], [-53.97496712315189, -34.10284107914761], [-53.973787928386564, -34.099797119861414], [-53.969600922920165, -34.098619785239926], [-53.96450687996564, -34.09511911624377], [-53.9638014784005, -34.09232107426671], [-53.95997286366058, -34.087975985185956], [-53.959153698018014, -34.08149972321134], [-53.95688835122214, -34.08003218268364], [-53.950668089409994, -34.0711779889256], [-53.94932133594071, -34.067095924380716], [-53.944290935908555, -34.06518826324896], [-53.94198449950648, -34.061250909625215], [-53.934780164100154, -34.05930704582932]]]}}, {"id": "22", "type": "Feature", "properties": {"codcuenca": 33, "area": 2870, "nombre_cue": "OCÉANO ATLÁNTICO entre Ao. Valizas y Ao. CHUY", "cabecera": 26}, "geometry": {"type": "Polygon", "coordinates": [[[-53.46573599828856, -33.692689109834035], [-53.43844533536925, -33.69410187461841], [-53.44204151189867, -33.69596065794239], [-53.44102052979764, -33.6970226671208], [-53.44210127000035, -33.697719252918354], [-53.44058625432843, -33.70028593561408], [-53.43963735050034, -33.699105177546755], [-53.43770626268096, -33.699536901228754], [-53.438696104553244, -33.7004030165066], [-53.436152666032584, -33.70193154803894], [-53.43815756764169, -33.70392564278994], [-53.43613757057249, -33.707203606367536], [-53.43780602621307, -33.71282332589232], [-53.43471405361745, -33.715072685917384], [-53.43294726965889, -33.721679707664784], [-53.435092223902686, -33.72447865738356], [-53.431497662423155, -33.727726341410126], [-53.430379031908984, -33.73075109990636], [-53.431509304291346, -33.73240406106237], [-53.43101981536761, -33.73961368543274], [-53.42594371395744, -33.73983157149026], [-53.4175334684894, -33.748267376538024], [-53.40330036918904, -33.7503169338071], [-53.3986161692792, -33.748837942989546], [-53.3974906276068, -33.75089789784934], [-53.39262871514552, -33.751533133071476], [-53.38635994592632, -33.74693150522928], [-53.38010783567596, -33.7482870737696], [-53.37078065620286, -33.74314700129425], [-53.36951254227075, -33.744122399619854], [-53.395821765268785, -33.76506892097533], [-53.41829215264868, -33.785566482751925], [-53.46399677845093, -33.83219717415617], [-53.48885009835248, -33.864110413032755], [-53.503022833500516, -33.8871320937949], [-53.509606615781315, -33.90359439191422], [-53.51128443372731, -33.91441354642479], [-53.51087149109181, -33.921363503131104], [-53.50771755097897, -33.924891769236694], [-53.505277970014596, -33.93402098727398], [-53.50923333259336, -33.938934363815065], [-53.50957040388586, -33.94168943517671], [-53.50542505426131, -33.945460516626184], [-53.51738071121333, -33.95533522496338], [-53.529172359901196, -33.97066734269225], [-53.529768977231704, -33.97426531373951], [-53.52824336012546, -33.97549888840646], [-53.53037723721634, -33.97864757938118], [-53.53081695414115, -33.98408118726238], [-53.52715780466778, -33.98539251887531], [-53.53136641275607, -33.98823704873632], [-53.53348347348886, -33.9985502680968], [-53.5266974833799, -34.00307539747543], [-53.53649647758856, -34.013449246277865], [-53.54139274217761, -34.02453446347952], [-53.540321704780965, -34.0320401424223], [-53.537672107581514, -34.0331449846051], [-53.5355099380824, -34.03184342824076], [-53.5348652107982, -34.03288599730367], [-53.53609053608798, -34.03565735589708], [-53.535096339673224, -34.03650873269721], [-53.538066654361465, -34.03869487172355], [-53.53814263763035, -34.04317092292319], [-53.53661342140407, -34.04531024351263], [-53.53315295948369, -34.045440218993825], [-53.540889811992486, -34.05061612630341], [-53.551761998007564, -34.06120684993103], [-53.55260607727297, -34.06491737743885], [-53.54975332276459, -34.06632516080216], [-53.5514480791696, -34.06980793925459], [-53.553765796539835, -34.07021083984527], [-53.55476733266495, -34.069192725089884], [-53.561966772836755, -34.072568574436325], [-53.58146139167742, -34.08582804613917], [-53.65519895392631, -34.14267337899204], [-53.67874203986719, -34.16259480463449], [-53.72092211517274, -34.20390969105252], [-53.734901810991644, -34.22000812700422], [-53.750796850342226, -34.23922839845055], [-53.77643961871635, -34.275029071554535], [-53.78517272024237, -34.293486667491905], [-53.78867529782705, -34.30826182819141], [-53.789656475413196, -34.321769790366915], [-53.78790687983513, -34.33271836009241], [-53.78486108246142, -34.339697665430016], [-53.79012799209181, -34.334358531774924], [-53.79851066886911, -34.33388161820414], [-53.803308929582016, -34.32402011450155], [-53.80641233918345, -34.31196936024032], [-53.81826562101381, -34.299039543015475], [-53.819577947898885, -34.29611195054758], [-53.81940376296915, -34.29144246904937], [-53.821999108796305, -34.2868176332969], [-53.821725339247664, -34.28465931324578], [-53.81802647637524, -34.282928106416165], [-53.8119452388195, -34.28216758002128], [-53.80737211724119, -34.274375151565884], [-53.808215333504855, -34.27070929151715], [-53.815870272085554, -34.26388666677981], [-53.815314566004076, -34.263016613362396], [-53.81209208114813, -34.26215665879159], [-53.80458589819135, -34.26418854162546], [-53.7991912903844, -34.262266790612], [-53.79349306100145, -34.25085074420584], [-53.79095117603461, -34.24851658461937], [-53.788811318557634, -34.241828337681255], [-53.7809207974116, -34.23678105985952], [-53.77955811512812, -34.23260388182686], [-53.770937554826716, -34.223194218593854], [-53.770385916619844, -34.220061002796555], [-53.771525824977694, -34.21608798148248], [-53.77680298574047, -34.21091050753932], [-53.77874380724369, -34.20053100578757], [-53.78394706067346, -34.20333364297722], [-53.790970070487916, -34.203738177964325], [-53.792311732781535, -34.202950198595715], [-53.79398817506759, -34.19815220568457], [-53.79691013368342, -34.1969229632061], [-53.82933331552043, -34.194368416164664], [-53.83567784967398, -34.19755006541209], [-53.84165431168952, -34.19321364349792], [-53.84130899834775, -34.187408920311434], [-53.84288083235131, -34.18316729772651], [-53.846164897292525, -34.18120199822672], [-53.850936059220786, -34.18132902996748], [-53.85124833778037, -34.17757590749196], [-53.85342243486952, -34.1766088662587], [-53.8565896278894, -34.17737448443155], [-53.85715016116028, -34.17545178094816], [-53.85983711276115, -34.17463582490855], [-53.86078097995618, -34.17100219945427], [-53.8586422776288, -34.16667596216396], [-53.86008099494064, -34.16398018973263], [-53.865463850645085, -34.16191897073369], [-53.86731482704564, -34.15622490624697], [-53.866258492102915, -34.153489726165695], [-53.874339378061975, -34.147219129278], [-53.87727365417066, -34.14715091848517], [-53.87965925984707, -34.14311214292778], [-53.88183377110915, -34.14207303602072], [-53.88312191078947, -34.13837303614413], [-53.885813900071106, -34.13727039464585], [-53.88596119377267, -34.13455413493399], [-53.888683622661475, -34.13209262174208], [-53.88917157561863, -34.12952474022844], [-53.89219915504205, -34.128784879661545], [-53.89353888804717, -34.12658791791842], [-53.89399363873294, -34.12165863568616], [-53.89015146774107, -34.120382723143], [-53.88934146885425, -34.11815234255776], [-53.89138500183565, -34.11273480416544], [-53.887317775589864, -34.104885701529604], [-53.88504004881874, -34.10291858674344], [-53.884930963513085, -34.10012677447008], [-53.88573205194331, -34.09892306190053], [-53.89230152194128, -34.1004337543433], [-53.90287951974931, -34.09353737082246], [-53.90484068763544, -34.09428306669559], [-53.90610629839966, -34.0915124628752], [-53.90995529600968, -34.08856699956673], [-53.911217471246104, -34.08593936698162], [-53.910055442476676, -34.084061403544986], [-53.919261856319004, -34.08102954439946], [-53.920373591963596, -34.077886030356915], [-53.917417638955854, -34.073062231951546], [-53.918997075334396, -34.06962680291497], [-53.91832387767199, -34.06670473264618], [-53.9206314215591, -34.06188186620052], [-53.93478016410015, -34.05930704582929], [-53.94198449950648, -34.061250909625215], [-53.94429093590854, -34.06518826324896], [-53.9493213359407, -34.067095924380716], [-53.95066808940999, -34.07117798892558], [-53.95688835122214, -34.08003218268363], [-53.959153698018014, -34.08149972321131], [-53.959972863660575, -34.08797598518593], [-53.96380147840049, -34.092321074266685], [-53.96450687996563, -34.09511911624377], [-53.96960092292016, -34.098619785239926], [-53.973787928386564, -34.099797119861414], [-53.974967123151885, -34.10284107914761], [-53.97374675713556, -34.106167934911944], [-53.976681374081025, -34.10772475855447], [-53.97747619255202, -34.110842628393065], [-53.984457215347014, -34.11572462255565], [-53.98939125310402, -34.11656376783659], [-53.992342977408875, -34.11862848064072], [-53.988527024417714, -34.1269347372341], [-53.988876001482346, -34.12853274230274], [-53.99135501767014, -34.129047148741854], [-53.993579901855995, -34.13250455116073], [-53.98931689835877, -34.13929101554665], [-53.99196473262953, -34.14538289205189], [-53.997323767417775, -34.14562100915908], [-54.003515665158545, -34.15176465319299], [-54.0135425295619, -34.15326495610327], [-54.02161204641357, -34.15218751743301], [-54.02825031474706, -34.15492967635148], [-54.03065998226335, -34.15834160398974], [-54.028242784420776, -34.16494667653618], [-54.02931732917648, -34.16854612303673], [-54.031203134472364, -34.17000689829102], [-54.03481246779058, -34.16983957222896], [-54.03957914504977, -34.17585365715325], [-54.0508364347778, -34.180180400228174], [-54.05731227581688, -34.1800989945742], [-54.05947888600283, -34.17885348463245], [-54.06404635324739, -34.18100447632886], [-54.07102018987555, -34.18090317005973], [-54.07359874776688, -34.18192017105936], [-54.07449191494271, -34.18511847805669], [-54.08411679096295, -34.187802086726784], [-54.08907722787856, -34.19286979800015], [-54.09335799780509, -34.19130430984825], [-54.095248080183595, -34.19185983801254], [-54.098874976843184, -34.19732683637225], [-54.10400579875567, -34.20054772670078], [-54.108980762258135, -34.20009396837288], [-54.115111227747505, -34.1954793495704], [-54.12008914667731, -34.19578656409543], [-54.12392009483373, -34.200776909535996], [-54.13033582429903, -34.205961646121565], [-54.133826303168476, -34.19908007524212], [-54.13815555609172, -34.200371831103844], [-54.140530958654374, -34.19933026559444], [-54.141432379466195, -34.19735135030773], [-54.144793989888164, -34.19699854108337], [-54.15037670890503, -34.19044807838744], [-54.157983797031044, -34.18971312797171], [-54.16314255310006, -34.18728405162419], [-54.16580503186228, -34.18864625830343], [-54.1711433533574, -34.18265207348031], [-54.18045067171439, -34.16679936458288], [-54.176279203300865, -34.16117255242074], [-54.17981157925906, -34.154826284338604], [-54.17757389933439, -34.14886140639797], [-54.18512610495145, -34.1438591731181], [-54.18750352917697, -34.13900694226488], [-54.187074089961, -34.13509095920505], [-54.19211581739733, -34.130478649818116], [-54.19275630860829, -34.12769393000612], [-54.194440474098386, -34.127436656225726], [-54.19892798363413, -34.12100127590307], [-54.193561819625174, -34.116182892642364], [-54.19144830599031, -34.11252417696571], [-54.19266714155883, -34.10809596501264], [-54.18591353672492, -34.103373933604146], [-54.181209764062714, -34.08729436098444], [-54.176025591619585, -34.081757609300716], [-54.17963716824133, -34.079464512803035], [-54.18600968363359, -34.07958224295795], [-54.18523855662029, -34.07703990940632], [-54.186348273549825, -34.07390939931538], [-54.19093472034766, -34.07313443786381], [-54.19205563869215, -34.07154306299884], [-54.192902931792325, -34.06666616728385], [-54.189060547533835, -34.05831103679666], [-54.18654526634889, -34.05680688541816], [-54.18444757170792, -34.047980950757754], [-54.189833979178246, -34.043441068732776], [-54.189449054763074, -34.04078442650632], [-54.19203596306801, -34.037047550010236], [-54.19035414616031, -34.03283582036938], [-54.19228447036239, -34.02832221511683], [-54.196459115854545, -34.0289433521237], [-54.199616991118916, -34.024686518012984], [-54.20057410741524, -34.019248520908704], [-54.199144798844905, -34.01478121944618], [-54.20336836479054, -34.00521361058318], [-54.2031953006497, -34.00102161546075], [-54.20258728066568, -33.99687324468463], [-54.19796184307357, -33.993233963312306], [-54.200545568948804, -33.985834246373294], [-54.204357242710074, -33.98371903914738], [-54.2055913936974, -33.97598397674605], [-54.20371890983099, -33.97302685902274], [-54.20438762347783, -33.96863627548262], [-54.20273013856856, -33.9676371568077], [-54.20336362227921, -33.96513151586189], [-54.20895822481015, -33.95693361584044], [-54.208857415691895, -33.954088955255386], [-54.22268440424662, -33.94904051329231], [-54.23177802709033, -33.93748635941655], [-54.23029845861323, -33.924049249020214], [-54.228442820150725, -33.91817031866119], [-54.228549064250885, -33.911580848150805], [-54.23538986939976, -33.90213754725738], [-54.232780648064505, -33.89801896634722], [-54.22789052373109, -33.89387124005349], [-54.221968771423604, -33.89110922312755], [-54.21546137615599, -33.883750313510824], [-54.20944291529955, -33.879338390134194], [-54.20416774852523, -33.87045290522606], [-54.1934622632268, -33.865332957869775], [-54.174529661483206, -33.858794022647956], [-54.15890386300253, -33.84493353581664], [-54.15024529458912, -33.82813605729177], [-54.14863708572756, -33.806815019635174], [-54.143989129742096, -33.794705199355484], [-54.14001652984108, -33.791639924133655], [-54.13363620902121, -33.790574589817645], [-54.12918358294311, -33.786442836130846], [-54.12661255731785, -33.78032908308778], [-54.11587783421804, -33.76627003713046], [-54.110433401806674, -33.746929484892696], [-54.106451174313335, -33.743385712019645], [-54.09166028581049, -33.72128092738234], [-54.06626259567378, -33.71030473445994], [-54.049822602744996, -33.701411685764114], [-54.03937144477482, -33.685744098242694], [-54.02515364600761, -33.68178083032847], [-54.0158483306628, -33.68214507449082], [-54.00545275336346, -33.67760961151885], [-53.99519251171203, -33.67805808683678], [-53.97494104103035, -33.670194051447844], [-53.963155344308106, -33.66742101828661], [-53.950157225865716, -33.664762415199355], [-53.94510784682104, -33.666086221910426], [-53.939756815740616, -33.66957293876399], [-53.928629182567285, -33.67137163999019], [-53.90330918999837, -33.683178520918325], [-53.88939977401955, -33.692314391655955], [-53.87342893726908, -33.70878132691012], [-53.85253217812667, -33.72138200930741], [-53.83108319716837, -33.71466914705306], [-53.823432051172404, -33.71430982577612], [-53.80432843553918, -33.71850690935467], [-53.79558981637367, -33.72198387043707], [-53.804479606655725, -33.73640113647906], [-53.80437789500292, -33.738426815506344], [-53.79860647961206, -33.74563870399486], [-53.79793143737526, -33.74768015615793], [-53.8000004893618, -33.75377375546538], [-53.7973665265896, -33.75562475199708], [-53.70018046494268, -33.791201900224664], [-53.67704487581005, -33.796770910544176], [-53.604816952150514, -33.8238746012304], [-53.584743583377794, -33.8453055011363], [-53.565949920820735, -33.863006589814056], [-53.56055437727599, -33.87599071610574], [-53.549254960176924, -33.88700917821152], [-53.53711004085992, -33.89607936668928], [-53.527333094117004, -33.893071696269786], [-53.52119582322504, -33.88699663235507], [-53.51946748546814, -33.87870275017431], [-53.516323329655954, -33.874923575334854], [-53.51765695109266, -33.872077467165134], [-53.514374958169576, -33.862479333699], [-53.50829143240415, -33.85155719726839], [-53.50879906891448, -33.84460798172015], [-53.5055397393067, -33.84069960266827], [-53.50305248034111, -33.83225390971253], [-53.49757316610669, -33.825881682031394], [-53.50527106128461, -33.81358967810888], [-53.502694652130174, -33.80564276727723], [-53.505520100545176, -33.804265435040016], [-53.50736727196887, -33.799467909291266], [-53.50801382770721, -33.78596497660539], [-53.502305041762455, -33.774472696379846], [-53.50178378957302, -33.77039653481678], [-53.50263407024972, -33.76644160133315], [-53.504636764142624, -33.764373892161714], [-53.491504254649705, -33.74524722323376], [-53.49452189181823, -33.73973648298592], [-53.49338412779809, -33.73046624831278], [-53.48504821302728, -33.72380104749299], [-53.48441968008845, -33.7188883855849], [-53.47974751216974, -33.71566248298267], [-53.46447136576181, -33.69625950614673], [-53.46573599828856, -33.692689109834035]]]}}, {"id": "23", "type": "Feature", "properties": {"codcuenca": 40, "area": 1970, "nombre_cue": "LAGUNA MERÍN entre Río Yaguarón y Río Tacuarí", "cabecera": 40}, "geometry": {"type": "MultiPolygon", "coordinates": [[[[-54.16180212534225, -31.872321683162124], [-54.15332583556232, -31.880019697119376], [-54.148774016298056, -31.881069673616544], [-54.14415266165647, -31.884228437137327], [-54.14325558989476, -31.887706125307304], [-54.14470469461104, -31.889402074301483], [-54.14139104241723, -31.89503924586911], [-54.13459193218035, -31.89817820540231], [-54.13415022809827, -31.896296993498428], [-54.13293595593276, -31.8962359860604], [-54.11610787380021, -31.90453459757933], [-54.115540938262505, -31.9066459363419], [-54.110629957952774, -31.90759056174088], [-54.108258168867195, -31.909551620026235], [-54.10827785384443, -31.911941222748077], [-54.10500452071264, -31.912907421390855], [-54.10775563410264, -31.91910228292924], [-54.105007667845506, -31.91965170482684], [-54.10255394848408, -31.923171379559935], [-54.10005003376232, -31.924237883808104], [-54.10112807341869, -31.92655147707945], [-54.099724871714685, -31.928119574341764], [-54.09571559521531, -31.929400249367305], [-54.09401189161759, -31.93177571566671], [-54.091148689477095, -31.93052903134969], [-54.08893518076513, -31.93530491903932], [-54.08626106619921, -31.93469181318756], [-54.08778249367009, -31.932467277016492], [-54.08728241966222, -31.930927760722437], [-54.078917200584854, -31.92822698486373], [-54.0799842306331, -31.92429230176272], [-54.07319611925226, -31.918700248919375], [-54.07098585262085, -31.918751326793732], [-54.06796738045784, -31.922442941888455], [-54.05914380729798, -31.91945513218653], [-54.054925183791426, -31.911102279527807], [-54.055988640650455, -31.909079207220422], [-54.05305524580317, -31.90545944308898], [-54.050437660819824, -31.90415212825878], [-54.04787220064159, -31.90511757754279], [-54.04706345556938, -31.9031769414644], [-54.04431845516441, -31.903021825944098], [-54.03895853844253, -31.89643791206602], [-54.034359890974635, -31.897068342699676], [-54.03062698958354, -31.894978745503007], [-54.03052889597246, -31.8984486293581], [-54.026757813782226, -31.89780098370664], [-54.025075435601075, -31.89625375141133], [-54.02195656410899, -31.897968306849528], [-54.02182159331483, -31.90114012420316], [-54.014103174717846, -31.900761377165004], [-54.013352537910315, -31.901868831073145], [-54.01649915218828, -31.903662184313657], [-54.01029563773285, -31.904729015830878], [-54.01160173330279, -31.90714571286425], [-54.014489286327084, -31.90594209708973], [-54.01371544337903, -31.90824837763077], [-54.004631828942834, -31.90793098394232], [-54.00474838774273, -31.912269404188493], [-54.001954835252405, -31.914601139190705], [-53.99144618989336, -31.91523635005561], [-53.98907280603212, -31.91768196640443], [-53.9847040865529, -31.916763072216973], [-53.98290837194688, -31.917774246751872], [-53.98196566734606, -31.915723117545976], [-53.97709221220286, -31.91843022382833], [-53.97475077323605, -31.91763022962474], [-53.96995431454507, -31.919102958699597], [-53.968886747484746, -31.918032691569145], [-53.96654209029793, -31.92059549319638], [-53.968474950200495, -31.921209425838896], [-53.96851387813806, -31.922445188092716], [-53.96234145710924, -31.922392089304378], [-53.960579877604204, -31.930165463326404], [-53.96107513809451, -31.9313086570825], [-53.96396334266369, -31.930674247634588], [-53.96274269627848, -31.93198195032989], [-53.96387858751865, -31.933873716705545], [-53.96567715827145, -31.933809551612125], [-53.96500324022423, -31.936865267729342], [-53.96745970694445, -31.937216307024052], [-53.969334575608414, -31.93544014357763], [-53.97101859136075, -31.936357001390267], [-53.9714361797865, -31.941430035738218], [-53.96715119810541, -31.944235347170405], [-53.96518686897821, -31.94996821258443], [-53.96159315676764, -31.95148500411592], [-53.959762827771755, -31.955245204721987], [-53.951737152759115, -31.957328493632115], [-53.949681511148405, -31.95647808895304], [-53.94954490124599, -31.95485322118828], [-53.947031503370454, -31.954158388372882], [-53.94060073191354, -31.958950996655012], [-53.936159933573364, -31.95838998378048], [-53.93194130530142, -31.960960615885117], [-53.9312390834157, -31.963258355909918], [-53.92613941826724, -31.962326648741193], [-53.925211826258334, -31.963737463944906], [-53.92189269520997, -31.963138417886878], [-53.92112537850676, -31.964984336470717], [-53.918617283743814, -31.964027557331146], [-53.916117080917715, -31.965793646128617], [-53.91238518032332, -31.966243080967452], [-53.909299163236966, -31.96974939413879], [-53.90958520897651, -31.97230514655976], [-53.907987923535806, -31.972831307717865], [-53.907303377370674, -31.975264396643315], [-53.90408047056933, -31.97665881622684], [-53.901679437901315, -31.97974239697046], [-53.89830189383365, -31.978366488923278], [-53.895791570398046, -31.981096696389123], [-53.89580722700215, -31.98494668711929], [-53.89314279140118, -31.98642132257534], [-53.89144699202194, -31.990155411686644], [-53.891417888223366, -31.99564559520109], [-53.878681661619915, -31.99508366379019], [-53.871111936822416, -31.999395505888582], [-53.868966674332086, -31.99827195722708], [-53.86957952806232, -31.995783925797053], [-53.86327956810714, -31.993019229946416], [-53.86350603023997, -31.995330714886972], [-53.8621584703139, -31.996527257066234], [-53.85903250853621, -31.99526233688446], [-53.85927944833238, -31.997601186751567], [-53.85615151747998, -31.996931202573034], [-53.8528947410309, -31.99985642941898], [-53.84878370405571, -32.00114560224824], [-53.852557804890395, -32.00778506692404], [-53.852688048801255, -32.01113188694978], [-53.85015546564708, -32.01380668799605], [-53.85241147898425, -32.021703029343726], [-53.84985537603103, -32.027469823151655], [-53.851259961150106, -32.03010596396517], [-53.85004879762953, -32.03082662253845], [-53.848656543218866, -32.02960611646248], [-53.844966387838475, -32.02945008628739], [-53.83661224538475, -32.03361240420524], [-53.84084649306698, -32.0370497646477], [-53.84121137350797, -32.04001252854183], [-53.83627171530588, -32.04014344895288], [-53.833000050511004, -32.042671177122934], [-53.832094518621396, -32.04591174912788], [-53.83472937528672, -32.04891876843491], [-53.834983648688144, -32.05138396868835], [-53.83209777166838, -32.055648632702535], [-53.83011189988441, -32.05594233519501], [-53.82643889579582, -32.05987005766345], [-53.81309827036867, -32.059950047282825], [-53.813483965037776, -32.06316562326413], [-53.81117609315413, -32.06560868244999], [-53.807653062260066, -32.0669597449578], [-53.80598724879449, -32.070052899056456], [-53.80212214826097, -32.071542663339486], [-53.789733703856975, -32.068678090381866], [-53.78787714069199, -32.069333789455506], [-53.78992111630377, -32.07124145516489], [-53.78819905644855, -32.072521358083804], [-53.78642516170253, -32.07181701344599], [-53.78203781998182, -32.07296427997609], [-53.779593971920725, -32.070950943386364], [-53.77262769250155, -32.074292544718574], [-53.76853439863959, -32.07410074649674], [-53.765813305531445, -32.07888031180702], [-53.76282338515125, -32.08049108613465], [-53.75548604460433, -32.0771363366422], [-53.75323493999787, -32.080273386014596], [-53.74459367750249, -32.078898341444734], [-53.745713975139346, -32.08845474197479], [-53.744366071542686, -32.092372565053395], [-53.73206943694136, -32.09385820297668], [-53.72403726150574, -32.09735090669716], [-53.72612987092732, -32.10222639808773], [-53.730063516742746, -32.10672628659718], [-53.73656751445172, -32.10151344715091], [-53.73912919407851, -32.10157320252415], [-53.73934008201482, -32.10444349908145], [-53.73650595208059, -32.107074875666605], [-53.739207791690006, -32.11315912898932], [-53.743154117227895, -32.11619836128297], [-53.724773210499706, -32.142042492184885], [-53.725456360169254, -32.14649819395867], [-53.73413933804534, -32.1505168294343], [-53.734621609169984, -32.15262525133766], [-53.72899548950681, -32.15399372917707], [-53.72286264961115, -32.1519999807907], [-53.7168630683451, -32.15440754223551], [-53.71853764301366, -32.16464930007588], [-53.722566669664054, -32.16970995209448], [-53.72321727899055, -32.17373238883946], [-53.71288966423893, -32.177619163695695], [-53.7142219875808, -32.183338714602264], [-53.71146821132021, -32.18834172332168], [-53.70920598990293, -32.188989478591054], [-53.70463951431363, -32.18748948661114], [-53.702339383078545, -32.18932648257893], [-53.70285777427175, -32.192607562653215], [-53.71021868787546, -32.19616422151179], [-53.711270091766515, -32.19886810166799], [-53.70383680679807, -32.20723725557125], [-53.69834773652978, -32.20386460985506], [-53.69397423288621, -32.20454907315635], [-53.69227280285852, -32.20706295391858], [-53.69412849292551, -32.20981643440582], [-53.69305690645748, -32.21352178658333], [-53.683394442581736, -32.2214017037224], [-53.67559673858359, -32.23657827026478], [-53.67545872650301, -32.2384059876246], [-53.67820222389694, -32.24221134550609], [-53.67528909969875, -32.25252055836361], [-53.67688109432292, -32.2579563032717], [-53.674310927076, -32.25989634939054], [-53.669669113105314, -32.26739966917751], [-53.66600082144763, -32.26954637058246], [-53.66344543272047, -32.27445232763929], [-53.657103539137665, -32.275210260455445], [-53.6549592881186, -32.277048935338506], [-53.654040519001484, -32.28992456467278], [-53.64078124214932, -32.296811095545046], [-53.645240307193, -32.31154539440292], [-53.65385211152708, -32.31142174257831], [-53.65532950761508, -32.314493876773625], [-53.655270225332956, -32.31745874464299], [-53.653748650517606, -32.3194071100451], [-53.64465268318635, -32.32201054461903], [-53.641138527652366, -32.324699954565425], [-53.642862190512616, -32.33349180320493], [-53.63708786854081, -32.34323700528729], [-53.6308031392288, -32.35028673203131], [-53.63130940443575, -32.3553256513428], [-53.641414731807565, -32.367605863781606], [-53.64337017531287, -32.3800796479447], [-53.64290267145812, -32.384551955405634], [-53.62458002308355, -32.389294183715116], [-53.613802374884436, -32.39610298461396], [-53.60873387932006, -32.403154489548115], [-53.612521774570745, -32.414831123869256], [-53.61103103477668, -32.4180324435796], [-53.60402231933476, -32.42350846875407], [-53.597739138533655, -32.431457736046696], [-53.586859388738695, -32.43606268325059], [-53.58483768331395, -32.43962390913341], [-53.583587249878256, -32.44814762579826], [-53.5815897106995, -32.452006685999336], [-53.56435171265715, -32.460364534053305], [-53.559503070175545, -32.46810279701133], [-53.55382986091504, -32.47389705119782], [-53.55130098079951, -32.47467218601869], [-53.53964263756121, -32.47311113195165], [-53.5384284083737, -32.47531585025033], [-53.541649752815324, -32.479177759405076], [-53.5412597484065, -32.4803155770049], [-53.52973720749696, -32.48391220236946], [-53.52875413413136, -32.48790581290123], [-53.525158392023926, -32.489211006323885], [-53.519359686989695, -32.48719498187809], [-53.51854069904966, -32.48551249347643], [-53.52115417785107, -32.48351362755302], [-53.51793026985761, -32.48231037429365], [-53.51384062237394, -32.483804599035466], [-53.51598435700573, -32.487350082401214], [-53.51390515335936, -32.48924135985142], [-53.50883955940791, -32.488103543365526], [-53.50517954831464, -32.483971412205534], [-53.49831319606756, -32.4821512961794], [-53.490972056657164, -32.48269282935557], [-53.48550662136892, -32.4851524166043], [-53.4818385832419, -32.484282614017076], [-53.47938601477306, -32.4866081154172], [-53.46971349170986, -32.48185913943583], [-53.46200578928452, -32.486700926296734], [-53.461485551295745, -32.48995435929955], [-53.46504492040744, -32.4946176767482], [-53.460617278142884, -32.500484696084946], [-53.462388963252316, -32.50395200635214], [-53.460095296147756, -32.51159835150747], [-53.455517232802784, -32.51706572838573], [-53.45740430899256, -32.52223891168721], [-53.454488230100495, -32.526367052245206], [-53.449227957198325, -32.529387643349644], [-53.4415209659075, -32.540510760863484], [-53.43954670783367, -32.545602646686184], [-53.43500671784201, -32.55193522326501], [-53.432807274619606, -32.56314320030255], [-53.43063509199808, -32.56681598830475], [-53.426059380077945, -32.565954407560675], [-53.42392985543073, -32.55911766275015], [-53.42017680045939, -32.55976774144995], [-53.41662992683298, -32.562278478576175], [-53.416001827944896, -32.56952273489265], [-53.408438535347265, -32.57734721313431], [-53.4007312025073, -32.58253640436328], [-53.38928326189178, -32.587427997223905], [-53.38444169761449, -32.58573952513717], [-53.38024620182009, -32.5790336415844], [-53.377867766665084, -32.572074240257486], [-53.372110629372905, -32.57003415108406], [-53.36976461821151, -32.57058369226915], [-53.36586306875152, -32.57630397714441], [-53.36133303773763, -32.58002890414244], [-53.354801839989825, -32.59122310524765], [-53.35250811352934, -32.59256652447567], [-53.34734996064368, -32.5927453018586], [-53.33844631430609, -32.58544128936762], [-53.334329057205764, -32.58455830520726], [-53.317643731137295, -32.59816458095469], [-53.30394174139545, -32.60462602768982], [-53.295642496169016, -32.617007515069545], [-53.28774497079805, -32.621410496611915], [-53.28036633504498, -32.61905429007033], [-53.27632319923768, -32.6090492763355], [-53.2726839602903, -32.6051633813153], [-53.259408897768814, -32.60202015391599], [-53.25285133371175, -32.60233794617977], [-53.24864806444905, -32.60524502852767], [-53.246871298871525, -32.608192323350686], [-53.24488844989087, -32.62063544451873], [-53.242631500558566, -32.625844238577386], [-53.23534621582082, -32.63144604157007], [-53.20778587680735, -32.64195694118029], [-53.19204049690976, -32.642351675016116], [-53.18670478644962, -32.64377287583662], [-53.180949864402635, -32.65116077961929], [-53.18100709850899, -32.65540714323697], [-53.1876281758163, -32.65926763245883], [-53.189352426311565, -32.662259835409486], [-53.186458500874025, -32.659919247365714], [-53.18931211668183, -32.665476676538454], [-53.189295264274065, -32.67228121926878], [-53.192152406641895, -32.686896828063524], [-53.18772864998211, -32.70410982124126], [-53.18228140713548, -32.71359505286238], [-53.18346180047173, -32.716981566239305], [-53.18717781748366, -32.7186093481388], [-53.195567965680965, -32.71863079440191], [-53.20596997335722, -32.71618770132193], [-53.23155456435108, -32.72335741661493], [-53.23671399940128, -32.72824005710434], [-53.24243321049698, -32.72885266160618], [-53.24577402458518, -32.73135437912969], [-53.25079902083743, -32.73276364199711], [-53.253643301944074, -32.73548939787867], [-53.25821954995481, -32.74745274788187], [-53.25841469421238, -32.750719492114214], [-53.25708738874735, -32.75238703371153], [-53.25994371467143, -32.751336370078896], [-53.275095327199146, -32.75225564133148], [-53.29078449011209, -32.755698567110024], [-53.299870617913626, -32.759575746886014], [-53.30605584143049, -32.766492545107184], [-53.306953643454605, -32.76292578400558], [-53.30577039167979, -32.75796614616374], [-53.29994176255324, -32.755749295504216], [-53.30179210351487, -32.747610448171585], [-53.305120764702025, -32.743730516081236], [-53.31645018573436, -32.743023465110824], [-53.32939293723818, -32.739300059305286], [-53.34364533200883, -32.73035352536776], [-53.340225442885554, -32.71077932685225], [-53.335200256732065, -32.69466004775479], [-53.33617541645729, -32.68693772777316], [-53.342507650448475, -32.67856784442014], [-53.34288785778881, -32.66932847641229], [-53.34641740933507, -32.662140136901286], [-53.34567049670343, -32.652074542604105], [-53.35353689129599, -32.64917536165913], [-53.36339344632534, -32.63980035820708], [-53.39327705432497, -32.633708415791176], [-53.39899047235542, -32.62770836804533], [-53.40386188094087, -32.61998904497924], [-53.41853697843441, -32.616824134034204], [-53.425262067296835, -32.61023112467286], [-53.433846547306935, -32.60459683924967], [-53.449261338387856, -32.60192450054022], [-53.45211411519545, -32.596949094113626], [-53.458222883216344, -32.5920257775162], [-53.46225697143664, -32.576638896541134], [-53.47212880496413, -32.56723643157796], [-53.47344523608062, -32.56163759816467], [-53.47717657855245, -32.5554218523379], [-53.48526911429889, -32.553161230652805], [-53.488201629275146, -32.547591961540455], [-53.49593932809463, -32.546080164953295], [-53.50507252627764, -32.546719828067424], [-53.524334051386475, -32.535114630506754], [-53.52913159729119, -32.53510688781791], [-53.544212772314495, -32.53878081681489], [-53.54762243619998, -32.53851117966751], [-53.54950968347788, -32.53665477821035], [-53.564011820038466, -32.53608662657078], [-53.5676368934197, -32.53259247382312], [-53.57495264464915, -32.53644617492847], [-53.58256044773659, -32.53331997850088], [-53.5851405200193, -32.53501941528888], [-53.58591525312654, -32.53770705546346], [-53.59342618934825, -32.54107656765537], [-53.61082514993582, -32.55822131850463], [-53.61644895520899, -32.55961207127534], [-53.63875245181238, -32.55452184510358], [-53.638811740105055, -32.54871288505169], [-53.64330355783623, -32.54821154595149], [-53.64884120538338, -32.54944725972887], [-53.65926761845196, -32.547219991044514], [-53.664598569022736, -32.54121457105825], [-53.67288891754479, -32.53875268090708], [-53.67396932604813, -32.53481613799664], [-53.6782049409395, -32.533243834466106], [-53.68137694578712, -32.53469350738679], [-53.68801168686329, -32.53485241194884], [-53.69437694238309, -32.532218281413655], [-53.704285989351774, -32.535502845999936], [-53.70794575097337, -32.53405157419339], [-53.70997831392161, -32.53508867319616], [-53.71603790182028, -32.53480113745261], [-53.73115002542174, -32.54462308235254], [-53.73819534288978, -32.54437378740132], [-53.746675164101234, -32.547372299422214], [-53.75013304073101, -32.54694198839811], [-53.75228316508498, -32.543995651672624], [-53.75648100465128, -32.54260369964062], [-53.76667829069468, -32.541665999956], [-53.76961671354447, -32.53983517396858], [-53.78060973134355, -32.542574261305674], [-53.78702098281801, -32.540996849280816], [-53.78889169114233, -32.539706595094316], [-53.79084117990689, -32.53487703368262], [-53.80440600816054, -32.53011232702169], [-53.806911625161064, -32.52571137715757], [-53.80881653133339, -32.51521812180295], [-53.811440807948586, -32.5098205449016], [-53.80924678249674, -32.506545313400515], [-53.809769360415316, -32.502112868573796], [-53.80545463217763, -32.498683980650796], [-53.80737379379789, -32.49193330109615], [-53.809783551583685, -32.48861090041851], [-53.818790827567184, -32.48584755777581], [-53.81906145064575, -32.48430481140772], [-53.81733897419945, -32.48086249016799], [-53.81441719995703, -32.47935138637547], [-53.810584011127645, -32.47390547503958], [-53.81463625654425, -32.46108297951015], [-53.81157447451659, -32.457202084813474], [-53.81217377189107, -32.45396291935558], [-53.815647169968706, -32.453717672675054], [-53.820639873329704, -32.45083264736014], [-53.82290315796665, -32.44879098290045], [-53.82299566527845, -32.446229529669], [-53.824329856753714, -32.44503272787015], [-53.828164694121014, -32.44492472425945], [-53.83217537987695, -32.43897451859545], [-53.842312736529266, -32.43210367571045], [-53.84037786268426, -32.42881266425751], [-53.8402203810932, -32.42037663884599], [-53.84743485556599, -32.41718809017856], [-53.84851670936025, -32.412944074481686], [-53.84589586484824, -32.40804129257224], [-53.84529140659544, -32.40159872665934], [-53.851598621555624, -32.39462836835978], [-53.85189964205942, -32.39049224575711], [-53.8567126032882, -32.387025892660404], [-53.85855062420478, -32.380452965365194], [-53.863546713496596, -32.378309403128135], [-53.86582773315681, -32.37414361669347], [-53.865520299864514, -32.37197847970824], [-53.868401499119344, -32.36950217439805], [-53.875963083405175, -32.3663771814957], [-53.87612588655012, -32.36438097727722], [-53.881027421938114, -32.36429394761614], [-53.882966136195556, -32.36100673069728], [-53.88252878664883, -32.3591380830501], [-53.88767693182223, -32.35743359304548], [-53.8900610673248, -32.3550092346884], [-53.89376235947093, -32.34708361977267], [-53.89541295214049, -32.34590831476933], [-53.899268471493286, -32.3474667973919], [-53.903852342411916, -32.347055767608495], [-53.90894857032866, -32.34605615750281], [-53.91148221417638, -32.34308102095166], [-53.91211136740725, -32.33959312052472], [-53.90968514237238, -32.33044106679035], [-53.90802742673108, -32.32829048699111], [-53.90401621039774, -32.33007446898032], [-53.89721956855601, -32.327648597237264], [-53.89763446820409, -32.32377945117133], [-53.89940969005156, -32.32139589554765], [-53.897801895375125, -32.31880846288668], [-53.90406665441258, -32.3115883877421], [-53.906452040178706, -32.298580099381894], [-53.911850615783216, -32.293655811289376], [-53.90794482527565, -32.288920697752054], [-53.906363843126144, -32.28311498233883], [-53.90833914177366, -32.27957335544048], [-53.91249257705518, -32.277169662967836], [-53.91397933023806, -32.27787212107407], [-53.916803741751615, -32.27680889714725], [-53.91596311349124, -32.269058636895714], [-53.90992550650933, -32.26582229852406], [-53.90812931048548, -32.258007654561645], [-53.911997406875095, -32.25116533931665], [-53.916561823199906, -32.249765749551], [-53.9110693933197, -32.242266261189584], [-53.912892301348336, -32.24016672775763], [-53.912368649397884, -32.2385992652303], [-53.90857870662435, -32.23425600638562], [-53.90291360285294, -32.232470462457044], [-53.9013622960834, -32.230399836000814], [-53.901760643315086, -32.22728654792189], [-53.90528663051584, -32.22417311608903], [-53.90479603505033, -32.21889388309036], [-53.90876794676893, -32.213780214104936], [-53.91446482988278, -32.211899927323955], [-53.91666844549746, -32.20580660879571], [-53.919939429464186, -32.202369043561795], [-53.92056466666179, -32.196280174134216], [-53.917990660644186, -32.19515485035099], [-53.92162581848907, -32.187708876634375], [-53.928073480396776, -32.18589935892105], [-53.929066299998645, -32.18355093690951], [-53.932021417564336, -32.18307474248404], [-53.93151610589931, -32.17907209371058], [-53.934506716947816, -32.17838519098846], [-53.93881449085762, -32.17416286719669], [-53.93840304826346, -32.16714686668043], [-53.9461809859417, -32.16585292512691], [-53.94919047387129, -32.16401048060708], [-53.954865172757934, -32.15160949256346], [-53.96294817793834, -32.142288530184956], [-53.96661967521097, -32.14543996717622], [-53.970910486545584, -32.14393446838336], [-53.97213280050729, -32.141975000629344], [-53.97507791121889, -32.1447115110983], [-53.98000257681393, -32.14406557784827], [-53.98353879366044, -32.14759491517549], [-53.98791998573972, -32.14800569652196], [-53.997042189200506, -32.15170740863449], [-54.01096685794404, -32.150233992635954], [-54.01390138460284, -32.142193383697766], [-54.02193897040671, -32.131624981754534], [-54.02473617953544, -32.131362431163076], [-54.03065350033638, -32.13475001790561], [-54.03267293808505, -32.13367279510084], [-54.031988508066995, -32.12771085612665], [-54.034106031434945, -32.126720009851006], [-54.04410938891983, -32.13136599931904], [-54.045636588838086, -32.12849028072643], [-54.045574927938056, -32.12425081052291], [-54.04753623812279, -32.12461075187136], [-54.04939930430017, -32.12123515644591], [-54.0493821982433, -32.116898161733666], [-54.05285612925388, -32.11286449546947], [-54.05921963165183, -32.11448278253415], [-54.06263170227253, -32.12098852947208], [-54.06776033700945, -32.11997173845449], [-54.069958045875474, -32.12123066797339], [-54.07075876157258, -32.119797902280084], [-54.07521173086907, -32.119463638957086], [-54.07762162082787, -32.12421830944629], [-54.08215051193884, -32.12853365794281], [-54.08381634903479, -32.12855625718853], [-54.08641775042366, -32.12575735145506], [-54.085911675604756, -32.12343282061542], [-54.09331556797571, -32.11302772648808], [-54.09466897790345, -32.109298899963726], [-54.09386590094495, -32.10487074066167], [-54.096818734930864, -32.102206067006485], [-54.0966505108768, -32.09545527255749], [-54.09956764252589, -32.0930810330909], [-54.097780244023525, -32.088427998007866], [-54.09889892497839, -32.078990041200626], [-54.102966433526795, -32.077324802098516], [-54.10380748671848, -32.074370449556476], [-54.104132574343495, -32.058878183960196], [-54.10308746044651, -32.05659530331874], [-54.1052397311087, -32.05123587275027], [-54.10334861283147, -32.04622493213081], [-54.10459289927224, -32.04092761591826], [-54.103640316410214, -32.038221754328305], [-54.10516835752965, -32.03062263700676], [-54.10922289785326, -32.02397680820134], [-54.10363059002018, -32.01365509856262], [-54.09708735686886, -32.00896938384904], [-54.091725447877515, -32.00712375299815], [-54.085623719703776, -32.0077639618384], [-54.08433927010721, -32.0063671907093], [-54.08361879077463, -32.003664324615045], [-54.08551477556085, -32.001193906253164], [-54.09110367916957, -31.999525698559268], [-54.091848409021516, -31.98937487412199], [-54.095795919042715, -31.985835781958404], [-54.092587864120404, -31.98238952902284], [-54.092039545530625, -31.979401728196173], [-54.089641748291086, -31.976300570099024], [-54.084163559377885, -31.973200905500818], [-54.08398667095933, -31.97078797114468], [-54.08507855841941, -31.96872304651376], [-54.08723687994291, -31.968941256591517], [-54.08831473334514, -31.970437458987252], [-54.09135539664247, -31.97024307608812], [-54.09096937011294, -31.967507819794687], [-54.0928773524083, -31.96666484396552], [-54.09665506890806, -31.969351612259032], [-54.116473793270224, -31.965863204845252], [-54.12133727327967, -31.96257707488317], [-54.124198916753535, -31.957854547661807], [-54.137687871815544, -31.953825223615247], [-54.15332610811002, -31.935484186580386], [-54.14952020598786, -31.917537314828675], [-54.145983628266585, -31.914702423607146], [-54.15278467936006, -31.905634268934], [-54.15294397423939, -31.90173109536542], [-54.14980345532324, -31.89939043062321], [-54.14982875254223, -31.897972756756847], [-54.152307210473, -31.895688848159335], [-54.16228577454125, -31.89120813048405], [-54.170598078239756, -31.882968440315132], [-54.17075384393862, -31.879218317829707], [-54.16476586293475, -31.877273863999015], [-54.16180212534225, -31.872321683162124]]], [[[-54.19766220402357, -31.8502062848716], [-54.20454290695936, -31.85034580139798], [-54.210182968632175, -31.856121570149906], [-54.21636678811851, -31.854916027600765], [-54.21853467720857, -31.844549027916603], [-54.21749890401123, -31.842901411851525], [-54.21996381737794, -31.835606026797233], [-54.218133266131694, -31.834286359633747], [-54.216430726590104, -31.8299833189317], [-54.19484690038375, -31.846099253479824], [-54.19766220402357, -31.8502062848716]]]]}}, {"id": "24", "type": "Feature", "properties": {"codcuenca": 41, "area": 4684, "nombre_cue": "RÍO TACUARÍ", "cabecera": 41}, "geometry": {"type": "Polygon", "coordinates": [[[-53.306953643454605, -32.76292578400558], [-53.30531472221402, -32.76937364898485], [-53.306257304119846, -32.773775641742375], [-53.310343736539586, -32.77668234143729], [-53.313152709199166, -32.78817732096085], [-53.31364511592631, -32.79700615061998], [-53.310567583233265, -32.82037328353423], [-53.323284818295406, -32.835656443581364], [-53.33366672938792, -32.843730020286564], [-53.339940466133825, -32.85619763003948], [-53.34635711745612, -32.856395603500786], [-53.35733841469858, -32.854348757875705], [-53.378347196297234, -32.84501456213317], [-53.38596155619958, -32.84416216892348], [-53.407926747903005, -32.85115092788192], [-53.4198683450895, -32.859382366679526], [-53.428569306575845, -32.86808081867259], [-53.436048844101, -32.86334313814509], [-53.44368393568376, -32.84747995661192], [-53.44800668498384, -32.83207594988368], [-53.45684027113549, -32.82049042872992], [-53.47350384280573, -32.818904863235126], [-53.50909279786965, -32.82225923358293], [-53.52275022538115, -32.81853281678612], [-53.55327201505174, -32.81607378562193], [-53.56332082787661, -32.82158720372671], [-53.57143781536212, -32.82786870853653], [-53.58830803339035, -32.832824604461436], [-53.59823751588911, -32.831791998321606], [-53.61282579785894, -32.825109103820665], [-53.621074975006486, -32.81938177797264], [-53.644504486700605, -32.81377455131515], [-53.67172444961972, -32.81064746125265], [-53.686977185237275, -32.81334913898125], [-53.69345820421248, -32.81831676951238], [-53.7138681485031, -32.82309557409091], [-53.73256094485929, -32.823452792568844], [-53.74884615635665, -32.825577399978805], [-53.75687420444614, -32.82697222716828], [-53.7625721103762, -32.82950188836851], [-53.77157956720606, -32.82661738351909], [-53.77458790163346, -32.8211296039179], [-53.77917293257062, -32.81624296306958], [-53.7978309468586, -32.81344384439128], [-53.8058132364909, -32.814397351567195], [-53.82061999782238, -32.813156241009395], [-53.82521146476596, -32.81130738852937], [-53.833502097767905, -32.81158537917624], [-53.83973389079757, -32.80704486088833], [-53.84406962559344, -32.805819500036044], [-53.854134464008304, -32.806139075238484], [-53.85928454018636, -32.8109435973942], [-53.86821936238755, -32.81561317982304], [-53.87286930989993, -32.81655665265472], [-53.88971970963216, -32.8144983984503], [-53.89745405362833, -32.80951662619633], [-53.89863179281861, -32.8064479294879], [-53.9038234109043, -32.80142708481801], [-53.91071340655154, -32.79871305510229], [-53.91810830279953, -32.8021794489915], [-53.93140789280769, -32.79687644174489], [-53.93665243087993, -32.796820409289666], [-53.946522114033705, -32.79961035930396], [-53.95472796812519, -32.79736525527956], [-53.96203892289295, -32.793713275779574], [-53.96802597058916, -32.79365817598079], [-53.97280496680671, -32.79069743746895], [-53.9748105172295, -32.78785415876533], [-53.9760510355806, -32.78156471320524], [-53.97866593594734, -32.777979297979016], [-53.99035340983287, -32.776625879379424], [-53.99765339267795, -32.773672750088], [-53.99883963246362, -32.769732943170524], [-54.011129390857576, -32.76180292918216], [-54.02068568760875, -32.7621589148845], [-54.02357297248957, -32.76683640693217], [-54.02864761593115, -32.76515438831973], [-54.03588001947256, -32.75554741984125], [-54.033352312022565, -32.75290089214179], [-54.03473016886717, -32.74995635225806], [-54.03047115821069, -32.745567701996876], [-54.030218999899624, -32.74193755877581], [-54.02704065445457, -32.73775845413517], [-54.028119685373845, -32.733279456778455], [-54.02708557293167, -32.725676036636955], [-54.027925676889176, -32.72283099419122], [-54.03193397689652, -32.72112165575766], [-54.037110619143995, -32.723180301187334], [-54.04460501825351, -32.72967092718261], [-54.05294397144007, -32.72822523006904], [-54.05549581440351, -32.726569507743996], [-54.06750354832039, -32.7264228631023], [-54.073905742084236, -32.72106153115414], [-54.08143712901354, -32.71859677641804], [-54.087717315865774, -32.7117923099477], [-54.09569959287199, -32.71672437266492], [-54.096460878956904, -32.71941191046664], [-54.10123277507162, -32.717883166644], [-54.106085358430704, -32.71999715551765], [-54.108540689985574, -32.707690157922656], [-54.11005280416275, -32.70608189684954], [-54.117931202323604, -32.704747105386424], [-54.12144643574414, -32.70297763587668], [-54.12203386735368, -32.70101817878535], [-54.13276758439675, -32.69974607667944], [-54.133338729332344, -32.69333191095383], [-54.138946566801806, -32.69318041590658], [-54.14342717873851, -32.69619153478071], [-54.15652218201662, -32.69872688030216], [-54.15781321682527, -32.6891310218597], [-54.16159036094606, -32.68734717169532], [-54.169068733648146, -32.687427544300476], [-54.173611478333356, -32.68496772193434], [-54.17622551189271, -32.684950186445164], [-54.18032746985038, -32.68837021264267], [-54.19028492757467, -32.68991119523501], [-54.19727202422999, -32.68442556097239], [-54.19957634349218, -32.67981948691948], [-54.20414968604295, -32.680880024959485], [-54.20575100840412, -32.682466436272655], [-54.207610125028154, -32.68205155830765], [-54.21291570987545, -32.67522817438763], [-54.212729014344205, -32.67322126496622], [-54.215193546658945, -32.67206222260874], [-54.22022311068604, -32.672438869775384], [-54.22046288325562, -32.67143961335641], [-54.21971785864058, -32.66748376999449], [-54.222177451426155, -32.66237805678524], [-54.21920366974072, -32.65883265659989], [-54.219461047734505, -32.65683134388988], [-54.222209850466285, -32.652105113680456], [-54.22144836404631, -32.64908870060486], [-54.22518811634495, -32.64694319658157], [-54.226098414341244, -32.63724501715833], [-54.22383124968655, -32.63063112774733], [-54.22302654690475, -32.618225734500015], [-54.22060874580839, -32.61516484399798], [-54.224261644584864, -32.61109996109222], [-54.23720926836224, -32.60674908484576], [-54.248096321337066, -32.62017440711921], [-54.24990148937332, -32.619761294573244], [-54.25684200472867, -32.62315618997752], [-54.2648109527779, -32.62030965048839], [-54.26479875500576, -32.61903037949201], [-54.27083246713349, -32.61443201134558], [-54.2751966973824, -32.618864863419944], [-54.28276123741882, -32.61369970089233], [-54.29278021487861, -32.61181941217719], [-54.296290622276274, -32.61461416620575], [-54.29730750334307, -32.6202016269338], [-54.30725891920826, -32.62714863050138], [-54.31281806756738, -32.62671332310912], [-54.3169457867482, -32.63227480531706], [-54.31706075324111, -32.634280764131496], [-54.330781995331805, -32.63726108180141], [-54.334158334645274, -32.63905458440571], [-54.33594459930621, -32.643021998488294], [-54.33346230862054, -32.64994648617182], [-54.33382470686025, -32.6549622236441], [-54.337600084151866, -32.65957927289655], [-54.341709657029384, -32.66188227639448], [-54.3407712851375, -32.66494091193535], [-54.34161809222118, -32.667519151227474], [-54.34911205624129, -32.67123937554531], [-54.35364794980427, -32.679310156572726], [-54.35802285757137, -32.68362030085256], [-54.35364190431118, -32.69346756377067], [-54.35549905552389, -32.697748735037656], [-54.35471897023642, -32.70018284749546], [-54.358515939330616, -32.708244930420754], [-54.377331125772635, -32.714139850675274], [-54.38578431292956, -32.72221179944614], [-54.397317783773076, -32.72866840814648], [-54.39602276893994, -32.730909085726104], [-54.40289826288928, -32.73674914134869], [-54.401740713370806, -32.73968048927959], [-54.40261589799874, -32.750089106233254], [-54.415430247023494, -32.750732505297584], [-54.41797980051459, -32.75254173554982], [-54.423799156895456, -32.75273459750917], [-54.43056159722101, -32.75634081841866], [-54.43612207483285, -32.75168262583276], [-54.439497337878294, -32.74188646507104], [-54.44697800306274, -32.73700418314559], [-54.44693033969439, -32.734219247711245], [-54.44410684898712, -32.727489387663915], [-54.4363946883665, -32.719496361192405], [-54.44054208177417, -32.70448082834068], [-54.4321994286549, -32.694986756228225], [-54.426390241165116, -32.683702960307635], [-54.42242647247123, -32.67979676244229], [-54.422543626621454, -32.672164552246755], [-54.42122917067989, -32.6657122195652], [-54.41940938828371, -32.66385281070517], [-54.422044744819445, -32.65915283639914], [-54.42563712269164, -32.65731916754446], [-54.43461895321816, -32.64197580524021], [-54.44344581194655, -32.63557570472774], [-54.4452994358165, -32.63279250281809], [-54.44456882133717, -32.628235430414215], [-54.449533441084775, -32.62343490690898], [-54.44839779622105, -32.62042461269668], [-54.453103441604625, -32.61597805890499], [-54.461306468317126, -32.59750618309228], [-54.45784261444314, -32.594714451732514], [-54.45267287107122, -32.593425951402736], [-54.452178632727104, -32.591277055231764], [-54.44881364593209, -32.58880747742667], [-54.44763481513787, -32.587016668676306], [-54.44870858295744, -32.58288052658729], [-54.44747948761592, -32.580511657471895], [-54.44879423796781, -32.57717079312896], [-54.454178227643446, -32.57230312657251], [-54.45694146332383, -32.567697409982365], [-54.45811861629744, -32.55946925916009], [-54.4569203900575, -32.55234509176095], [-54.46669938490724, -32.544512244376364], [-54.46608939330083, -32.5358126303558], [-54.46244175643417, -32.530143091817045], [-54.46865498703058, -32.5255994120335], [-54.47398378532399, -32.524996743916], [-54.477447478649125, -32.520439935977606], [-54.4741740261993, -32.51372218964823], [-54.47332945420119, -32.50869012128726], [-54.47422509025028, -32.504124859665524], [-54.47002615831604, -32.5007852629272], [-54.47023146872378, -32.49739576666459], [-54.47489594346792, -32.49599969204315], [-54.47479760975953, -32.490726458786725], [-54.477846886917995, -32.48944138075875], [-54.47890107566311, -32.487314270363214], [-54.47553010285015, -32.48316052603088], [-54.475491071499754, -32.48089098370748], [-54.476932006974266, -32.48027752740836], [-54.47848877179138, -32.47517530224122], [-54.48264552153464, -32.47350920242609], [-54.48326895437256, -32.47194709645332], [-54.4824726123046, -32.46906013303933], [-54.48103468476203, -32.46824618620417], [-54.47490374799794, -32.46757854081318], [-54.47190191759778, -32.47097151638035], [-54.46921000416707, -32.471766307252814], [-54.4633551965409, -32.471045690103296], [-54.46151242565448, -32.46957723607683], [-54.469191080825695, -32.46320963923542], [-54.468810836103025, -32.46043946143176], [-54.47150707621429, -32.4560063945631], [-54.469748409791016, -32.45393551193907], [-54.468987963535355, -32.448395151134136], [-54.474267660059986, -32.439973886348454], [-54.47550452070224, -32.434543790760486], [-54.48220353424566, -32.42970633164093], [-54.482820298517055, -32.42346657285114], [-54.486660072439676, -32.419848165730734], [-54.479625774200365, -32.40975065868268], [-54.46954387130076, -32.409402142975964], [-54.46795397794303, -32.40638502654707], [-54.464851202511596, -32.404204167980765], [-54.46330167697554, -32.402291568426726], [-54.463359199587586, -32.39838829489796], [-54.46091767519438, -32.394570029592295], [-54.45957232137884, -32.38775181072725], [-54.45407700874152, -32.38602015423143], [-54.449724926322496, -32.386977461425246], [-54.44652736042098, -32.38984318960905], [-54.440370023972484, -32.388438444496956], [-54.4353623455534, -32.39157738893215], [-54.43120475300187, -32.39089156364559], [-54.43581480690899, -32.38448936508254], [-54.43707401901742, -32.380172586390316], [-54.44518295049924, -32.37519250040507], [-54.44212603481253, -32.3740756253591], [-54.44008908101751, -32.37121236871071], [-54.43896200854509, -32.362871348075224], [-54.435300103701856, -32.362464520179465], [-54.432054468254485, -32.36021677802604], [-54.4305417132923, -32.35255303302567], [-54.4283934671762, -32.35105550292612], [-54.42729433320487, -32.34477826159565], [-54.42136931162992, -32.34185740627266], [-54.41335492942208, -32.34075605387306], [-54.41267647079707, -32.33813904613229], [-54.41387885551825, -32.334865081568594], [-54.410782938777146, -32.331514113367625], [-54.41318305844805, -32.32159896265297], [-54.411840727227094, -32.319087321866625], [-54.40800019192801, -32.31764126383152], [-54.406502692223256, -32.31535424710265], [-54.40716954705689, -32.30840251625828], [-54.40025858469851, -32.306029368756626], [-54.39714595448365, -32.30078574484762], [-54.39251630908257, -32.29796664204161], [-54.39302514950215, -32.29401861218904], [-54.38786679198644, -32.29096784978958], [-54.38262589658025, -32.28295002704422], [-54.37818905977993, -32.279906978107455], [-54.37802476631923, -32.27514122153808], [-54.37215386380229, -32.26915063129216], [-54.37104958531611, -32.26540478496482], [-54.36521958820574, -32.26089363776508], [-54.35977364255101, -32.25446050267089], [-54.35854785866122, -32.25097717248933], [-54.350334605748984, -32.248978444374345], [-54.34687855794679, -32.251491095870605], [-54.341714997559954, -32.25194020693868], [-54.33649645373476, -32.25107406441265], [-54.32909001251019, -32.24601181297966], [-54.32557094226163, -32.24583473723328], [-54.32369837081277, -32.24778562255365], [-54.31869511919366, -32.24534614361124], [-54.31886456727102, -32.23983802401014], [-54.312832691531305, -32.236705997511194], [-54.30787256057606, -32.23657949087632], [-54.30806071628453, -32.2277100264043], [-54.31029846680459, -32.22524777361084], [-54.310824601853334, -32.220789033575166], [-54.30181360706991, -32.215623826137026], [-54.29846849432523, -32.212082884404865], [-54.29516857436651, -32.210987142830014], [-54.29345686327199, -32.208041634903665], [-54.293943145155055, -32.202809424170496], [-54.29138019692849, -32.19986169700176], [-54.282443301522335, -32.197720276149994], [-54.28001932445942, -32.20298290663731], [-54.2749470854329, -32.20489456636746], [-54.272323304610566, -32.20391052481163], [-54.2698698081851, -32.202316259194674], [-54.26976790368788, -32.19884571183513], [-54.27139718361617, -32.19709675092997], [-54.27144859261514, -32.19492022181246], [-54.26710412742616, -32.19071837331424], [-54.26093665830638, -32.19118765827575], [-54.25547911458015, -32.181470241199335], [-54.24558642251851, -32.17888421516394], [-54.24134649990598, -32.1793406425295], [-54.24115201094985, -32.183326430342944], [-54.23943549041902, -32.185482074849794], [-54.23111072329633, -32.18116148842788], [-54.22529796969441, -32.18428643059715], [-54.22284584489938, -32.182691289560964], [-54.2220573514368, -32.17217650859777], [-54.22074057451704, -32.171181976374804], [-54.21394277456979, -32.170267373163306], [-54.20814082695098, -32.17277944210779], [-54.20478012735644, -32.17287314934169], [-54.20297868379157, -32.179856996697396], [-54.19931515703178, -32.18116304674498], [-54.19722675925895, -32.180012908909404], [-54.194219444202844, -32.17307963362127], [-54.192085623845, -32.171624000016976], [-54.18089265719912, -32.171413184349646], [-54.179029527595276, -32.17274981501516], [-54.17906852121625, -32.175063155890236], [-54.17224995631874, -32.171710397965924], [-54.16851723661788, -32.17289680739632], [-54.167328950366304, -32.17167749343568], [-54.16973559280423, -32.16051921679323], [-54.1660896830876, -32.15744747215297], [-54.16810014022751, -32.15513500688053], [-54.165662456300545, -32.151702088207294], [-54.16541577472822, -32.148722630416685], [-54.162669461897195, -32.14579588682725], [-54.16223368179187, -32.14221872109434], [-54.15792946417327, -32.14258812086364], [-54.15497526062108, -32.14569608935097], [-54.14451703405808, -32.14368889894171], [-54.14370996700702, -32.13857617603651], [-54.13935229233716, -32.130230090018415], [-54.13965234553763, -32.125342413819105], [-54.135826094666456, -32.1212421918178], [-54.13153936019686, -32.12089889406109], [-54.12567001143028, -32.13016904531758], [-54.11596152082603, -32.12988127674039], [-54.11346067148423, -32.131278620939916], [-54.11066630696352, -32.13660873391769], [-54.10846039077982, -32.13700444440992], [-54.10410121872469, -32.129548024235085], [-54.093100708796776, -32.12999539033994], [-54.08641775042366, -32.12575735145506], [-54.08381634903479, -32.12855625718853], [-54.08215051193884, -32.12853365794281], [-54.07762162082787, -32.12421830944629], [-54.07521173086907, -32.119463638957086], [-54.07075876157258, -32.119797902280084], [-54.069958045875474, -32.12123066797339], [-54.06776033700945, -32.11997173845449], [-54.06263170227253, -32.12098852947208], [-54.05921963165183, -32.11448278253415], [-54.05285612925388, -32.11286449546947], [-54.0493821982433, -32.116898161733666], [-54.04939930430017, -32.12123515644591], [-54.04753623812279, -32.12461075187136], [-54.045574927938056, -32.12425081052291], [-54.045636588838086, -32.12849028072643], [-54.04410938891983, -32.13136599931904], [-54.034106031434945, -32.126720009851006], [-54.031988508066995, -32.12771085612665], [-54.03267293808505, -32.13367279510084], [-54.03065350033638, -32.13475001790561], [-54.02473617953544, -32.131362431163076], [-54.02193897040671, -32.131624981754534], [-54.01390138460284, -32.142193383697766], [-54.01096685794404, -32.150233992635954], [-53.997042189200506, -32.15170740863449], [-53.98791998573972, -32.14800569652196], [-53.98353879366044, -32.14759491517549], [-53.98000257681393, -32.14406557784827], [-53.97507791121889, -32.1447115110983], [-53.97213280050729, -32.141975000629344], [-53.970910486545584, -32.14393446838336], [-53.96661967521097, -32.14543996717622], [-53.96294817793834, -32.142288530184956], [-53.954865172757934, -32.15160949256346], [-53.94919047387129, -32.16401048060708], [-53.9461809859417, -32.16585292512691], [-53.93840304826346, -32.16714686668043], [-53.93881449085762, -32.17416286719669], [-53.934506716947816, -32.17838519098846], [-53.93151610589931, -32.17907209371058], [-53.932021417564336, -32.18307474248404], [-53.929066299998645, -32.18355093690951], [-53.928073480396776, -32.18589935892105], [-53.92162581848907, -32.187708876634375], [-53.917990660644186, -32.19515485035099], [-53.92056466666179, -32.196280174134216], [-53.919939429464186, -32.202369043561795], [-53.91666844549746, -32.20580660879571], [-53.91446482988278, -32.211899927323955], [-53.90876794676893, -32.213780214104936], [-53.90479603505033, -32.21889388309036], [-53.90528663051584, -32.22417311608903], [-53.901760643315086, -32.22728654792189], [-53.9013622960834, -32.230399836000814], [-53.90291360285294, -32.232470462457044], [-53.90857870662435, -32.23425600638562], [-53.912368649397884, -32.2385992652303], [-53.912892301348336, -32.24016672775763], [-53.9110693933197, -32.242266261189584], [-53.916561823199906, -32.249765749551], [-53.911997406875095, -32.25116533931665], [-53.90812931048548, -32.258007654561645], [-53.90992550650933, -32.26582229852406], [-53.91596311349124, -32.269058636895714], [-53.916803741751615, -32.27680889714725], [-53.91397933023806, -32.27787212107407], [-53.91249257705518, -32.277169662967836], [-53.90833914177366, -32.27957335544048], [-53.906363843126144, -32.28311498233883], [-53.90794482527565, -32.288920697752054], [-53.911850615783216, -32.293655811289376], [-53.906452040178706, -32.298580099381894], [-53.90406665441258, -32.3115883877421], [-53.897801895375125, -32.31880846288668], [-53.89940969005156, -32.32139589554765], [-53.89763446820409, -32.32377945117133], [-53.89721956855601, -32.327648597237264], [-53.90401621039774, -32.33007446898032], [-53.90802742673108, -32.32829048699111], [-53.90968514237238, -32.33044106679035], [-53.91211136740725, -32.33959312052472], [-53.91148221417638, -32.34308102095166], [-53.90894857032866, -32.34605615750281], [-53.903852342411916, -32.347055767608495], [-53.899268471493286, -32.3474667973919], [-53.89541295214049, -32.34590831476933], [-53.89376235947093, -32.34708361977267], [-53.8900610673248, -32.3550092346884], [-53.88767693182223, -32.35743359304548], [-53.88252878664883, -32.3591380830501], [-53.882966136195556, -32.36100673069728], [-53.881027421938114, -32.36429394761614], [-53.87612588655012, -32.36438097727722], [-53.875963083405175, -32.3663771814957], [-53.868401499119344, -32.36950217439805], [-53.865520299864514, -32.37197847970824], [-53.86582773315681, -32.37414361669347], [-53.863546713496596, -32.378309403128135], [-53.85855062420478, -32.380452965365194], [-53.8567126032882, -32.387025892660404], [-53.85189964205942, -32.39049224575711], [-53.851598621555624, -32.39462836835978], [-53.84529140659544, -32.40159872665934], [-53.84589586484824, -32.40804129257224], [-53.84851670936025, -32.412944074481686], [-53.84743485556599, -32.41718809017856], [-53.8402203810932, -32.42037663884599], [-53.84037786268426, -32.42881266425751], [-53.842312736529266, -32.43210367571045], [-53.83217537987695, -32.43897451859545], [-53.828164694121014, -32.44492472425945], [-53.824329856753714, -32.44503272787015], [-53.82299566527845, -32.446229529669], [-53.82290315796665, -32.44879098290045], [-53.820639873329704, -32.45083264736014], [-53.815647169968706, -32.453717672675054], [-53.81217377189107, -32.45396291935558], [-53.81157447451659, -32.457202084813474], [-53.81463625654425, -32.46108297951015], [-53.810584011127645, -32.47390547503958], [-53.81441719995703, -32.47935138637547], [-53.81733897419945, -32.48086249016799], [-53.81906145064575, -32.48430481140772], [-53.818790827567184, -32.48584755777581], [-53.809783551583685, -32.48861090041851], [-53.80737379379789, -32.49193330109615], [-53.80545463217763, -32.498683980650796], [-53.809769360415316, -32.502112868573796], [-53.80924678249674, -32.506545313400515], [-53.811440807948586, -32.5098205449016], [-53.80881653133339, -32.51521812180295], [-53.806911625161064, -32.52571137715757], [-53.80440600816054, -32.53011232702169], [-53.79084117990689, -32.53487703368262], [-53.78889169114233, -32.539706595094316], [-53.78702098281801, -32.540996849280816], [-53.78060973134355, -32.542574261305674], [-53.76961671354447, -32.53983517396858], [-53.76667829069468, -32.541665999956], [-53.75648100465128, -32.54260369964062], [-53.75228316508498, -32.543995651672624], [-53.75013304073101, -32.54694198839811], [-53.746675164101234, -32.547372299422214], [-53.73819534288978, -32.54437378740132], [-53.73115002542174, -32.54462308235254], [-53.71603790182028, -32.53480113745261], [-53.70997831392161, -32.53508867319616], [-53.70794575097337, -32.53405157419339], [-53.704285989351774, -32.535502845999936], [-53.69437694238309, -32.532218281413655], [-53.68801168686329, -32.53485241194884], [-53.68137694578712, -32.53469350738679], [-53.6782049409395, -32.533243834466106], [-53.67396932604813, -32.53481613799664], [-53.67288891754479, -32.53875268090708], [-53.664598569022736, -32.54121457105825], [-53.65926761845196, -32.547219991044514], [-53.64884120538338, -32.54944725972887], [-53.64330355783623, -32.54821154595149], [-53.638811740105055, -32.54871288505169], [-53.63875245181238, -32.55452184510358], [-53.61644895520899, -32.55961207127534], [-53.61082514993582, -32.55822131850463], [-53.59342618934825, -32.54107656765537], [-53.58591525312654, -32.53770705546346], [-53.5851405200193, -32.53501941528888], [-53.58256044773659, -32.53331997850088], [-53.57495264464915, -32.53644617492847], [-53.5676368934197, -32.53259247382312], [-53.564011820038466, -32.53608662657078], [-53.54950968347788, -32.53665477821035], [-53.54762243619998, -32.53851117966751], [-53.544212772314495, -32.53878081681489], [-53.52913159729119, -32.53510688781791], [-53.524334051386475, -32.535114630506754], [-53.50507252627764, -32.546719828067424], [-53.49593932809463, -32.546080164953295], [-53.488201629275146, -32.547591961540455], [-53.48526911429889, -32.553161230652805], [-53.47717657855245, -32.5554218523379], [-53.47344523608062, -32.56163759816467], [-53.47212880496413, -32.56723643157796], [-53.46225697143664, -32.576638896541134], [-53.458222883216344, -32.5920257775162], [-53.45211411519545, -32.596949094113626], [-53.449261338387856, -32.60192450054022], [-53.433846547306935, -32.60459683924967], [-53.425262067296835, -32.61023112467286], [-53.41853697843441, -32.616824134034204], [-53.40386188094087, -32.61998904497924], [-53.39899047235542, -32.62770836804533], [-53.39327705432497, -32.633708415791176], [-53.36339344632534, -32.63980035820708], [-53.35353689129599, -32.64917536165913], [-53.34567049670343, -32.652074542604105], [-53.34641740933507, -32.662140136901286], [-53.34288785778881, -32.66932847641229], [-53.342507650448475, -32.67856784442014], [-53.33617541645729, -32.68693772777316], [-53.335200256732065, -32.69466004775479], [-53.340225442885554, -32.71077932685225], [-53.34364533200883, -32.73035352536776], [-53.32939293723818, -32.739300059305286], [-53.31645018573436, -32.743023465110824], [-53.305120764702025, -32.743730516081236], [-53.30179210351487, -32.747610448171585], [-53.29994176255324, -32.755749295504216], [-53.30577039167979, -32.75796614616374], [-53.306953643454605, -32.76292578400558]]]}}, {"id": "25", "type": "Feature", "properties": {"codcuenca": 42, "area": 1222, "nombre_cue": "LAGUNA MERÍN entre Río Tacuarí y Río Cebollatí", "cabecera": 40}, "geometry": {"type": "Polygon", "coordinates": [[[-53.306257304119846, -32.773775641742375], [-53.310367896741774, -32.78864557964608], [-53.308533384764, -32.80391367147514], [-53.301718987426675, -32.82126355706429], [-53.29178545523651, -32.83097934703514], [-53.29031231194506, -32.8359070652626], [-53.29287342815843, -32.83974397598877], [-53.293908503406314, -32.85229307552452], [-53.29737812870737, -32.85612106892032], [-53.30082523071171, -32.856956136273446], [-53.30334976554821, -32.85946717736814], [-53.3035554074508, -32.865465070319516], [-53.299426257749495, -32.87369271599616], [-53.300302237747175, -32.87672965400866], [-53.30077664814758, -32.877712564440046], [-53.30779075015597, -32.87897925814815], [-53.308529620810766, -32.88120222336424], [-53.309934594290425, -32.88061732247148], [-53.30464928371763, -32.87406748189689], [-53.304826766477504, -32.87040264998869], [-53.30797232803095, -32.86791465274126], [-53.33046955372074, -32.88159255821455], [-53.3412783687352, -32.88085924768634], [-53.34960761464794, -32.882888567803356], [-53.35429820357895, -32.88634240796386], [-53.35273916926302, -32.88632090453151], [-53.353968082779275, -32.887859199818095], [-53.347177897798915, -32.888879827620464], [-53.341883027791646, -32.887198473841345], [-53.34154668068595, -32.88583986445105], [-53.33573371489568, -32.89323344451903], [-53.33119222326615, -32.89404513494459], [-53.3267019408319, -32.89224383093083], [-53.32029945878905, -32.89198175826073], [-53.318765227749616, -32.89336638229006], [-53.31881169454238, -32.89553047739949], [-53.32207026069843, -32.897442845057974], [-53.32173929083419, -32.89896852950663], [-53.3235061514071, -32.901509235116556], [-53.32199031554948, -32.89571072049961], [-53.32495425413383, -32.89362430895718], [-53.33410541271917, -32.901872080158384], [-53.34209927972643, -32.902182804486905], [-53.34347975972525, -32.906743629416944], [-53.34901596139965, -32.91134096935215], [-53.35893627929996, -32.91779943891325], [-53.36801993750968, -32.92051836412837], [-53.37225929045858, -32.92572039870813], [-53.37223102359792, -32.92792811491307], [-53.36973767713631, -32.93116948867623], [-53.36120387783816, -32.93057050998892], [-53.35801604229004, -32.9318421896773], [-53.352451106914536, -32.92900223935832], [-53.34537137903706, -32.930309289996444], [-53.34118630508775, -32.92959201496986], [-53.33680082015778, -32.9314526274599], [-53.333014657991875, -32.93039545917648], [-53.331813303046914, -32.93170567969455], [-53.32916219216983, -32.93172536598967], [-53.32773403488189, -32.93465343325595], [-53.34519806280997, -32.93969382124131], [-53.36457799631587, -32.94082137349492], [-53.40560204247469, -32.938459994600265], [-53.44140063466966, -32.9400110119666], [-53.47487615186885, -32.94379800250119], [-53.48582015563467, -32.94634482482092], [-53.49329891597847, -32.949800209737184], [-53.49549712882864, -32.949543347562816], [-53.49605007192903, -32.951716822443295], [-53.50013188891317, -32.95427082096671], [-53.50282607391161, -32.9596384650131], [-53.502867707592415, -32.976611892011675], [-53.50398202274485, -32.97983222900354], [-53.50948176436612, -32.98013157893272], [-53.51190931519047, -32.98303342697328], [-53.51835360281882, -32.98570226577062], [-53.52293932654905, -32.99245612164275], [-53.5239507828384, -32.99680112556041], [-53.521258775065576, -33.00373756136985], [-53.5219125855647, -33.006183181306675], [-53.532354290480335, -33.01408007443526], [-53.55210597751363, -33.023252940512265], [-53.56626337013847, -33.033378306991764], [-53.56734455678631, -33.03927359403325], [-53.57094314502763, -33.04213222138446], [-53.57122568868664, -33.0508805660192], [-53.569118629305684, -33.06567039556953], [-53.57032550912031, -33.067476697423054], [-53.57126779991358, -33.06746650821349], [-53.57112014709016, -33.064831873247414], [-53.57311842734034, -33.060721290189655], [-53.5781956239968, -33.05589941177296], [-53.58396934683754, -33.05273019024804], [-53.58394834743576, -33.053568093789785], [-53.586802175196965, -33.05287064634653], [-53.58703581327692, -33.05422685393625], [-53.58882574712164, -33.05455606558126], [-53.591654549864984, -33.048431785197586], [-53.58972171483781, -33.04868597732422], [-53.58893613577141, -33.050997595354325], [-53.58640196708351, -33.04876229071923], [-53.5892809580959, -33.04747933480046], [-53.587022532045964, -33.04534808360989], [-53.58923072809736, -33.04349436605219], [-53.59027907997756, -33.044369255036294], [-53.599787867385345, -33.04415882025447], [-53.607014828446495, -33.046197053414886], [-53.6078653550057, -33.045130353305524], [-53.6084523337183, -33.04649274089008], [-53.61621627098435, -33.05064010401179], [-53.61824074997607, -33.06185266934052], [-53.61546731274353, -33.07228713646055], [-53.61453499663309, -33.07319019833004], [-53.61501823549257, -33.06750195903726], [-53.61368781987703, -33.06848817515964], [-53.61233164262716, -33.07570244243334], [-53.60831263147211, -33.08536668917275], [-53.60244396561996, -33.09100508290505], [-53.59993725790322, -33.09190728982911], [-53.59786809869724, -33.091149641305556], [-53.600538014839586, -33.09444173731083], [-53.62202739039091, -33.10581601320711], [-53.63705616777601, -33.11836364016696], [-53.64035413894383, -33.12278353773966], [-53.64089897114639, -33.12153105440865], [-53.64195016139292, -33.121909824055486], [-53.642571033515225, -33.126742954536134], [-53.64142485465677, -33.13155447707056], [-53.63717921537864, -33.14042245810913], [-53.630685106144654, -33.1465740280384], [-53.63078998216504, -33.149712631827185], [-53.62646544877037, -33.14779840831128], [-53.6251234968658, -33.14443088490798], [-53.62615840817189, -33.14287155760889], [-53.62380832617209, -33.14301979237881], [-53.621827347236966, -33.13993851766079], [-53.62401661405168, -33.13848953240572], [-53.62115463394918, -33.13898030789493], [-53.626190722589634, -33.148442429073], [-53.63024522974219, -33.15036866597699], [-53.6400394138078, -33.15041780261137], [-53.65937799594455, -33.15487183744592], [-53.673671892123366, -33.1535415011113], [-53.68593761927706, -33.140663185084776], [-53.6948074413776, -33.13464754979649], [-53.70830646594406, -33.11995747778862], [-53.71281114694224, -33.116872144939684], [-53.73355012434408, -33.113793259725384], [-53.74110340344701, -33.1037794274493], [-53.75248162079738, -33.09570657855644], [-53.757946420024794, -33.073463900639446], [-53.78148198383553, -33.04592791224253], [-53.78427988986291, -33.04468620601873], [-53.788337906744026, -33.03803654301019], [-53.790154833522344, -33.03175354834043], [-53.78977296388425, -33.02061170674249], [-53.792326636922546, -33.01703489227318], [-53.82032710077886, -32.99502311612712], [-53.84929695649751, -32.980919222876274], [-53.86212265331044, -32.97646583790419], [-53.86910557884976, -32.971958107266], [-53.886885667111265, -32.963904702134585], [-53.88966980936074, -32.96038814876449], [-53.88568144914957, -32.948972895254], [-53.888211183185305, -32.93934648998286], [-53.89707257887764, -32.92625651462109], [-53.901147713453476, -32.914802324387246], [-53.904061020063445, -32.91102358305062], [-53.91285450192933, -32.910439873140135], [-53.92618277705834, -32.90187429009462], [-53.929549537867615, -32.89348351725059], [-53.92600463581373, -32.89015664721704], [-53.92453114490512, -32.88579488050958], [-53.92435694513448, -32.872836137689994], [-53.926555488388004, -32.87232300840366], [-53.930088587424734, -32.8679469624442], [-53.928465953176946, -32.85834200882795], [-53.93273867810662, -32.852890639411136], [-53.93293287828014, -32.85057919470166], [-53.93613876916579, -32.84836475522188], [-53.942773211253716, -32.848408123975084], [-53.95326750281557, -32.84330198460211], [-53.96015303702864, -32.84402980864889], [-53.96193082249675, -32.83697794272631], [-53.96753607418769, -32.830101573403866], [-53.97386927662654, -32.826441763619236], [-53.97803907705332, -32.8220552792009], [-53.98553309152572, -32.8219762452847], [-53.98538192400208, -32.81846634328864], [-53.987700751086265, -32.81386474940161], [-53.99107701507734, -32.81197181822784], [-53.992397203598465, -32.80904691101998], [-53.99219950973382, -32.804158299556725], [-53.993549338752395, -32.803426130418984], [-53.99419119041167, -32.797359506231956], [-54.00377578441329, -32.7891038701439], [-54.015726390562754, -32.78852307670272], [-54.018049521076996, -32.78730339069786], [-54.020104212572576, -32.78094348682886], [-54.025434435375445, -32.77763664729021], [-54.022874811806155, -32.768392470777535], [-54.02357297248957, -32.76683640693217], [-54.02068568760875, -32.7621589148845], [-54.011129390857576, -32.76180292918216], [-53.99883963246362, -32.769732943170524], [-53.99765339267795, -32.773672750088], [-53.99035340983287, -32.776625879379424], [-53.97866593594734, -32.777979297979016], [-53.9760510355806, -32.78156471320524], [-53.9748105172295, -32.78785415876533], [-53.97280496680671, -32.79069743746895], [-53.96802597058916, -32.79365817598079], [-53.96203892289295, -32.793713275779574], [-53.948518248039626, -32.799277880305155], [-53.93140789280769, -32.79687644174489], [-53.91810830279953, -32.8021794489915], [-53.91071340655154, -32.79871305510229], [-53.9038234109043, -32.80142708481801], [-53.89863179281861, -32.8064479294879], [-53.89745405362833, -32.80951662619633], [-53.88971970963216, -32.8144983984503], [-53.87286930989993, -32.81655665265472], [-53.86821936238755, -32.81561317982304], [-53.85928454018636, -32.8109435973942], [-53.854134464008304, -32.806139075238484], [-53.84406962559344, -32.805819500036044], [-53.83973389079757, -32.80704486088833], [-53.833502097767905, -32.81158537917624], [-53.82521146476596, -32.81130738852937], [-53.82061999782238, -32.813156241009395], [-53.8058132364909, -32.814397351567195], [-53.7978309468586, -32.81344384439128], [-53.78162823900042, -32.81555545501376], [-53.77917293257062, -32.81624296306958], [-53.77458790163346, -32.8211296039179], [-53.77157956720606, -32.82661738351909], [-53.7625721103762, -32.82950188836851], [-53.75687420444614, -32.82697222716828], [-53.74884615635665, -32.825577399978805], [-53.73256094485929, -32.823452792568844], [-53.7138681485031, -32.82309557409091], [-53.69345820421248, -32.81831676951238], [-53.686977185237275, -32.81334913898125], [-53.67172444961972, -32.81064746125265], [-53.644504486700605, -32.81377455131515], [-53.621074975006486, -32.81938177797264], [-53.61282579785894, -32.825109103820665], [-53.59823751588911, -32.831791998321606], [-53.58830803339035, -32.832824604461436], [-53.57143781536212, -32.82786870853653], [-53.56332082787661, -32.82158720372671], [-53.55327201505174, -32.81607378562193], [-53.52275022538115, -32.81853281678612], [-53.50909279786965, -32.82225923358293], [-53.47350384280573, -32.818904863235126], [-53.45684027113549, -32.82049042872992], [-53.44800668498384, -32.83207594988368], [-53.44368393568376, -32.84747995661192], [-53.436048844101, -32.86334313814509], [-53.428569306575845, -32.86808081867259], [-53.4198683450895, -32.859382366679526], [-53.407926747903005, -32.85115092788192], [-53.38596155619958, -32.84416216892348], [-53.378347196297234, -32.84501456213317], [-53.35733841469858, -32.854348757875705], [-53.34635711745612, -32.856395603500786], [-53.339940466133825, -32.85619763003948], [-53.33366672938792, -32.843730020286564], [-53.323284818295406, -32.835656443581364], [-53.310567583233265, -32.82037328353423], [-53.31364511592631, -32.79700615061998], [-53.313152709199166, -32.78817732096085], [-53.310343736539586, -32.77668234143729], [-53.306257304119846, -32.773775641742375]]]}}, {"id": "26", "type": "Feature", "properties": {"codcuenca": 43, "area": 5307, "nombre_cue": "RÍO OLIMAR GRANDE", "cabecera": 43}, "geometry": {"type": "Polygon", "coordinates": [[[-54.496248346805025, -32.785594661110174], [-54.49368429783024, -32.78417424895515], [-54.48757573694527, -32.78819854805133], [-54.482321045490195, -32.78842092993527], [-54.47610282807849, -32.794640740004425], [-54.46747408563073, -32.792302986182705], [-54.46492037409412, -32.78795907258272], [-54.458835575294096, -32.78296970075422], [-54.45353163160746, -32.78148868090045], [-54.450343177533796, -32.78201032215045], [-54.44922170756703, -32.786141977114944], [-54.45262728858447, -32.79009214973408], [-54.45079554901977, -32.79188711840264], [-54.450476386609296, -32.795948583856216], [-54.4483548460739, -32.79984542650577], [-54.44279686471527, -32.80363243598295], [-54.43574809763168, -32.803701001854606], [-54.43372499033744, -32.80672760504277], [-54.42323159626861, -32.812782548905005], [-54.41978672823737, -32.81876933176088], [-54.414867456370295, -32.82002155507987], [-54.414665141374236, -32.821979160570855], [-54.410598360276694, -32.82367616484164], [-54.41112460387507, -32.83000195875737], [-54.40784588781274, -32.83371807648864], [-54.409300462169234, -32.835842549576135], [-54.40925996087728, -32.84074320593897], [-54.408744499953194, -32.84332654581771], [-54.40687740189121, -32.84469735977288], [-54.39866069451213, -32.84343931206537], [-54.38776371435196, -32.843675650205455], [-54.38190969614467, -32.84919510666168], [-54.368261530423766, -32.85303188704894], [-54.36707380164351, -32.857373438875236], [-54.35819764581771, -32.858505404910844], [-54.352627590071556, -32.85727970968682], [-54.35000798129764, -32.85971728197636], [-54.34257180103297, -32.862171352798015], [-54.340614322519095, -32.860914577177866], [-54.334344583800686, -32.86040575762506], [-54.333863313384995, -32.8635212866671], [-54.32551194808129, -32.87445605714606], [-54.314569711018706, -32.87556050781229], [-54.30580810329102, -32.869721926675545], [-54.2959605051611, -32.86769800391326], [-54.292070284636445, -32.868323103495875], [-54.28630172547947, -32.87162898248423], [-54.28489767607628, -32.88043061894316], [-54.28648236322173, -32.883353188432835], [-54.28622890643982, -32.88814069196929], [-54.290301798259776, -32.896537144026375], [-54.289178399487525, -32.901894811737165], [-54.29364296998965, -32.91261858265601], [-54.29125908812576, -32.92064385758679], [-54.296582365608515, -32.92815557141717], [-54.29506022431298, -32.93564482372342], [-54.295981089887896, -32.94226105449773], [-54.29293198304824, -32.94440182436235], [-54.28758243283818, -32.94513559323888], [-54.28668098203306, -32.947519940257685], [-54.28641802137585, -32.95789622264177], [-54.28752912098655, -32.96342603848125], [-54.28642632612849, -32.96700881903735], [-54.291642991602984, -32.97973451192538], [-54.29158778153579, -32.995534210431295], [-54.29355889887048, -33.00044192989063], [-54.29128788530664, -33.0107232901303], [-54.28641444179002, -33.01864840823739], [-54.28584374736387, -33.026414780540314], [-54.28722739350454, -33.03157802646416], [-54.28718464899037, -33.039865150489064], [-54.290618585306305, -33.0440958997948], [-54.292777750709554, -33.04971833140339], [-54.292135002135346, -33.05203320860651], [-54.2881929246536, -33.055759779939784], [-54.28777874550904, -33.059819382075396], [-54.2882889232569, -33.065269257404296], [-54.290600949813026, -33.06616825729801], [-54.29196948380542, -33.07184625214732], [-54.29141908816052, -33.08388827206067], [-54.2860166502118, -33.092242309832415], [-54.2875248857727, -33.09480099786176], [-54.286535914228914, -33.10219236732152], [-54.281401745533465, -33.10989617676971], [-54.274783615720494, -33.11255593880225], [-54.27059867326116, -33.116302231282354], [-54.261446946883794, -33.11722592182954], [-54.259717600235916, -33.12010492375002], [-54.25241628425702, -33.12321227683026], [-54.25170901768196, -33.128260530834595], [-54.24667548808655, -33.13303179410463], [-54.2430668025928, -33.1321686896974], [-54.24066114506437, -33.13325411705064], [-54.24025242731126, -33.13637245574635], [-54.23618468293055, -33.14145283378787], [-54.22952595054605, -33.143079502544836], [-54.21991539377063, -33.14169368777101], [-54.21464769205608, -33.14460144422551], [-54.2036864994547, -33.13970190867406], [-54.196225234034046, -33.1416883350429], [-54.18271014811947, -33.141179829123764], [-54.17509584171928, -33.14354765154049], [-54.17181890586637, -33.14692727107886], [-54.16816528025581, -33.1485374060533], [-54.16401827073452, -33.14811115843021], [-54.16260966994371, -33.1525546460861], [-54.16746555394765, -33.15767534288636], [-54.1621496142326, -33.16303428660903], [-54.1456313283589, -33.16690602399977], [-54.11846158093105, -33.16356735532415], [-54.108814970490094, -33.173252953122876], [-54.08435187854333, -33.177827308382376], [-54.07003466387107, -33.18850973912894], [-54.05943339060172, -33.194026621813755], [-54.03786018042252, -33.1996300601579], [-54.015473705098756, -33.2012844604194], [-54.005001390596426, -33.20467707435261], [-53.99225845218691, -33.20585519452563], [-53.99435456984828, -33.21248659405154], [-53.992663851020865, -33.21628934274499], [-53.98779793227776, -33.21765378274587], [-53.98227548404374, -33.223234401109686], [-53.96150772853494, -33.22739429511121], [-53.95089153969795, -33.23146283361445], [-53.92168629129121, -33.23358941972668], [-53.916989498283776, -33.242156893431556], [-53.89796800617244, -33.25363873462309], [-53.877580201005706, -33.268395781289215], [-53.87062242412907, -33.27161589491964], [-53.86898195394706, -33.274150360621654], [-53.862480855478374, -33.27669714169074], [-53.86238819981502, -33.278838430533156], [-53.86698898603506, -33.27897573658261], [-53.87160389091867, -33.28240782473342], [-53.88799399767783, -33.28291341303537], [-53.89802028101323, -33.282005554344856], [-53.91244002533771, -33.27774031674369], [-53.93761571753274, -33.279243159400544], [-53.958713383121776, -33.28331173200944], [-53.97444562786096, -33.292677309254046], [-53.981944394578086, -33.29556063382401], [-53.98678011744709, -33.29470619017057], [-53.99862014438789, -33.29636340812047], [-54.02937481786581, -33.30747804605144], [-54.061486084458764, -33.311097578653055], [-54.079922435183384, -33.301710974395235], [-54.120053909437324, -33.31167734640022], [-54.140556821402704, -33.30279409455404], [-54.14495012490964, -33.30545336512303], [-54.1869552108235, -33.305892808352844], [-54.20050301881451, -33.308781745738386], [-54.213791182690564, -33.30375073343505], [-54.25595132605923, -33.30303805142016], [-54.26238564392308, -33.30470090146882], [-54.28108858495978, -33.31310324009854], [-54.29746703378684, -33.31346620524578], [-54.32516579545914, -33.30860680780993], [-54.344689287349006, -33.29949258554528], [-54.35135645948988, -33.29507130117273], [-54.36417478705355, -33.29245133819943], [-54.37750547839266, -33.28360620772674], [-54.38346779623631, -33.277874386964896], [-54.383736322905264, -33.274199106225396], [-54.39182418235875, -33.26513166604767], [-54.398916068263524, -33.259331719069934], [-54.414575664380905, -33.255896872299374], [-54.41840455073274, -33.26047780767459], [-54.4217332801392, -33.262001677618635], [-54.43008085892801, -33.26002543379639], [-54.44910757489052, -33.26303381141708], [-54.45279504746743, -33.265258668023556], [-54.456210542687955, -33.271485370021885], [-54.46814833734987, -33.273441694584136], [-54.47061706338393, -33.28350823863436], [-54.474885247133756, -33.292554296132835], [-54.47971315259833, -33.30796994312456], [-54.485232177005585, -33.31636439171937], [-54.48725320482004, -33.32439477904582], [-54.49605950244539, -33.344817184620105], [-54.50092766248912, -33.346407730273995], [-54.50519255810887, -33.35018710027091], [-54.512243319130604, -33.34868346201275], [-54.52504309361719, -33.349796253465016], [-54.53679251916263, -33.34533975319455], [-54.54127797021155, -33.34489495411159], [-54.551358693333, -33.348102288515534], [-54.553204363865035, -33.35179761054921], [-54.55265640177806, -33.35395482440957], [-54.548444917044684, -33.35769275333167], [-54.55924689973806, -33.38234240237748], [-54.56025096836569, -33.39395734342074], [-54.562319880501065, -33.39920837304882], [-54.57380826745805, -33.39981279377314], [-54.579612251, -33.40281211101319], [-54.58320719480348, -33.41052954697438], [-54.58862928698815, -33.41303435547357], [-54.597185444790476, -33.41442521306713], [-54.60308091096138, -33.41088634433088], [-54.61016070887104, -33.40956252985501], [-54.61371975556081, -33.41009511853339], [-54.61887328601155, -33.413592276799186], [-54.62096636156263, -33.412656723602325], [-54.626661249365746, -33.40466287149074], [-54.62503587381316, -33.40097305374761], [-54.62957093713398, -33.39907062810597], [-54.63548970419133, -33.399666680481204], [-54.644926945457726, -33.39726924209715], [-54.65071404826222, -33.39807948621806], [-54.654358016464776, -33.39530331015611], [-54.66352401358639, -33.39387458955064], [-54.66868752872788, -33.39612614594453], [-54.670733709585704, -33.39426463115056], [-54.67356914838249, -33.39418233145798], [-54.67450292644817, -33.39170513687577], [-54.68180258070489, -33.395121382846135], [-54.68547496055572, -33.40012576311154], [-54.69325135835108, -33.40667973107358], [-54.70596043770403, -33.41046693094888], [-54.71036612153948, -33.41882730277938], [-54.71049108819788, -33.423196256650186], [-54.72045952340279, -33.42867516285412], [-54.72408771778942, -33.43689083125292], [-54.72606577335217, -33.43737374161069], [-54.72695821001678, -33.44223871741022], [-54.73394648714481, -33.44189976987208], [-54.73798789704741, -33.44892090926187], [-54.74489127945556, -33.4556336192252], [-54.7504715677861, -33.45849148694589], [-54.75031003983133, -33.460470332336904], [-54.752598280182966, -33.461620827913606], [-54.75484266362876, -33.46643048272205], [-54.7594291805757, -33.46793289971566], [-54.76272921303632, -33.47125187058286], [-54.767583366214176, -33.47226694035388], [-54.76863636829952, -33.47479669807998], [-54.771850781413306, -33.47535748644021], [-54.77253047751142, -33.47656785275465], [-54.78274247896183, -33.4770424900726], [-54.78712053324039, -33.47608028138208], [-54.793402986254485, -33.48224201107083], [-54.80019213747471, -33.48550172097525], [-54.80243212570409, -33.49097587256594], [-54.80661350085354, -33.491510238183515], [-54.80970930841712, -33.493944482703924], [-54.81266541902777, -33.49890929742348], [-54.813247102115774, -33.503638111251796], [-54.81687460723886, -33.50592923427017], [-54.82021615676038, -33.51193281325396], [-54.81760458426973, -33.51864371836956], [-54.824157314967586, -33.52169816750593], [-54.825085370334584, -33.524491600095004], [-54.833087495731924, -33.526417387210145], [-54.836591286102994, -33.532832305412086], [-54.832926900444704, -33.53729046681205], [-54.84376003367776, -33.55401764262201], [-54.847997364973175, -33.5533592187244], [-54.85475570909584, -33.548573425389456], [-54.86186524881255, -33.549404971448254], [-54.86839583301605, -33.546517176681824], [-54.88065775032445, -33.54790461969972], [-54.8843807739809, -33.55234440245709], [-54.89069127900138, -33.555235118082], [-54.89473463359845, -33.553364266231455], [-54.90607488827755, -33.55379249628405], [-54.91382004131631, -33.54710968731272], [-54.91694654226121, -33.540307636778216], [-54.92203148459878, -33.537320280332004], [-54.932351578633785, -33.5359083744587], [-54.93847573463574, -33.533624737226546], [-54.94154368433102, -33.52936713190858], [-54.94772139883174, -33.526355905571485], [-54.96442556557115, -33.53293015226481], [-54.96724675359635, -33.532411662598875], [-54.977966168262896, -33.52379596787155], [-54.989318011664096, -33.523093309177014], [-55.00506720029482, -33.52647810266251], [-55.021473828968844, -33.53720793951321], [-55.02715935408557, -33.53586136075571], [-55.031449991507934, -33.53677115025091], [-55.04510865784922, -33.53579930785905], [-55.05162710818697, -33.53350641557972], [-55.05772338504811, -33.53967292831456], [-55.05980152220392, -33.54030851698091], [-55.062438066479636, -33.539451841373335], [-55.06407121748797, -33.53406093208708], [-55.07583460431523, -33.52509797054518], [-55.08547735942888, -33.52483902789847], [-55.09041356549482, -33.52757328372237], [-55.09631636404197, -33.52787504568083], [-55.11063559612664, -33.51976773531103], [-55.127266444013486, -33.516403654449135], [-55.13845819836011, -33.512724069393386], [-55.14227510604717, -33.509567032176975], [-55.144218086573375, -33.503431473040344], [-55.142331868710535, -33.498040180046566], [-55.142095732645984, -33.489375066299246], [-55.149031145720656, -33.47827234381381], [-55.149368430520155, -33.46751147168666], [-55.14451809304647, -33.4636113637804], [-55.13209942028387, -33.458809511186665], [-55.12805381365872, -33.44527160975912], [-55.132078680025394, -33.436276479517424], [-55.136963548062376, -33.431559541780146], [-55.1459643540818, -33.42867109384192], [-55.14822642047473, -33.42634906595271], [-55.15344888200832, -33.4243436148061], [-55.15230130152648, -33.42170253633678], [-55.14701962788155, -33.41964206050065], [-55.15061109564798, -33.407539477102176], [-55.154446602984706, -33.405513122172856], [-55.15639369884686, -33.40244998666729], [-55.15865684048728, -33.387629831499446], [-55.1568043938696, -33.383253494110484], [-55.15962458730695, -33.37589904562626], [-55.158146834186496, -33.37361106615936], [-55.152212962844104, -33.37046439082902], [-55.147103522084, -33.36209019441579], [-55.148382635666074, -33.35731016984606], [-55.143455425443506, -33.35240943779449], [-55.143602267786626, -33.34799746417923], [-55.14147753792868, -33.34500161133531], [-55.13567912922029, -33.34075453353107], [-55.12967883651941, -33.339517665108914], [-55.12961221472176, -33.336505737046465], [-55.13197231339942, -33.33282927960307], [-55.131922276712075, -33.32763404744748], [-55.138231585228546, -33.32473679210888], [-55.141605897326095, -33.31601588264817], [-55.1307128723456, -33.30985922675737], [-55.127431768248336, -33.30509826664297], [-55.12656296576684, -33.30147965976514], [-55.12022056587925, -33.299202299948526], [-55.11875748949435, -33.2923039263011], [-55.1148228262588, -33.28936913982293], [-55.11053543444464, -33.287387898159686], [-55.107948056515106, -33.28779729471496], [-55.09776325427094, -33.29273724242727], [-55.08887959208313, -33.287453195868906], [-55.0912523075507, -33.286118732166806], [-55.09165500999414, -33.284266796262095], [-55.090039135707876, -33.27236515848741], [-55.091669380943664, -33.270266344219465], [-55.10062975529334, -33.263571924076196], [-55.10575400033003, -33.25724534200583], [-55.11400521454305, -33.25026452526333], [-55.11702360228293, -33.24849880278854], [-55.123471307007755, -33.248985786455194], [-55.12510783851905, -33.24590777720644], [-55.124309906251284, -33.24156279797246], [-55.12859483773645, -33.235160126845116], [-55.13404705136897, -33.23684582663607], [-55.139623026769954, -33.23401451585368], [-55.14080288868717, -33.23198792936229], [-55.140557305845704, -33.22889971429244], [-55.13561202242314, -33.22392045262138], [-55.13534097834782, -33.21976178921572], [-55.13038351304757, -33.21205555717069], [-55.127443489616795, -33.21000685151991], [-55.12262742620427, -33.20931754256482], [-55.11466996981732, -33.19412609925554], [-55.115674864935094, -33.19157173881561], [-55.126090542788354, -33.187864018701475], [-55.128450129142294, -33.183735764090514], [-55.12758806103805, -33.179207167725835], [-55.1252589929653, -33.17597212761088], [-55.12554842872819, -33.1651231624009], [-55.12385573526575, -33.164059905000805], [-55.127831461084945, -33.15961873862793], [-55.1243083904401, -33.14932648685891], [-55.117382942252064, -33.14363035338827], [-55.12260322385701, -33.13675466472303], [-55.13825730503411, -33.12972902826387], [-55.13696038852964, -33.12369878945743], [-55.13515446477529, -33.12050252531827], [-55.12956064158921, -33.117826069473665], [-55.131273515522764, -33.116899067774575], [-55.132702597850795, -33.106961256610106], [-55.13110629644379, -33.102368623173376], [-55.120283568669265, -33.09454792845552], [-55.11755492826222, -33.08976630194273], [-55.111896411348056, -33.08516283898834], [-55.10343538930589, -33.08093730412908], [-55.10153931804017, -33.077164964313106], [-55.09055847100879, -33.07522745604117], [-55.076607511645676, -33.07681496049493], [-55.069742494700186, -33.07326983954901], [-55.06547430653023, -33.06949994174314], [-55.058139829928535, -33.069019627442756], [-55.05546297017048, -33.06650581486829], [-55.03748946774712, -33.061131666141435], [-55.037613837864924, -33.05822691972982], [-55.042099906291874, -33.04958918313331], [-55.03903091271789, -33.04831059422865], [-55.03712316258188, -33.04503801227808], [-55.033794282223255, -33.04331303371474], [-55.01869231013756, -33.039587878926085], [-55.01441789404849, -33.035410766054056], [-55.015582252502696, -33.031037403442774], [-55.01176061026275, -33.02463444413887], [-55.01046570216136, -33.01451339492678], [-55.007091404861725, -33.00982452405104], [-55.00535649891381, -33.000169358909226], [-55.00895659908897, -32.99738972901664], [-55.01045985698149, -32.99444316671165], [-55.019527012176816, -32.992088638819006], [-55.02553600454393, -32.98195009161361], [-55.031830082907454, -32.97831860952625], [-55.03305492912186, -32.975525014468595], [-55.03173327304053, -32.96828223460392], [-55.02460429025187, -32.96580274393066], [-55.022984768166985, -32.96336279684571], [-55.019508820082855, -32.96268320914819], [-55.018514367216305, -32.96034323036058], [-55.020508721455805, -32.95389894772541], [-55.01639462658851, -32.94959464166079], [-55.01605854763144, -32.945858508610215], [-55.01268303828235, -32.94155871181039], [-55.00946189229739, -32.9406826588339], [-55.00724027345437, -32.941524297211465], [-55.00588155164729, -32.938715150026496], [-55.00712449469656, -32.933822131380566], [-54.98928632953196, -32.9274843013662], [-54.97101572243277, -32.91834055581635], [-54.9622520141989, -32.91871133850947], [-54.955388310027196, -32.922592286129166], [-54.943205067733054, -32.92344286261898], [-54.94020638999966, -32.922817474218554], [-54.93302293681421, -32.91769384037456], [-54.925911017989094, -32.91869340489327], [-54.91944038023596, -32.916492910106335], [-54.91500011810756, -32.916532208485265], [-54.90238750686064, -32.92082942309747], [-54.90069797165678, -32.91298552963705], [-54.90384779187427, -32.908600195336106], [-54.90358779450469, -32.906631191526685], [-54.89398073335943, -32.9019084957874], [-54.8874566899297, -32.89391106772073], [-54.88386209767081, -32.892796911684606], [-54.8853010770358, -32.8882810261431], [-54.88264084152076, -32.88460465197313], [-54.87602134685926, -32.88391742258994], [-54.870281703590194, -32.87930931049022], [-54.87033995188883, -32.87687959863533], [-54.865920265979696, -32.87050936773957], [-54.856952842996485, -32.865254602942585], [-54.856698441265394, -32.85986174987507], [-54.850859781014556, -32.852224414768834], [-54.84540750880279, -32.85172462270971], [-54.84341339682992, -32.850339745893805], [-54.83257717237983, -32.85157327147059], [-54.827044148086635, -32.84930819931355], [-54.82204219224326, -32.85198518533642], [-54.8063019606625, -32.84700532719255], [-54.79472046002497, -32.84662745371973], [-54.78665611132711, -32.851557540379346], [-54.77577252738621, -32.84807598369552], [-54.76380198312667, -32.84078061419385], [-54.75409013469616, -32.83726921273874], [-54.749483685161316, -32.84023240725407], [-54.74023962763979, -32.840154463296756], [-54.73703017996638, -32.83243723229887], [-54.73821399952741, -32.829139450530086], [-54.72837829025805, -32.823406297773346], [-54.72554866232307, -32.81970477353404], [-54.72589774323243, -32.81627528846614], [-54.712208529371324, -32.806122575827104], [-54.70561874069432, -32.80520749911035], [-54.6961819244634, -32.796376631708625], [-54.67943560288386, -32.79499137038876], [-54.676275351331604, -32.79671416503668], [-54.67384498867646, -32.80423962617228], [-54.66817167300585, -32.80655580371803], [-54.667338130305, -32.81284314895219], [-54.65869659072803, -32.8135365449468], [-54.65659843582733, -32.81901739297568], [-54.65241518071722, -32.82258423831163], [-54.642539476128015, -32.822050375854175], [-54.63933794295294, -32.8261538934133], [-54.64091584396035, -32.82975410837778], [-54.64048616838795, -32.83155117018709], [-54.63606944811359, -32.83528377946212], [-54.63611283299996, -32.83974389801578], [-54.6243793016304, -32.843579337654816], [-54.618365328691446, -32.84102632980742], [-54.6174988589929, -32.832155499617876], [-54.61120239982426, -32.82877266469942], [-54.59908916544649, -32.827087742363986], [-54.59145236241529, -32.81842099350503], [-54.58243794039953, -32.81574248359214], [-54.57561792680791, -32.80064418436589], [-54.55687476047351, -32.79512901592021], [-54.550443524798325, -32.794941499447276], [-54.543923521273165, -32.80051486705617], [-54.54397828537659, -32.80439244005544], [-54.540351012413375, -32.80583295891263], [-54.53675104563643, -32.80533513772802], [-54.531567360789346, -32.80860588220697], [-54.52916821810368, -32.80821231255795], [-54.52682579354075, -32.79995331843029], [-54.52544708877982, -32.798881023527834], [-54.51820580352305, -32.79908499033469], [-54.509309674864355, -32.79065494867065], [-54.508596823552566, -32.7870475192357], [-54.509499955640074, -32.78299396766914], [-54.50789522034213, -32.7805681226654], [-54.496248346805025, -32.785594661110174]]]}}, {"id": "27", "type": "Feature", "properties": {"codcuenca": 44, "area": 12117, "nombre_cue": "RÍO CEBOLLATÍ", "cabecera": 43}, "geometry": {"type": "Polygon", "coordinates": [[[-54.02357297248957, -32.76683640693217], [-54.022874811806155, -32.768392470777535], [-54.025434435375445, -32.77763664729021], [-54.020104212572576, -32.78094348682886], [-54.018049521076996, -32.78730339069786], [-54.015726390562754, -32.78852307670272], [-54.00377578441329, -32.7891038701439], [-53.99419119041167, -32.797359506231956], [-53.993549338752395, -32.803426130418984], [-53.99219950973382, -32.804158299556725], [-53.992397203598465, -32.80904691101998], [-53.99107701507734, -32.81197181822784], [-53.987700751086265, -32.81386474940161], [-53.98538192400208, -32.81846634328864], [-53.98553309152572, -32.8219762452847], [-53.97803907705332, -32.8220552792009], [-53.97386927662654, -32.826441763619236], [-53.96753607418769, -32.830101573403866], [-53.96193082249675, -32.83697794272631], [-53.96015303702864, -32.84402980864889], [-53.95326750281557, -32.84330198460211], [-53.942773211253716, -32.848408123975084], [-53.93613876916579, -32.84836475522188], [-53.93293287828014, -32.85057919470166], [-53.93273867810662, -32.852890639411136], [-53.928465953176946, -32.85834200882795], [-53.930088587424734, -32.8679469624442], [-53.926555488388004, -32.87232300840366], [-53.92435694513448, -32.872836137689994], [-53.92453114490512, -32.88579488050958], [-53.92600463581373, -32.89015664721704], [-53.929549537867615, -32.89348351725059], [-53.92618277705834, -32.90187429009462], [-53.91285450192933, -32.910439873140135], [-53.904061020063445, -32.91102358305062], [-53.901147713453476, -32.914802324387246], [-53.89707257887764, -32.92625651462109], [-53.888211183185305, -32.93934648998286], [-53.88568144914957, -32.948972895254], [-53.88966980936074, -32.96038814876449], [-53.886885667111265, -32.963904702134585], [-53.86910557884976, -32.971958107266], [-53.86212265331044, -32.97646583790419], [-53.84929695649751, -32.980919222876274], [-53.82032710077886, -32.99502311612712], [-53.792326636922546, -33.01703489227318], [-53.78977296388425, -33.02061170674249], [-53.790154833522344, -33.03175354834043], [-53.788337906744026, -33.03803654301019], [-53.78427988986291, -33.04468620601873], [-53.78148198383553, -33.04592791224253], [-53.757946420024794, -33.073463900639446], [-53.75248162079738, -33.09570657855644], [-53.74110340344701, -33.1037794274493], [-53.73355012434408, -33.113793259725384], [-53.71281114694224, -33.116872144939684], [-53.70830646594406, -33.11995747778862], [-53.6948074413776, -33.13464754979649], [-53.68593761927706, -33.140663185084776], [-53.673671892123366, -33.1535415011113], [-53.65937799594455, -33.15487183744592], [-53.6400394138078, -33.15041780261137], [-53.63024522974219, -33.15036866597699], [-53.626190722589634, -33.148442429073], [-53.62115463394918, -33.13898030789493], [-53.61657000218783, -33.14024304035238], [-53.610934062111575, -33.148454696995266], [-53.610398360582415, -33.150608558286024], [-53.616394419749014, -33.15254873095181], [-53.63141908999819, -33.16151653362165], [-53.65013496655216, -33.16841225087043], [-53.65824044728548, -33.174604208632246], [-53.66739353997469, -33.20442613757857], [-53.65992097368357, -33.24465266686561], [-53.66763861210375, -33.25707347339995], [-53.67027584507426, -33.26504654792376], [-53.67403049139766, -33.27053972451392], [-53.68546760443419, -33.28076531186683], [-53.702887058516296, -33.29013013137714], [-53.70388219957467, -33.30010427645338], [-53.6947648344694, -33.30629237967618], [-53.6977920858097, -33.317839049224304], [-53.70269855997388, -33.32981379382665], [-53.71854015649869, -33.34684692442242], [-53.71805758096402, -33.35697207375245], [-53.73155769680483, -33.36307509309021], [-53.76428224925907, -33.36084848874731], [-53.77367116645304, -33.36587679953048], [-53.78889582558907, -33.36981739558173], [-53.797719219392306, -33.375093462947156], [-53.811051312565084, -33.375307881804275], [-53.82813773078193, -33.372826082844725], [-53.85779433953461, -33.37708127221426], [-53.86606475697642, -33.37144865836183], [-53.88086594836376, -33.37417504013043], [-53.89727002452321, -33.37013348942087], [-53.91789997039575, -33.36275289195725], [-53.92524295501451, -33.36396334362676], [-53.931676580448645, -33.36941952996365], [-53.9335465983945, -33.38154014278317], [-53.94265274182609, -33.38165388645807], [-53.95798792051612, -33.38627977595371], [-53.95717373513119, -33.39726087578655], [-53.94408383187856, -33.403237043362886], [-53.938183680242865, -33.4105236648114], [-53.94143822665176, -33.41626730589884], [-53.95270432383914, -33.427728749880146], [-53.959960594081174, -33.42895282449723], [-53.97942663775858, -33.44545766983381], [-53.99474499562146, -33.45297853705091], [-53.99620626142611, -33.45705808723348], [-53.998882454298425, -33.459671654598374], [-54.004801293098154, -33.47805805634261], [-54.01599245991953, -33.48525836397902], [-54.041142017280116, -33.48772956973734], [-54.057852933897166, -33.492188923756025], [-54.08932418833421, -33.49219546286215], [-54.107917697976426, -33.48189995152212], [-54.11617266370461, -33.4913601150127], [-54.135585421293676, -33.50348090707384], [-54.14302854607373, -33.51781798769308], [-54.14931435799886, -33.5243951310865], [-54.15328382803685, -33.537356544491885], [-54.17723320983883, -33.55553288507362], [-54.19607279837817, -33.55981102187534], [-54.22658648764187, -33.559349802027555], [-54.2482272773865, -33.561593005198866], [-54.257730539042484, -33.57064706509052], [-54.26046087125584, -33.580179176354385], [-54.264660772081484, -33.58508595312375], [-54.27168677958114, -33.58707256800276], [-54.302797035419786, -33.61826917724693], [-54.315177711251316, -33.62451309279581], [-54.32609691426195, -33.63659221232563], [-54.33555725681751, -33.644623107618074], [-54.34409527177616, -33.64899812823719], [-54.35726574166925, -33.651248134366966], [-54.35181445433318, -33.65895940206854], [-54.35710367170339, -33.664567914861586], [-54.35882188350023, -33.6683471162334], [-54.358450703354194, -33.67025782554936], [-54.36062715015811, -33.677092220888724], [-54.3623799803981, -33.678814883235624], [-54.36371457328487, -33.685284787579654], [-54.361246913365235, -33.68977186333945], [-54.35840667795493, -33.690087717721596], [-54.35718677656225, -33.69513852180582], [-54.35150795852522, -33.699824168683804], [-54.35386489759275, -33.7060224298669], [-54.351440415549675, -33.70890201935332], [-54.34608424538657, -33.70947742135498], [-54.34512333144102, -33.71613321770669], [-54.33467949687789, -33.72140014921159], [-54.33554670866415, -33.725311394717956], [-54.334568610340135, -33.72792406867345], [-54.33617802247068, -33.73312078951003], [-54.331722441261135, -33.73555030167985], [-54.32213630011172, -33.73599149286867], [-54.31255208050222, -33.742578360168444], [-54.30682407455469, -33.74191870748519], [-54.294020415621645, -33.74587686157772], [-54.287605711214745, -33.74856453120466], [-54.28345134927795, -33.75305279270683], [-54.26976334943565, -33.758841567925394], [-54.261374072675835, -33.75788615663947], [-54.25833986508238, -33.753274763012044], [-54.25460959107482, -33.75846053615001], [-54.25275921983006, -33.76806372412671], [-54.253343327273925, -33.77540502051431], [-54.25574518324757, -33.7785593772273], [-54.25628070935575, -33.78445755841124], [-54.2543184308908, -33.78657534186922], [-54.244228177560814, -33.78885864338672], [-54.24248735614183, -33.790532701352504], [-54.242333592458984, -33.793119429460674], [-54.24389814105568, -33.79528152411062], [-54.24024067150783, -33.79750541064867], [-54.23826043283828, -33.8006098663445], [-54.24095883802711, -33.809973017429506], [-54.246597953497314, -33.81245161643481], [-54.248584288977334, -33.81997751835136], [-54.25556888288478, -33.824082095267904], [-54.26057859808496, -33.82390467001651], [-54.266638286532654, -33.82707671862144], [-54.26693376505429, -33.834489333604594], [-54.27274403130164, -33.838578349077004], [-54.27817293961396, -33.84007372170444], [-54.285229587959584, -33.85238986526608], [-54.28701327060796, -33.86044556316804], [-54.289884268965665, -33.86146268581168], [-54.29677602682631, -33.85895827950766], [-54.3139725933327, -33.86684360314562], [-54.31794329536429, -33.86617730766886], [-54.32467131580011, -33.86844887789995], [-54.32509257130398, -33.87046705079922], [-54.3222642744277, -33.876226844092166], [-54.32625949559206, -33.8803808709282], [-54.31677709549899, -33.88410544486435], [-54.315319550020874, -33.8879262546252], [-54.316306183884336, -33.89275841468651], [-54.31084062646746, -33.89929800633312], [-54.315422780657315, -33.906672980875165], [-54.31483808016599, -33.90952238047298], [-54.31792280718531, -33.91573400929009], [-54.3176133310098, -33.91790487864276], [-54.31382540618534, -33.92468502756257], [-54.30560865669713, -33.93184712857138], [-54.30909771748415, -33.93660768302011], [-54.31505343471739, -33.93860361823925], [-54.31488554819768, -33.943800249369545], [-54.32696771513058, -33.960226329804165], [-54.328421144361116, -33.963409012068865], [-54.32736390786642, -33.96733586826682], [-54.32914887980981, -33.97143128212676], [-54.32742874871887, -33.97553343899288], [-54.327043367046514, -33.98592153300326], [-54.3307745114512, -33.99378214909951], [-54.335571236414694, -33.99666000751413], [-54.33824699980029, -34.00561814970816], [-54.343250607917035, -34.010861921701746], [-54.34341831842791, -34.01309191431506], [-54.351884326635016, -34.015477040071595], [-54.35638302143589, -34.025298894968536], [-54.362786596844856, -34.027540518415876], [-54.3724055621422, -34.03542633505203], [-54.379658751439834, -34.03665292113603], [-54.383488636844916, -34.04155303451157], [-54.382227971291236, -34.04308096897495], [-54.37603091685891, -34.04432328788226], [-54.37396463528568, -34.048869600654804], [-54.37022795584439, -34.05073063105952], [-54.36977525629518, -34.053999785221094], [-54.373008934196534, -34.060264511760344], [-54.379034621007676, -34.06172506246943], [-54.3802013383829, -34.06996501353715], [-54.38624838363419, -34.07786130413737], [-54.38490608290777, -34.084307446573085], [-54.386781362537214, -34.09123541850457], [-54.38524537629057, -34.0927601950638], [-54.38498903684889, -34.09578502790677], [-54.3930358225122, -34.10674347660609], [-54.396571374157666, -34.109628646092986], [-54.39294870389598, -34.112729230281964], [-54.39466669913964, -34.12097532332372], [-54.38916104483128, -34.12988124960485], [-54.39564120177323, -34.13681087955362], [-54.396882193812694, -34.143237987991235], [-54.39401289207964, -34.152159584316536], [-54.38985003703007, -34.15528524356798], [-54.3890230423921, -34.158843369656076], [-54.39092441229395, -34.16434945462514], [-54.39365294020889, -34.16558043221688], [-54.39862336981717, -34.172549722530576], [-54.39824935430664, -34.177053149621436], [-54.39515330273872, -34.179143478830056], [-54.39826889984815, -34.18758544891455], [-54.39638806102493, -34.191319074351505], [-54.397991200859316, -34.19743472924244], [-54.40391194720562, -34.201973484932545], [-54.40774362458808, -34.20310245807681], [-54.4090040670614, -34.20884346175952], [-54.413351475009186, -34.2133346440701], [-54.41580277741305, -34.21901793367115], [-54.415097178419295, -34.22739259768661], [-54.41180535480341, -34.230420295840865], [-54.412095537241946, -34.23309168311591], [-54.414752509312166, -34.23660019778388], [-54.41399947722609, -34.237590134241756], [-54.4071034513131, -34.23785181124911], [-54.404375801004576, -34.241992663383556], [-54.39767791196022, -34.242075443449345], [-54.39071212331752, -34.24625360605133], [-54.38890940749354, -34.25150755276564], [-54.37546836886062, -34.25966165885916], [-54.37589708825833, -34.26414350808508], [-54.37088720268788, -34.27399993444187], [-54.373782088061695, -34.27892717385965], [-54.38072578775045, -34.28080043248056], [-54.396736314475746, -34.27881053203593], [-54.39995533117046, -34.28282511570558], [-54.40348830808891, -34.283767154818555], [-54.41277576497728, -34.29150721091512], [-54.41397817115364, -34.29326414096928], [-54.41193966990773, -34.29390231798442], [-54.41012942201351, -34.298270143354564], [-54.41108194609101, -34.30200803891185], [-54.4154622479444, -34.304341978213756], [-54.41399432457294, -34.30991600890069], [-54.41457410753968, -34.31431091245391], [-54.42018098954176, -34.31257078466638], [-54.42289925561826, -34.31025692024083], [-54.4249899303789, -34.31088155475963], [-54.4271667889699, -34.31511398404211], [-54.429105906334016, -34.316157651404794], [-54.43003405552028, -34.321458103142376], [-54.42905714588712, -34.323611285733726], [-54.43112264532696, -34.328615252874116], [-54.430730733536436, -34.33065213116161], [-54.436839579950586, -34.33073155129149], [-54.43947931884036, -34.33368155649063], [-54.441607546118945, -34.33323981486505], [-54.44768764190933, -34.33656271623805], [-54.44790714142963, -34.343175651689045], [-54.450108150663226, -34.3483117247914], [-54.44836623724264, -34.352981414141254], [-54.454011825540626, -34.362541674998255], [-54.4536411555462, -34.367587187182906], [-54.456435263001424, -34.36966177656286], [-54.459263029164056, -34.36963267645452], [-54.462626710145315, -34.37237462141552], [-54.46596386986224, -34.37223070521726], [-54.466464527518916, -34.37523883139182], [-54.46970577238026, -34.378583432858754], [-54.47020777515795, -34.38351825060342], [-54.47413963612217, -34.38353389515169], [-54.47497727082413, -34.384531822532], [-54.47908234009739, -34.381690728453194], [-54.489434854120546, -34.38270376945569], [-54.49432958679559, -34.37566260301917], [-54.501256945580984, -34.37778021616227], [-54.504833351383546, -34.38094407672045], [-54.51277440224656, -34.37589743487611], [-54.516304732500224, -34.37517373628205], [-54.523794334006624, -34.3784982694556], [-54.52675088549418, -34.37757461906675], [-54.52818939042686, -34.37050266154574], [-54.53030969167, -34.369548838266134], [-54.5402472583685, -34.36917062136864], [-54.542021024369056, -34.36690450148768], [-54.54844059547125, -34.364205032396264], [-54.55361377607739, -34.36732369209568], [-54.55607975626937, -34.364310249721576], [-54.5682098348435, -34.360678462939205], [-54.56791254716213, -34.356226945166625], [-54.57276189707698, -34.352698706181094], [-54.571808320490824, -34.34754937985375], [-54.573995594186314, -34.34167999746202], [-54.58021559657526, -34.34078057798083], [-54.59240692401386, -34.34144218377527], [-54.603669718018025, -34.33909357144009], [-54.61380695499101, -34.33996816241776], [-54.616495450981375, -34.34462309471574], [-54.628190513358106, -34.347921737157975], [-54.63488901474101, -34.34789040517738], [-54.63845262721006, -34.35219145698852], [-54.647584958187785, -34.35008967926778], [-54.65110537392974, -34.347056856562155], [-54.6548843444147, -34.34631075617248], [-54.65632063672631, -34.347286039402945], [-54.653668218862165, -34.349546196935634], [-54.65433217351652, -34.35292724754792], [-54.653230741632264, -34.35597394614607], [-54.6562368305179, -34.360354078580315], [-54.664124567323, -34.36554518265901], [-54.66308621146043, -34.370377147259134], [-54.665629434237694, -34.37345907134368], [-54.66554629341512, -34.37768035828676], [-54.670303589321804, -34.37847950601173], [-54.67377950069708, -34.38391353561704], [-54.67853648350486, -34.38517502798629], [-54.67922012359356, -34.38898691453237], [-54.68131629826285, -34.39014778531083], [-54.68071466308825, -34.394417611694884], [-54.686831342074164, -34.398812741005564], [-54.68586675778278, -34.40264411721651], [-54.68937944675999, -34.4032970775005], [-54.69333895539791, -34.41141637623048], [-54.69666508681446, -34.40816883622773], [-54.70046133853847, -34.41452510465716], [-54.70450132747761, -34.41515263403579], [-54.70886658125677, -34.41387036012287], [-54.71720201553954, -34.407219770761], [-54.727016305256136, -34.40652291663142], [-54.72882559157656, -34.403601252635035], [-54.731559757242394, -34.40225432021951], [-54.73682579255582, -34.40400505080265], [-54.74217678208704, -34.40342368431555], [-54.74362374882711, -34.40108616615432], [-54.75028839085515, -34.39712891021042], [-54.751585487056346, -34.387837838232414], [-54.757154421588815, -34.385645067074414], [-54.76890173293916, -34.38311258588818], [-54.77665967324944, -34.38537108288966], [-54.778421631328335, -34.38344310802279], [-54.78658269767273, -34.38363630774237], [-54.788565854028626, -34.382148690005366], [-54.79105242461233, -34.382795896464415], [-54.79461737314642, -34.38175988672985], [-54.799503412970616, -34.390385426593454], [-54.80198213401844, -34.39172169457294], [-54.803113993538034, -34.397812090406426], [-54.80886229412028, -34.408674911132266], [-54.8180449819953, -34.40524151070618], [-54.82246598890322, -34.40492198673474], [-54.82696279001529, -34.40834190063361], [-54.82829175627704, -34.4111098476558], [-54.83333857240447, -34.41277919945702], [-54.837646970669546, -34.41951862639486], [-54.84081771313008, -34.41998220912442], [-54.84325947483938, -34.418058633354036], [-54.84521173523076, -34.41262178725331], [-54.84503904133575, -34.407857679270016], [-54.85083554052978, -34.406914350412336], [-54.853910296076656, -34.40381046738101], [-54.85872369090157, -34.40454264511684], [-54.86516537318851, -34.40024800359726], [-54.866841273772685, -34.400347679548126], [-54.86890078913022, -34.40366484315431], [-54.874789192742455, -34.40197190344281], [-54.87929598893236, -34.411562798779094], [-54.88256718334035, -34.4095891192289], [-54.88770318180471, -34.40962753289853], [-54.89280878730298, -34.42024759301713], [-54.898096691574615, -34.41986967436083], [-54.9026513150268, -34.417470512111066], [-54.904324095059316, -34.417899801982905], [-54.90645718445053, -34.42236370632869], [-54.913926424391164, -34.42193151681199], [-54.916260047371786, -34.42333849695465], [-54.920244772243436, -34.41926644310358], [-54.920699737719595, -34.415863977589666], [-54.926106525878815, -34.41275285011987], [-54.92930614361648, -34.41261683876656], [-54.930352298793196, -34.41509893077524], [-54.93546129887624, -34.41576069426077], [-54.93817568983047, -34.4240243770944], [-54.94297843019535, -34.42700389403736], [-54.947952906947556, -34.432738054594296], [-54.95864328147481, -34.43739939922188], [-54.96110904812869, -34.442490195634754], [-54.96445279008215, -34.44369467410184], [-54.96841075994838, -34.43928611672487], [-54.976427094154886, -34.437450968094616], [-54.97881388933325, -34.433574739453505], [-54.98298859478997, -34.434980447920495], [-54.993288718732856, -34.4334061694893], [-54.99066106175946, -34.42429035981415], [-54.983593349640564, -34.41716425788303], [-54.984948498662305, -34.411613542895836], [-54.99165268751438, -34.40497994542918], [-54.98965899104359, -34.397602238420546], [-54.98786365567071, -34.393962618421895], [-54.9850553863695, -34.391687550531415], [-54.983629205755136, -34.38745657892473], [-54.99117710399832, -34.383060799573975], [-54.99265696336566, -34.38000393235446], [-54.99171056377996, -34.37724275239966], [-54.99258237986181, -34.3763183519142], [-54.999704554265925, -34.37600738291932], [-55.00230527586244, -34.37206987698711], [-55.00710524037443, -34.37059780960007], [-55.00909168934553, -34.36772792295071], [-55.003113580332744, -34.363947770365186], [-55.001453299957895, -34.359955696868106], [-55.00318962139496, -34.349699477693406], [-55.007073453651834, -34.343178090242], [-55.00786729935723, -34.33584728548732], [-55.00606603908466, -34.33469313563442], [-55.00535493600499, -34.32554864694872], [-55.00143477290188, -34.32096032628009], [-55.0079863589105, -34.315463707875104], [-55.006569335781634, -34.31202707349582], [-55.008029273754424, -34.31089403389719], [-55.01629749447983, -34.310105381746816], [-55.019735214474565, -34.306120639682455], [-55.027425597977185, -34.30560611367465], [-55.03172674977586, -34.302746870308916], [-55.03657457228076, -34.30349875252866], [-55.04087412484846, -34.302539180380464], [-55.0455140262061, -34.30547311244026], [-55.05534012993459, -34.303614264786965], [-55.05745135459825, -34.302484586026374], [-55.05573867148305, -34.29128976215655], [-55.05873209164009, -34.28866212683735], [-55.06647861879893, -34.289249931907904], [-55.0700495942187, -34.28680586712548], [-55.0754877520654, -34.28623682879651], [-55.08405762893306, -34.29185942036607], [-55.0885500019151, -34.2909899885359], [-55.08687163841993, -34.28383757411136], [-55.08954854764194, -34.27681836200271], [-55.08944820212321, -34.2715261878208], [-55.09186954995771, -34.26781203196732], [-55.09448281995016, -34.26696491109594], [-55.09311738061943, -34.26416534042897], [-55.09360819749134, -34.25910294629739], [-55.09154945138105, -34.25416024759159], [-55.08329293388099, -34.254292647186084], [-55.08146882646107, -34.25590552912269], [-55.079599911444596, -34.2542709991538], [-55.07735513503023, -34.254257786186315], [-55.072089299497044, -34.24446999106245], [-55.072406925246, -34.241528444840604], [-55.06890009747591, -34.23298072912601], [-55.0715077478604, -34.23138798003258], [-55.07231124171937, -34.2260861813738], [-55.07870957585142, -34.2228167139986], [-55.08237651244388, -34.21631002809798], [-55.07686203652136, -34.21029832957131], [-55.07462564051266, -34.209443272012386], [-55.07278110858771, -34.205102824152995], [-55.064786680620784, -34.20060537751549], [-55.0639671971706, -34.19526300450716], [-55.06686352327638, -34.193945172520166], [-55.06783269208829, -34.19148347321322], [-55.067255095376865, -34.186670804466374], [-55.0651281877323, -34.18487416124701], [-55.06516625706474, -34.17989388019202], [-55.06868472322029, -34.17507059938408], [-55.08252674934245, -34.17702031940956], [-55.0911455103886, -34.17601267270873], [-55.09218656571492, -34.1733293226306], [-55.09525593671424, -34.17170348955406], [-55.09509730807032, -34.16916262564695], [-55.09983824744129, -34.16824350751917], [-55.10373222825737, -34.164824610861956], [-55.10904917122446, -34.16609656640879], [-55.11180056457089, -34.16893412190593], [-55.11982147137585, -34.15685135750637], [-55.12296313039482, -34.15628158296722], [-55.12685680807329, -34.157789912955224], [-55.131980259561985, -34.155425619575595], [-55.13566340337349, -34.156563393939365], [-55.139739685978554, -34.15312526220219], [-55.14527533901951, -34.15299544269053], [-55.14698506112408, -34.14574331853926], [-55.14120520313631, -34.14182777361949], [-55.139561875273394, -34.13748604723628], [-55.14053444717344, -34.135648547495386], [-55.1509863057031, -34.13044408715018], [-55.152536850011224, -34.124656040291846], [-55.14616817253455, -34.11959213458271], [-55.14306141843975, -34.11867909028844], [-55.14271640698494, -34.11683451090231], [-55.14470654787504, -34.11500241159776], [-55.15191248881175, -34.11230144587725], [-55.15014751213821, -34.10820821722324], [-55.15029847032359, -34.104125110293644], [-55.14572085446479, -34.09991729865731], [-55.148522715696956, -34.093656911760334], [-55.14390488829244, -34.090498889626254], [-55.142289379585115, -34.086900182604744], [-55.14575822052302, -34.08435506994193], [-55.15117528248912, -34.08445534959972], [-55.15310656724593, -34.081279966180425], [-55.15051798940042, -34.077419729780175], [-55.15189899846477, -34.074799088214576], [-55.146122781510066, -34.06102855588924], [-55.14950500051374, -34.0594527718859], [-55.15176199395977, -34.05978344232993], [-55.15493603247109, -34.04588627072857], [-55.1575404752466, -34.04466540768725], [-55.15792806588241, -34.04242989792732], [-55.1670155265366, -34.044715761078876], [-55.17078262862408, -34.04627702538591], [-55.17298262526338, -34.04960599109116], [-55.17704677746354, -34.05155556345234], [-55.17914827288212, -34.055732638778466], [-55.18360821920199, -34.054289113767304], [-55.18678311306036, -34.05106442402027], [-55.1908570385421, -34.05170193086909], [-55.19171825010958, -34.04792552813906], [-55.19033417477795, -34.04237021118601], [-55.191533865870134, -34.034807996859726], [-55.19459642411761, -34.03420586099522], [-55.200420606804556, -34.03624047430974], [-55.2036712027035, -34.03525324567748], [-55.20590502642998, -34.033875238129596], [-55.20817306320019, -34.027559318039856], [-55.212893631311154, -34.02835351564058], [-55.214783481315735, -34.02303869824325], [-55.21926897315876, -34.01750465883432], [-55.22706069063054, -34.01622953418527], [-55.23003897117553, -34.014237287769106], [-55.23624857761556, -34.01395727895813], [-55.24090889376837, -34.00973490583512], [-55.25448131801666, -34.00789262890817], [-55.25656632563875, -34.00647608641461], [-55.258243619079465, -34.001259685614215], [-55.25691662818545, -33.99838733546329], [-55.25776307419597, -33.996384975158136], [-55.2606953804659, -33.99497246229382], [-55.26167889182296, -33.99238998118946], [-55.26012326410014, -33.9893740196806], [-55.263972665599304, -33.98113498231823], [-55.26611197078439, -33.97967828639966], [-55.272019315240065, -33.980890283403056], [-55.27767890396666, -33.97822186708257], [-55.27679609024076, -33.97159353355945], [-55.27955500453169, -33.96222103483307], [-55.27586352852945, -33.960199261919], [-55.275421403589164, -33.95680242470578], [-55.27681495507888, -33.956036775083675], [-55.279751605518065, -33.94955255742392], [-55.28237192089132, -33.948751554033855], [-55.28016150653533, -33.94117735507507], [-55.2858565813953, -33.93669447199533], [-55.286662464839, -33.93453726623854], [-55.29221090095761, -33.93272247177183], [-55.29314950068563, -33.93007648443218], [-55.30254788663013, -33.92543442348876], [-55.30838417542339, -33.924531958055155], [-55.31786425752893, -33.917547997427555], [-55.315684603010915, -33.91020936140927], [-55.316479634425576, -33.89975106938467], [-55.32640817510788, -33.89605979424118], [-55.32856949564975, -33.892648834881626], [-55.33679143928418, -33.88908866235161], [-55.34802456081644, -33.87887402640984], [-55.35304078690455, -33.879918085272145], [-55.353619127501986, -33.87709933518706], [-55.35520888279973, -33.876848642924394], [-55.35851634589124, -33.87253569161656], [-55.356127901369604, -33.85752155359746], [-55.35093313701788, -33.85134608072848], [-55.34924257735402, -33.841506349372146], [-55.34484767087117, -33.83935247081853], [-55.3425799073218, -33.82957904334764], [-55.32693012677988, -33.81807870081226], [-55.32543551628584, -33.810462607566095], [-55.320945882906464, -33.804645245117754], [-55.31448932965986, -33.80199850416301], [-55.316304082615396, -33.79486437486119], [-55.31049711078229, -33.78945435407887], [-55.30989484155848, -33.78731421698781], [-55.31249810281726, -33.77971414637721], [-55.30957299093072, -33.779014619388576], [-55.30718290247707, -33.77083900771727], [-55.300556135975995, -33.7635373536048], [-55.30041814577819, -33.76153770215273], [-55.30801781957719, -33.75737822566154], [-55.310903601104116, -33.75396928134237], [-55.309601078747576, -33.749004513094015], [-55.31053494945859, -33.746784948496924], [-55.32002851424666, -33.7330550205117], [-55.31790469296011, -33.7285146807766], [-55.31797737028804, -33.725110223218806], [-55.31028134228305, -33.7224731147614], [-55.311404627803654, -33.719767038133384], [-55.31060300705772, -33.71677098553076], [-55.3047770533345, -33.71563612288502], [-55.30274740633766, -33.71272059986814], [-55.306863540942835, -33.70863257818466], [-55.311331012569504, -33.707622012168436], [-55.31509928127112, -33.705053147841], [-55.32559196612815, -33.70426340893414], [-55.3306904539428, -33.700591858023564], [-55.33708746891868, -33.70172330187374], [-55.34067836621032, -33.700062788300016], [-55.34434365993237, -33.68652476666036], [-55.33996344297782, -33.67995694277169], [-55.34762194630064, -33.671772640950024], [-55.3478663227687, -33.66725200067127], [-55.35329462514637, -33.66321158098389], [-55.353305116383844, -33.66118153918606], [-55.34870865484301, -33.653875007996184], [-55.35170256612937, -33.651025329932644], [-55.35855497372384, -33.648743073873014], [-55.357913748538735, -33.64468061207353], [-55.35942115479229, -33.64349614267831], [-55.35815185683547, -33.641107585397634], [-55.3558239228867, -33.64000023206029], [-55.355140962134946, -33.635509436950976], [-55.33977273512669, -33.63120108338843], [-55.33773458155307, -33.62948082499478], [-55.33577818902178, -33.62569383970011], [-55.33628971111093, -33.61596137489486], [-55.333467802020515, -33.609031007338075], [-55.325996506446636, -33.60717182877984], [-55.31886135544563, -33.60838448635556], [-55.316960036434715, -33.607609332345135], [-55.31549938747807, -33.603764897080204], [-55.31275331273392, -33.60263202352895], [-55.30688793758874, -33.60221811255295], [-55.30458237869323, -33.59988293783809], [-55.28654324974838, -33.595261979332875], [-55.27093467608995, -33.59738133812936], [-55.27045441220909, -33.595135109551784], [-55.268026146170605, -33.592897178406794], [-55.26082612604325, -33.58877440488991], [-55.248525571916524, -33.59232268412678], [-55.241204626176156, -33.59029991064696], [-55.233716435379534, -33.57915668494306], [-55.23286914375047, -33.57430841965826], [-55.23370811962269, -33.57043011119211], [-55.2298020577415, -33.55711728643912], [-55.227297748185634, -33.553770737142294], [-55.22656638558576, -33.549725071482946], [-55.223059397288104, -33.54830988670221], [-55.22171496950607, -33.53997664864113], [-55.22339113927639, -33.53644926870463], [-55.223288584280986, -33.53284777279373], [-55.2206712178133, -33.5194670952925], [-55.21682000874413, -33.516824704433375], [-55.21099014722814, -33.50903788039536], [-55.205713900125936, -33.50686532467049], [-55.1938959983515, -33.50887933165087], [-55.17336328145209, -33.502671971958364], [-55.16840281012987, -33.50404266047706], [-55.16609611968161, -33.506744110771244], [-55.16057643052633, -33.508995796418155], [-55.1594512724086, -33.50986541999469], [-55.16018545015547, -33.513353434526664], [-55.1553816407029, -33.51524926959486], [-55.151334997215706, -33.51533405713523], [-55.14227510604717, -33.509567032176975], [-55.138458198360105, -33.512724069393364], [-55.12726644401348, -33.516403654449135], [-55.11063559612663, -33.51976773531102], [-55.09631636404197, -33.52787504568083], [-55.090413565494806, -33.527573283722354], [-55.08547735942887, -33.52483902789847], [-55.075834604315226, -33.52509797054518], [-55.064071217487964, -33.53406093208708], [-55.06243806647962, -33.539451841373335], [-55.05980152220391, -33.54030851698091], [-55.05772338504811, -33.53967292831456], [-55.05162710818697, -33.533506415579716], [-55.04510865784922, -33.53579930785905], [-55.03144999150793, -33.53677115025091], [-55.027159354085555, -33.53586136075571], [-55.021473828968844, -33.53720793951321], [-55.00506720029482, -33.52647810266251], [-54.98931801166409, -33.523093309176986], [-54.97796616826289, -33.52379596787155], [-54.96724675359635, -33.532411662598875], [-54.96442556557114, -33.53293015226478], [-54.94772139883173, -33.526355905571464], [-54.94154368433102, -33.52936713190857], [-54.93847573463573, -33.533624737226546], [-54.932351578633785, -33.535908374458714], [-54.92203148459878, -33.53732028033199], [-54.91694654226121, -33.540307636778195], [-54.91382004131631, -33.5471096873127], [-54.906074888277544, -33.55379249628405], [-54.89473463359845, -33.55336426623146], [-54.89069127900138, -33.555235118081995], [-54.884380773980894, -33.55234440245708], [-54.880657750324445, -33.5479046196997], [-54.86839583301604, -33.54651717668181], [-54.86186524881255, -33.54940497144826], [-54.85475570909583, -33.54857342538944], [-54.84799736497316, -33.553359218724395], [-54.84376003367776, -33.55401764262199], [-54.832926900444704, -33.537290466812024], [-54.83659128610297, -33.53283230541206], [-54.83308749573192, -33.526417387210145], [-54.82508537033457, -33.524491600095004], [-54.824157314967586, -33.52169816750592], [-54.81760458426973, -33.51864371836956], [-54.820216156760374, -33.51193281325396], [-54.81687460723886, -33.50592923427017], [-54.813247102115774, -33.50363811125178], [-54.81266541902777, -33.49890929742348], [-54.80970930841712, -33.49394448270392], [-54.80661350085353, -33.491510238183494], [-54.80243212570408, -33.49097587256591], [-54.8001921374747, -33.48550172097524], [-54.79340298625446, -33.48224201107083], [-54.78712053324038, -33.47608028138208], [-54.78274247896183, -33.4770424900726], [-54.77253047751142, -33.47656785275462], [-54.7718507814133, -33.47535748644021], [-54.76863636829952, -33.47479669807998], [-54.76758336621417, -33.47226694035388], [-54.762729213036316, -33.47125187058286], [-54.759429180575694, -33.46793289971566], [-54.75484266362875, -33.46643048272205], [-54.75259828018296, -33.461620827913585], [-54.75031003983132, -33.46047033233688], [-54.750471567786086, -33.45849148694587], [-54.74489127945556, -33.45563361922519], [-54.7379878970474, -33.44892090926186], [-54.733946487144806, -33.44189976987208], [-54.726958210016775, -33.442238717410234], [-54.72606577335216, -33.43737374161067], [-54.724087717789416, -33.436890831252896], [-54.72045952340279, -33.42867516285412], [-54.710491088197855, -33.42319625665018], [-54.71036612153947, -33.41882730277938], [-54.70596043770402, -33.41046693094886], [-54.69325135835107, -33.40667973107356], [-54.68547496055571, -33.40012576311154], [-54.68180258070488, -33.395121382846135], [-54.67694349263732, -33.392267612215676], [-54.67450292644816, -33.39170513687575], [-54.673569148382484, -33.39418233145798], [-54.6707337095857, -33.39426463115054], [-54.66868752872787, -33.39612614594449], [-54.66352401358638, -33.39387458955062], [-54.654358016464776, -33.39530331015611], [-54.65071404826222, -33.398079486218045], [-54.64492694545772, -33.39726924209715], [-54.63548970419133, -33.399666680481204], [-54.62957093713397, -33.39907062810597], [-54.625035873813154, -33.40097305374761], [-54.626661249365746, -33.40466287149074], [-54.62096636156263, -33.41265672360234], [-54.61887328601154, -33.41359227679918], [-54.61371975556081, -33.41009511853336], [-54.61016070887104, -33.40956252985501], [-54.603080910961374, -33.41088634433088], [-54.597185444790476, -33.41442521306713], [-54.588629286988144, -33.41303435547357], [-54.583207194803464, -33.41052954697437], [-54.579612250999986, -33.40281211101317], [-54.57380826745804, -33.399812793773116], [-54.56231988050106, -33.39920837304881], [-54.560250968365686, -33.39395734342073], [-54.559246899738056, -33.382342402377475], [-54.548444917044684, -33.35769275333167], [-54.55265640177805, -33.35395482440957], [-54.55320436386503, -33.35179761054921], [-54.551358693333, -33.3481022885155], [-54.541277970211546, -33.34489495411159], [-54.536792519162624, -33.345339753194565], [-54.52504309361718, -33.349796253465016], [-54.5122433191306, -33.34868346201273], [-54.50519255810884, -33.35018710027091], [-54.500927662489104, -33.346407730273974], [-54.496059502445384, -33.344817184620105], [-54.48725320482004, -33.324394779045804], [-54.48523217700557, -33.31636439171936], [-54.47971315259833, -33.307969943124526], [-54.474885247133756, -33.292554296132835], [-54.470617063383926, -33.28350823863434], [-54.46814833734986, -33.273441694584136], [-54.45621054268795, -33.271485370021885], [-54.452795047467426, -33.265258668023534], [-54.4491075748905, -33.26303381141707], [-54.43008085892799, -33.26002543379638], [-54.42173328013919, -33.26200167761862], [-54.41840455073273, -33.260477807674576], [-54.414575664380905, -33.255896872299374], [-54.398916068263524, -33.25933171906992], [-54.39182418235875, -33.26513166604766], [-54.383736322905264, -33.274199106225396], [-54.38346779623631, -33.27787438696486], [-54.377505478392656, -33.28360620772675], [-54.36417478705354, -33.29245133819943], [-54.35135645948987, -33.29507130117273], [-54.344689287349006, -33.29949258554528], [-54.325165795459135, -33.30860680780993], [-54.29746703378683, -33.313466205245774], [-54.281088584959775, -33.31310324009854], [-54.262385643923075, -33.30470090146882], [-54.25595132605923, -33.30303805142016], [-54.213791182690564, -33.30375073343505], [-54.2005030188145, -33.308781745738386], [-54.1869552108235, -33.30589280835282], [-54.144950124909634, -33.30545336512303], [-54.140556821402704, -33.30279409455404], [-54.120053909437324, -33.31167734640018], [-54.079922435183384, -33.301710974395235], [-54.06148608445876, -33.31109757865307], [-54.0293748178658, -33.307478046051436], [-53.998620144387885, -33.29636340812047], [-53.98678011744709, -33.29470619017056], [-53.98194439457808, -33.295560633823996], [-53.974445627860945, -33.292677309254046], [-53.958713383121776, -33.28331173200944], [-53.937615717532736, -33.27924315940053], [-53.91244002533771, -33.27774031674369], [-53.89802028101323, -33.282005554344856], [-53.88799399767783, -33.28291341303536], [-53.87160389091867, -33.28240782473344], [-53.86698898603506, -33.278975736582616], [-53.86238819981502, -33.278838430533156], [-53.86248085547837, -33.276697141690704], [-53.86898195394706, -33.27415036062163], [-53.87062242412905, -33.27161589491964], [-53.877580201005706, -33.268395781289186], [-53.89796800617244, -33.25363873462307], [-53.91698949828377, -33.242156893431556], [-53.921686291291195, -33.233589419726705], [-53.950891539697935, -33.23146283361445], [-53.96150772853494, -33.2273942951112], [-53.98227548404372, -33.223234401109686], [-53.98779793227774, -33.21765378274588], [-53.99266385102086, -33.21628934274499], [-53.994354569848255, -33.21248659405154], [-53.99225845218691, -33.20585519452562], [-54.00500139059642, -33.20467707435259], [-54.01547370509875, -33.2012844604194], [-54.03786018042251, -33.19963006015788], [-54.05943339060171, -33.19402662181375], [-54.07003466387107, -33.18850973912893], [-54.08435187854333, -33.177827308382376], [-54.10881497049008, -33.17325295312289], [-54.11846158093103, -33.163567355324155], [-54.145631328358895, -33.16690602399978], [-54.16214961423259, -33.16303428660903], [-54.16746555394764, -33.15767534288633], [-54.1626096699437, -33.1525546460861], [-54.16401827073452, -33.148111158430204], [-54.16816528025581, -33.14853740605328], [-54.17181890586636, -33.146927271078845], [-54.17509584171927, -33.14354765154049], [-54.18271014811946, -33.14117982912376], [-54.19622523403403, -33.1416883350429], [-54.20368649945469, -33.13970190867406], [-54.21464769205608, -33.14460144422551], [-54.21991539377063, -33.14169368777099], [-54.229525950546034, -33.143079502544836], [-54.23618468293054, -33.14145283378787], [-54.240252427311255, -33.13637245574635], [-54.24066114506437, -33.13325411705064], [-54.24306680259279, -33.13216868969738], [-54.24667548808654, -33.13303179410463], [-54.251709017681954, -33.128260530834595], [-54.252416284257016, -33.12321227683026], [-54.259717600235916, -33.12010492375002], [-54.26144694688379, -33.11722592182954], [-54.27059867326115, -33.116302231282354], [-54.274783615720494, -33.11255593880225], [-54.28140174553346, -33.10989617676971], [-54.286535914228914, -33.102192367321514], [-54.2875248857727, -33.094800997861725], [-54.2860166502118, -33.092242309832415], [-54.29141908816052, -33.083888272060655], [-54.29196948380541, -33.07184625214732], [-54.29060094981302, -33.06616825729799], [-54.28828892325689, -33.065269257404296], [-54.28777874550904, -33.059819382075396], [-54.2881929246536, -33.05575977993978], [-54.292135002135346, -33.05203320860651], [-54.29277775070955, -33.04971833140339], [-54.29061858530629, -33.0440958997948], [-54.28718464899037, -33.03986515048904], [-54.28722739350454, -33.03157802646416], [-54.28584374736385, -33.02641478054031], [-54.286414441790015, -33.018648408237375], [-54.29128788530662, -33.01072329013029], [-54.29355889887047, -33.00044192989063], [-54.29158778153579, -32.995534210431295], [-54.29164299160298, -32.979734511925365], [-54.286426326128485, -32.96700881903736], [-54.28752912098655, -32.96342603848125], [-54.286418021375844, -32.95789622264177], [-54.286680982033054, -32.94751994025768], [-54.28758243283817, -32.94513559323886], [-54.292931983048234, -32.944401824362345], [-54.295981089887896, -32.94226105449773], [-54.29506022431297, -32.93564482372345], [-54.296582365608515, -32.92815557141717], [-54.291259088125756, -32.92064385758679], [-54.29364296998965, -32.912618582655995], [-54.289178399487525, -32.901894811737165], [-54.290301798259776, -32.896537144026375], [-54.28622890643982, -32.88814069196929], [-54.28648236322174, -32.883353188432835], [-54.28489767607627, -32.88043061894316], [-54.28630172547947, -32.87162898248423], [-54.292070284636445, -32.86832310349589], [-54.29596050516109, -32.86769800391326], [-54.30580810329101, -32.86972192667552], [-54.31456971101869, -32.87556050781228], [-54.325511948081285, -32.87445605714606], [-54.33386331338499, -32.86352128666709], [-54.33434458380067, -32.86040575762506], [-54.34061432251909, -32.860914577177866], [-54.34257180103297, -32.862171352798015], [-54.35000798129764, -32.85971728197636], [-54.35262759007155, -32.85727970968682], [-54.35819764581771, -32.858505404910844], [-54.36707380164351, -32.857373438875236], [-54.36826153042376, -32.85303188704894], [-54.38190969614466, -32.84919510666168], [-54.38776371435196, -32.843675650205455], [-54.39866069451212, -32.84343931206537], [-54.40687740189121, -32.84469735977288], [-54.408744499953194, -32.84332654581768], [-54.40925996087728, -32.840743205938956], [-54.40930046216923, -32.835842549576135], [-54.407845887812734, -32.83371807648864], [-54.411124603875066, -32.830001958757364], [-54.41059836027669, -32.823676164841636], [-54.41466514137423, -32.82197916057084], [-54.41486745637028, -32.82002155507987], [-54.41978672823737, -32.81876933176087], [-54.4232315962686, -32.812782548905005], [-54.43372499033742, -32.80672760504277], [-54.435748097631674, -32.803701001854606], [-54.44279686471527, -32.80363243598294], [-54.44513579432889, -32.802423782604194], [-54.44835484607389, -32.799845426505755], [-54.450476386609296, -32.79594858385623], [-54.45079554901977, -32.79188711840264], [-54.45262728858445, -32.790092149734065], [-54.44922170756703, -32.786141977114944], [-54.450343177533796, -32.78201032215044], [-54.43930722015273, -32.77949704598774], [-54.43740564682147, -32.7728987744942], [-54.4374772302769, -32.76820126452629], [-54.43500263230779, -32.76516741950408], [-54.43771422507636, -32.762377959226434], [-54.43531294183291, -32.75940756111456], [-54.423799156895456, -32.75273459750917], [-54.41797980051459, -32.75254173554982], [-54.415430247023494, -32.750732505297584], [-54.40261589799874, -32.750089106233254], [-54.401740713370806, -32.73968048927959], [-54.40289826288928, -32.73674914134869], [-54.39602276893994, -32.730909085726104], [-54.397317783773076, -32.72866840814648], [-54.38578431292956, -32.72221179944614], [-54.377331125772635, -32.714139850675274], [-54.358515939330616, -32.708244930420754], [-54.35471897023642, -32.70018284749546], [-54.35549905552389, -32.697748735037656], [-54.35364190431118, -32.69346756377067], [-54.35802285757137, -32.68362030085256], [-54.35364794980427, -32.679310156572726], [-54.34911205624129, -32.67123937554531], [-54.34161809222118, -32.667519151227474], [-54.3407712851375, -32.66494091193535], [-54.341709657029384, -32.66188227639448], [-54.337600084151866, -32.65957927289655], [-54.33382470686025, -32.6549622236441], [-54.33346230862054, -32.64994648617182], [-54.33594459930621, -32.643021998488294], [-54.334158334645274, -32.63905458440571], [-54.330781995331805, -32.63726108180141], [-54.31706075324111, -32.634280764131496], [-54.3169457867482, -32.63227480531706], [-54.31281806756738, -32.62671332310912], [-54.30725891920826, -32.62714863050138], [-54.29730750334307, -32.6202016269338], [-54.296290622276274, -32.61461416620575], [-54.29278021487861, -32.61181941217719], [-54.28276123741882, -32.61369970089233], [-54.2751966973824, -32.618864863419944], [-54.27083246713349, -32.61443201134558], [-54.26479875500576, -32.61903037949201], [-54.2648109527779, -32.62030965048839], [-54.25684200472867, -32.62315618997752], [-54.24990148937332, -32.619761294573244], [-54.248096321337066, -32.62017440711921], [-54.23720926836224, -32.60674908484576], [-54.224261644584864, -32.61109996109222], [-54.22060874580839, -32.61516484399798], [-54.22302654690475, -32.618225734500015], [-54.22383124968655, -32.63063112774733], [-54.226098414341244, -32.63724501715833], [-54.22518811634495, -32.64694319658157], [-54.22144836404631, -32.64908870060486], [-54.222209850466285, -32.652105113680456], [-54.219461047734505, -32.65683134388988], [-54.21920366974072, -32.65883265659989], [-54.222177451426155, -32.66237805678524], [-54.21971785864058, -32.66748376999449], [-54.22046288325562, -32.67143961335641], [-54.22022311068604, -32.672438869775384], [-54.215193546658945, -32.67206222260874], [-54.212729014344205, -32.67322126496622], [-54.21291570987545, -32.67522817438763], [-54.207610125028154, -32.68205155830765], [-54.20575100840412, -32.682466436272655], [-54.20414968604295, -32.680880024959485], [-54.19957634349218, -32.67981948691948], [-54.19727202422999, -32.68442556097239], [-54.19028492757467, -32.68991119523501], [-54.18032746985038, -32.68837021264267], [-54.17622551189271, -32.684950186445164], [-54.173611478333356, -32.68496772193434], [-54.169068733648146, -32.687427544300476], [-54.16159036094606, -32.68734717169532], [-54.15781321682527, -32.6891310218597], [-54.15652218201662, -32.69872688030216], [-54.14342717873851, -32.69619153478071], [-54.138946566801806, -32.69318041590658], [-54.133338729332344, -32.69333191095383], [-54.13276758439675, -32.69974607667944], [-54.12203386735368, -32.70101817878535], [-54.12144643574414, -32.70297763587668], [-54.117931202323604, -32.704747105386424], [-54.11005280416275, -32.70608189684954], [-54.108540689985574, -32.707690157922656], [-54.106085358430704, -32.71999715551765], [-54.10123277507162, -32.717883166644], [-54.096460878956904, -32.71941191046664], [-54.09569959287199, -32.71672437266492], [-54.087717315865774, -32.7117923099477], [-54.08143712901354, -32.71859677641804], [-54.073905742084236, -32.72106153115414], [-54.07102783624884, -32.724279136921545], [-54.06415397142498, -32.72719083396414], [-54.05549581440351, -32.726569507743996], [-54.05294397144007, -32.72822523006904], [-54.04460501825351, -32.72967092718261], [-54.0345424875346, -32.721891370056674], [-54.03193397689652, -32.72112165575766], [-54.027925676889176, -32.72283099419122], [-54.02705399199891, -32.72585721793905], [-54.028119685373845, -32.733279456778455], [-54.02704065445457, -32.73775845413517], [-54.030218999899624, -32.74193755877581], [-54.03047115821069, -32.745567701996876], [-54.03473016886717, -32.74995635225806], [-54.033352312022565, -32.75290089214179], [-54.03588001947256, -32.75554741984125], [-54.02864761593115, -32.76515438831973], [-54.02357297248957, -32.76683640693217]]]}}, {"id": "28", "type": "Feature", "properties": {"codcuenca": 45, "area": 3483, "nombre_cue": "LAGUNA MERÍN entre Río Cebollatí y Ao. SAN MIGUEL", "cabecera": 40}, "geometry": {"type": "Polygon", "coordinates": [[[-53.532740720652605, -33.6046680826721], [-53.53233146754028, -33.61010988584562], [-53.53629451192621, -33.61385076672101], [-53.53194396645234, -33.61914272341227], [-53.52899277038774, -33.620764942251796], [-53.52872706413661, -33.62349997913477], [-53.52596355438466, -33.6261710620115], [-53.52862538740732, -33.62901399600541], [-53.527064030471514, -33.63185138901106], [-53.5294152651899, -33.63339975500463], [-53.528191854761225, -33.639776411917786], [-53.531439612662666, -33.64125109174037], [-53.52968670794896, -33.643580273311336], [-53.53159825104282, -33.645472026915115], [-53.5315105162983, -33.64799401882318], [-53.535200967841924, -33.6494496940401], [-53.53251561039675, -33.64952662734044], [-53.533795364779756, -33.651271561651335], [-53.530957138389184, -33.65634779083549], [-53.533488950296814, -33.658845757116715], [-53.53063829017134, -33.65946038103168], [-53.53104969798913, -33.66144175063503], [-53.53262856589919, -33.66165099339578], [-53.53117219008694, -33.66580621666423], [-53.53174155871678, -33.667520098957134], [-53.528312491149805, -33.668394424839136], [-53.527387100703024, -33.669972674936744], [-53.527953186871834, -33.67303843606498], [-53.52528817113975, -33.67313359438996], [-53.523980492452075, -33.67448846742595], [-53.530456603706384, -33.67868142204554], [-53.52869095465736, -33.68842786932277], [-53.53186481074534, -33.68922251033494], [-53.46573599828856, -33.692689109834035], [-53.46447136576181, -33.69625950614673], [-53.47974751216974, -33.71566248298267], [-53.48441968008845, -33.7188883855849], [-53.48504821302728, -33.72380104749299], [-53.49338412779809, -33.73046624831278], [-53.49452189181823, -33.73973648298592], [-53.491504254649705, -33.74524722323376], [-53.504636764142624, -33.764373892161714], [-53.50263407024972, -33.76644160133315], [-53.50178378957302, -33.77039653481678], [-53.502305041762455, -33.774472696379846], [-53.50801382770721, -33.78596497660539], [-53.50736727196887, -33.799467909291266], [-53.505520100545176, -33.804265435040016], [-53.502694652130174, -33.80564276727723], [-53.50527106128461, -33.81358967810888], [-53.49757316610669, -33.825881682031394], [-53.50305248034111, -33.83225390971253], [-53.5055397393067, -33.84069960266827], [-53.50879906891448, -33.84460798172015], [-53.50829143240415, -33.85155719726839], [-53.514374958169576, -33.862479333699], [-53.51765695109266, -33.872077467165134], [-53.516323329655954, -33.874923575334854], [-53.51946748546814, -33.87870275017431], [-53.52119582322504, -33.88699663235507], [-53.527333094117004, -33.893071696269786], [-53.53711004085992, -33.89607936668928], [-53.549254960176924, -33.88700917821152], [-53.56055437727599, -33.87599071610574], [-53.565949920820735, -33.863006589814056], [-53.584743583377794, -33.8453055011363], [-53.604816952150514, -33.8238746012304], [-53.67704487581005, -33.796770910544176], [-53.70018046494268, -33.791201900224664], [-53.7973665265896, -33.75562475199708], [-53.8000004893618, -33.75377375546538], [-53.79793143737526, -33.74768015615793], [-53.79860647961206, -33.74563870399486], [-53.80437789500292, -33.738426815506344], [-53.804479606655725, -33.73640113647906], [-53.79558981637367, -33.72198387043707], [-53.80432843553918, -33.71850690935467], [-53.823432051172404, -33.71430982577612], [-53.83108319716837, -33.71466914705306], [-53.85253217812667, -33.72138200930741], [-53.87342893726908, -33.70878132691012], [-53.88939977401955, -33.692314391655955], [-53.90330918999837, -33.683178520918325], [-53.928629182567285, -33.67137163999019], [-53.939756815740616, -33.66957293876399], [-53.94510784682104, -33.666086221910426], [-53.950157225865716, -33.664762415199355], [-53.97494104103035, -33.670194051447844], [-53.99519251171203, -33.67805808683678], [-54.00545275336346, -33.67760961151885], [-54.0158483306628, -33.68214507449082], [-54.02515364600761, -33.68178083032847], [-54.03937144477482, -33.685744098242694], [-54.049822602744996, -33.701411685764114], [-54.06626259567378, -33.71030473445994], [-54.09166028581049, -33.72128092738234], [-54.09411193629351, -33.72450168272212], [-54.106451174313335, -33.743385712019645], [-54.110433401806674, -33.746929484892696], [-54.11587783421804, -33.76627003713046], [-54.12661255731785, -33.78032908308778], [-54.12918358294311, -33.786442836130846], [-54.13363620902121, -33.790574589817645], [-54.14001652984108, -33.791639924133655], [-54.143989129742096, -33.794705199355484], [-54.14863708572756, -33.806815019635174], [-54.15024529458912, -33.82813605729177], [-54.15890386300253, -33.84493353581664], [-54.174529661483206, -33.858794022647956], [-54.1934622632268, -33.865332957869775], [-54.20416774852523, -33.87045290522606], [-54.20944291529955, -33.879338390134194], [-54.21546137615599, -33.883750313510824], [-54.221968771423604, -33.89110922312755], [-54.22789052373109, -33.89387124005349], [-54.232780648064505, -33.89801896634722], [-54.23538986939976, -33.90213754725738], [-54.228549064250885, -33.911580848150805], [-54.228442820150725, -33.91817031866119], [-54.23029845861323, -33.924049249020214], [-54.23177802709033, -33.93748635941655], [-54.22268440424662, -33.94904051329231], [-54.208857415691895, -33.954088955255386], [-54.20895822481015, -33.95693361584044], [-54.20336362227921, -33.96513151586189], [-54.20273013856856, -33.9676371568077], [-54.20438762347783, -33.96863627548262], [-54.20371890983099, -33.97302685902274], [-54.2055913936974, -33.97598397674605], [-54.204357242710074, -33.98371903914738], [-54.200545568948804, -33.985834246373294], [-54.19796184307357, -33.993233963312306], [-54.20258728066568, -33.99687324468463], [-54.2031953006497, -34.00102161546075], [-54.20336836479054, -34.00521361058318], [-54.199144798844905, -34.01478121944618], [-54.20057410741524, -34.019248520908704], [-54.199616991118916, -34.024686518012984], [-54.196459115854545, -34.0289433521237], [-54.19228447036239, -34.02832221511683], [-54.19035414616031, -34.03283582036938], [-54.19203596306801, -34.037047550010236], [-54.189449054763074, -34.04078442650632], [-54.189833979178246, -34.043441068732776], [-54.18444757170792, -34.047980950757754], [-54.18654526634889, -34.05680688541816], [-54.189060547533835, -34.05831103679666], [-54.192902931792325, -34.06666616728385], [-54.19205563869215, -34.07154306299884], [-54.19093472034766, -34.07313443786381], [-54.186348273549825, -34.07390939931538], [-54.18523855662029, -34.07703990940632], [-54.18600968363359, -34.07958224295795], [-54.17963716824133, -34.079464512803035], [-54.176025591619585, -34.081757609300716], [-54.181209764062714, -34.08729436098444], [-54.18591353672492, -34.103373933604146], [-54.19266714155883, -34.10809596501264], [-54.19144830599031, -34.11252417696571], [-54.193561819625174, -34.116182892642364], [-54.19892798363413, -34.12100127590307], [-54.194440474098386, -34.127436656225726], [-54.19275630860829, -34.12769393000612], [-54.19211581739733, -34.130478649818116], [-54.187074089961, -34.13509095920505], [-54.18750352917697, -34.13900694226488], [-54.18512610495145, -34.1438591731181], [-54.17757389933439, -34.14886140639797], [-54.17981157925906, -34.154826284338604], [-54.176279203300865, -34.16117255242074], [-54.18045067171439, -34.16679936458288], [-54.1711433533574, -34.18265207348031], [-54.16580503186228, -34.18864625830343], [-54.16314255310006, -34.18728405162419], [-54.157983797031044, -34.18971312797171], [-54.15037670890503, -34.19044807838744], [-54.144793989888164, -34.19699854108337], [-54.153334504157534, -34.20141430596067], [-54.155244771183526, -34.19886645717073], [-54.16184885848328, -34.19583049559672], [-54.16535851491588, -34.195594605074206], [-54.171575625593796, -34.19847900230214], [-54.18408942596745, -34.20891225347018], [-54.184718273775324, -34.21441555717381], [-54.190717150313226, -34.21656519979414], [-54.19115551455364, -34.21872136325551], [-54.19431101760525, -34.219160950953906], [-54.19771424615662, -34.22677173448569], [-54.20381332553206, -34.23023108198196], [-54.211122362606694, -34.23049960284573], [-54.21344005019159, -34.23183459451474], [-54.22350774241837, -34.24215904388717], [-54.226796775793765, -34.25117951761335], [-54.230707082440205, -34.252127412669545], [-54.23325625243597, -34.254310442038694], [-54.23672016830894, -34.25371751478088], [-54.23898039049442, -34.255976386445155], [-54.23986876539293, -34.25981066161275], [-54.243541348871936, -34.263521034509665], [-54.24592721570491, -34.26418847589047], [-54.249829521514265, -34.2710873800063], [-54.24823200987467, -34.27449189351178], [-54.24446928596602, -34.27563885424702], [-54.24400377817247, -34.28149435869985], [-54.24577905308309, -34.28266422575058], [-54.25775520052931, -34.28361202585947], [-54.26567621656444, -34.28068497183213], [-54.275172706123186, -34.28080353478743], [-54.278568584851904, -34.284031565115285], [-54.279722092673595, -34.28915129933046], [-54.29310066102828, -34.29233500927051], [-54.2978725097924, -34.297139102341816], [-54.30233185914997, -34.29135850461245], [-54.30826465262718, -34.29148138745524], [-54.31024201404352, -34.29024306809674], [-54.31369861419013, -34.29136709949488], [-54.31437993283999, -34.28969218552671], [-54.31713570222397, -34.28948512074535], [-54.318002908121265, -34.28546800460984], [-54.319469994301805, -34.28440369811559], [-54.32694975045613, -34.28737931998064], [-54.330618598958914, -34.28658313469254], [-54.33467440995631, -34.28879446343236], [-54.34420591101253, -34.30082142908659], [-54.35130023770548, -34.29805339802423], [-54.352734735210134, -34.29568180321236], [-54.35290094502641, -34.29021340346155], [-54.355168315622045, -34.288917660181916], [-54.355645972114694, -34.28639850653516], [-54.36044332718151, -34.285372920599904], [-54.373782088061695, -34.27892717385965], [-54.37088720268788, -34.27399993444187], [-54.37589708825833, -34.26414350808508], [-54.37546836886062, -34.25966165885916], [-54.38890940749354, -34.25150755276564], [-54.39071212331752, -34.24625360605133], [-54.395198926430425, -34.242992157923226], [-54.404375801004576, -34.241992663383556], [-54.4071034513131, -34.23785181124911], [-54.41399947722609, -34.237590134241756], [-54.414752509312166, -34.23660019778388], [-54.412095537241946, -34.23309168311591], [-54.41180535480341, -34.230420295840865], [-54.415097178419295, -34.22739259768661], [-54.41580277741305, -34.21901793367115], [-54.413351475009186, -34.2133346440701], [-54.4090040670614, -34.20884346175952], [-54.40774362458808, -34.20310245807681], [-54.40391194720562, -34.201973484932545], [-54.397991200859316, -34.19743472924244], [-54.39638806102493, -34.191319074351505], [-54.39826889984815, -34.18758544891455], [-54.39515330273872, -34.179143478830056], [-54.39824935430664, -34.177053149621436], [-54.39862336981717, -34.172549722530576], [-54.39365294020889, -34.16558043221688], [-54.39092441229395, -34.16434945462514], [-54.3890230423921, -34.158843369656076], [-54.38985003703007, -34.15528524356798], [-54.39401289207964, -34.152159584316536], [-54.396882193812694, -34.143237987991235], [-54.39564120177323, -34.13681087955362], [-54.38916104483128, -34.12988124960485], [-54.39466669913964, -34.12097532332372], [-54.39294870389598, -34.112729230281964], [-54.396571374157666, -34.109628646092986], [-54.3930358225122, -34.10674347660609], [-54.38498903684889, -34.09578502790677], [-54.38524537629057, -34.0927601950638], [-54.386781362537214, -34.09123541850457], [-54.38490608290777, -34.084307446573085], [-54.38624838363419, -34.07786130413737], [-54.3802013383829, -34.06996501353715], [-54.379034621007676, -34.06172506246943], [-54.373008934196534, -34.060264511760344], [-54.36977525629518, -34.053999785221094], [-54.37022795584439, -34.05073063105952], [-54.37396463528568, -34.048869600654804], [-54.37603091685891, -34.04432328788226], [-54.382227971291236, -34.04308096897495], [-54.383488636844916, -34.04155303451157], [-54.379658751439834, -34.03665292113603], [-54.3724055621422, -34.03542633505203], [-54.362786596844856, -34.027540518415876], [-54.35638302143589, -34.025298894968536], [-54.351884326635016, -34.015477040071595], [-54.34341831842791, -34.01309191431506], [-54.343250607917035, -34.010861921701746], [-54.33824699980029, -34.00561814970816], [-54.335571236414694, -33.99666000751413], [-54.3307745114512, -33.99378214909951], [-54.327043367046514, -33.98592153300326], [-54.32742874871887, -33.97553343899288], [-54.32914887980981, -33.97143128212676], [-54.32736390786642, -33.96733586826682], [-54.328421144361116, -33.963409012068865], [-54.32696771513058, -33.960226329804165], [-54.31488554819768, -33.943800249369545], [-54.31505343471739, -33.93860361823925], [-54.30909771748415, -33.93660768302011], [-54.30560865669713, -33.93184712857138], [-54.31382540618534, -33.92468502756257], [-54.3176133310098, -33.91790487864276], [-54.31792280718531, -33.91573400929009], [-54.31483808016599, -33.90952238047298], [-54.315422780657315, -33.906672980875165], [-54.31084062646746, -33.89929800633312], [-54.316306183884336, -33.89275841468651], [-54.315319550020874, -33.8879262546252], [-54.31677709549899, -33.88410544486435], [-54.32625949559206, -33.8803808709282], [-54.3222642744277, -33.876226844092166], [-54.32509257130398, -33.87046705079922], [-54.32467131580011, -33.86844887789995], [-54.31794329536429, -33.86617730766886], [-54.3139725933327, -33.86684360314562], [-54.29677602682631, -33.85895827950766], [-54.289884268965665, -33.86146268581168], [-54.28701327060796, -33.86044556316804], [-54.285229587959584, -33.85238986526608], [-54.27817293961396, -33.84007372170444], [-54.27274403130164, -33.838578349077004], [-54.26693376505429, -33.834489333604594], [-54.266638286532654, -33.82707671862144], [-54.26057859808496, -33.82390467001651], [-54.25556888288478, -33.824082095267904], [-54.248584288977334, -33.81997751835136], [-54.246597953497314, -33.81245161643481], [-54.24095883802711, -33.809973017429506], [-54.23826043283828, -33.8006098663445], [-54.24024067150783, -33.79750541064867], [-54.24389814105568, -33.79528152411062], [-54.242333592458984, -33.793119429460674], [-54.24248735614183, -33.790532701352504], [-54.244228177560814, -33.78885864338672], [-54.2543184308908, -33.78657534186922], [-54.25628070935575, -33.78445755841124], [-54.25574518324757, -33.7785593772273], [-54.253343327273925, -33.77540502051431], [-54.25275921983006, -33.76806372412671], [-54.25460959107482, -33.75846053615001], [-54.25833986508238, -33.753274763012044], [-54.261374072675835, -33.75788615663947], [-54.26976334943565, -33.758841567925394], [-54.28345134927795, -33.75305279270683], [-54.287605711214745, -33.74856453120466], [-54.294020415621645, -33.74587686157772], [-54.30682407455469, -33.74191870748519], [-54.31255208050222, -33.742578360168444], [-54.32213630011172, -33.73599149286867], [-54.331722441261135, -33.73555030167985], [-54.33617802247068, -33.73312078951003], [-54.334568610340135, -33.72792406867345], [-54.33554670866415, -33.725311394717956], [-54.33467949687789, -33.72140014921159], [-54.34512333144102, -33.71613321770669], [-54.34608424538657, -33.70947742135498], [-54.351440415549675, -33.70890201935332], [-54.35386489759275, -33.7060224298669], [-54.35150795852522, -33.699824168683804], [-54.35718677656225, -33.69513852180582], [-54.35840667795493, -33.690087717721596], [-54.361246913365235, -33.68977186333945], [-54.36371457328487, -33.685284787579654], [-54.3623799803981, -33.678814883235624], [-54.36062715015811, -33.677092220888724], [-54.358450703354194, -33.67025782554936], [-54.35882188350023, -33.6683471162334], [-54.35710367170339, -33.664567914861586], [-54.35181445433318, -33.65895940206854], [-54.35726574166925, -33.651248134366966], [-54.34409527177616, -33.64899812823719], [-54.33555725681751, -33.644623107618074], [-54.32609691426195, -33.63659221232563], [-54.315177711251316, -33.62451309279581], [-54.302797035419786, -33.61826917724693], [-54.27168677958114, -33.58707256800276], [-54.264660772081484, -33.58508595312375], [-54.26046087125584, -33.580179176354385], [-54.257730539042484, -33.57064706509052], [-54.2482272773865, -33.561593005198866], [-54.22658648764187, -33.559349802027555], [-54.19607279837817, -33.55981102187534], [-54.17723320983883, -33.55553288507362], [-54.15328382803685, -33.537356544491885], [-54.14931435799886, -33.5243951310865], [-54.14302854607373, -33.51781798769308], [-54.135585421293676, -33.50348090707384], [-54.11617266370461, -33.4913601150127], [-54.107917697976426, -33.48189995152212], [-54.08932418833421, -33.49219546286215], [-54.057852933897166, -33.492188923756025], [-54.041142017280116, -33.48772956973734], [-54.01599245991953, -33.48525836397902], [-54.004801293098154, -33.47805805634261], [-53.998882454298425, -33.459671654598374], [-53.99620626142611, -33.45705808723348], [-53.99474499562146, -33.45297853705091], [-53.97942663775858, -33.44545766983381], [-53.959960594081174, -33.42895282449723], [-53.95270432383914, -33.427728749880146], [-53.94143822665176, -33.41626730589884], [-53.938183680242865, -33.4105236648114], [-53.94408383187856, -33.403237043362886], [-53.95717373513119, -33.39726087578655], [-53.95798792051612, -33.38627977595371], [-53.94265274182609, -33.38165388645807], [-53.9335465983945, -33.38154014278317], [-53.931676580448645, -33.36941952996365], [-53.92524295501451, -33.36396334362676], [-53.91789997039575, -33.36275289195725], [-53.89727002452321, -33.37013348942087], [-53.88086594836376, -33.37417504013043], [-53.86606475697642, -33.37144865836183], [-53.85779433953461, -33.37708127221426], [-53.82813773078193, -33.372826082844725], [-53.811051312565084, -33.375307881804275], [-53.797719219392306, -33.375093462947156], [-53.78889582558907, -33.36981739558173], [-53.77367116645304, -33.36587679953048], [-53.76428224925907, -33.36084848874731], [-53.73155769680483, -33.36307509309021], [-53.71805758096402, -33.35697207375245], [-53.71854015649869, -33.34684692442242], [-53.70269855997388, -33.32981379382665], [-53.6977920858097, -33.317839049224304], [-53.6947648344694, -33.30629237967618], [-53.70388219957467, -33.30010427645338], [-53.702887058516296, -33.29013013137714], [-53.68546760443419, -33.28076531186683], [-53.67403049139766, -33.27053972451392], [-53.67027584507426, -33.26504654792376], [-53.66763861210375, -33.25707347339995], [-53.65992097368357, -33.24465266686561], [-53.66739353997469, -33.20442613757857], [-53.65824044728548, -33.174604208632246], [-53.65013496655216, -33.16841225087043], [-53.63141908999819, -33.16151653362165], [-53.616394419749014, -33.15254873095181], [-53.610398360582415, -33.150608558286024], [-53.60758074546928, -33.15317293237089], [-53.61158872458305, -33.15143170605081], [-53.615334692927206, -33.153336290729285], [-53.61254561700655, -33.15691080975238], [-53.61243170446664, -33.16149676460088], [-53.608844226091534, -33.17215990627395], [-53.60374199570657, -33.17776658146587], [-53.60396239907913, -33.17967234549167], [-53.61248204361067, -33.17974128333062], [-53.62006200722174, -33.17534042977809], [-53.63477939869179, -33.17049560831504], [-53.645066347101576, -33.17189100299796], [-53.65107928177024, -33.174077146581226], [-53.657462530538986, -33.18131708212391], [-53.66003372222149, -33.18710308478823], [-53.66165848476702, -33.198758746638596], [-53.66060949042552, -33.20750205505096], [-53.65700536134891, -33.2189955863147], [-53.64555084249129, -33.23742891921114], [-53.62670500468709, -33.25911211231516], [-53.607349979978096, -33.27459991027032], [-53.59866840516395, -33.279331724075455], [-53.59138230227705, -33.281455789164234], [-53.5814924909442, -33.281712237024855], [-53.57576688368616, -33.27264150454839], [-53.57523574441965, -33.26481734329492], [-53.573352948469584, -33.263332459423815], [-53.57089331936146, -33.26555073912058], [-53.57344972963581, -33.277268962586945], [-53.58000589265885, -33.28617437325662], [-53.582834603327974, -33.28719833885037], [-53.58729440473582, -33.29163134473316], [-53.58856258477681, -33.2970890319566], [-53.5909142244196, -33.300024190977595], [-53.58985268494044, -33.30125817469099], [-53.598633081170235, -33.31490723343037], [-53.60317594899133, -33.331085685731914], [-53.60181246414812, -33.34048057793721], [-53.60564410279997, -33.34398248293277], [-53.60577400541, -33.347364811352], [-53.597910785857906, -33.35768109260978], [-53.58126922047341, -33.36463141669555], [-53.57885169949076, -33.36466027464806], [-53.575980246991925, -33.3626890058591], [-53.575484376530014, -33.36444672923388], [-53.57307501213126, -33.36331290284084], [-53.573691569879905, -33.359349090917505], [-53.57000863917193, -33.35299166883185], [-53.56712075947492, -33.34916316628583], [-53.565198804402684, -33.35040846637604], [-53.567402819223446, -33.361246081153325], [-53.569504999865366, -33.36262686676792], [-53.57158261650307, -33.36834257936803], [-53.57582564562423, -33.37129395562341], [-53.57797115620038, -33.37816448993661], [-53.588741709684086, -33.391921984277964], [-53.592301045929304, -33.400304682833784], [-53.59682112166088, -33.4144999193312], [-53.59805795551992, -33.43276481443862], [-53.5930737379876, -33.44789959600496], [-53.58834186210142, -33.45599025940872], [-53.58930387303844, -33.45918008518801], [-53.58708564363756, -33.465648042866356], [-53.58811408038434, -33.46664884790284], [-53.56815929412952, -33.51090610804853], [-53.56308910660927, -33.517691615899736], [-53.557654393015895, -33.521892547317584], [-53.54797958549459, -33.52442085164061], [-53.54371237535574, -33.52216199376196], [-53.54552843058854, -33.52142896900368], [-53.54094564736205, -33.521796081807175], [-53.545824664392654, -33.528257243119356], [-53.54105656228323, -33.53614685694159], [-53.54258520795032, -33.53737347893712], [-53.54245554761565, -33.53946213618816], [-53.53855136895102, -33.54266258588926], [-53.531068506717794, -33.5435801487879], [-53.536893856624104, -33.54720188126609], [-53.53997203672006, -33.552170222658724], [-53.5375737294983, -33.55951705195208], [-53.535491314624615, -33.56175924198356], [-53.53330829797168, -33.56207978724757], [-53.528609393935554, -33.55939787934101], [-53.53308161763248, -33.56745637791091], [-53.53742404902639, -33.57226768192043], [-53.53617955360848, -33.576219632729774], [-53.53782570150299, -33.58163048756025], [-53.53585561624389, -33.58614598313608], [-53.534640056385676, -33.586096686296294], [-53.53533344891945, -33.588407686306084], [-53.536460107718725, -33.588563505459476], [-53.53672386551969, -33.59289454732021], [-53.534037195344986, -33.59185392671313], [-53.533757884135305, -33.595120504973714], [-53.53897282775827, -33.60245335404606], [-53.53910756373486, -33.60471806497237], [-53.53856068872733, -33.60586171994068], [-53.532740720652605, -33.6046680826721]]]}}, {"id": "29", "type": "Feature", "properties": {"codcuenca": 50, "area": 11398, "nombre_cue": "RÍO NEGRO entre nacientes y Río Tacuarembó", "cabecera": 50}, "geometry": {"type": "Polygon", "coordinates": [[[-54.751334104322765, -31.424977102477666], [-54.74999104447861, -31.42732499245182], [-54.73844633238365, -31.42557955192111], [-54.73502625496557, -31.429731059877348], [-54.72422072986378, -31.42956413444562], [-54.72079887941459, -31.437015846850908], [-54.71898491852498, -31.438475005901047], [-54.71528980897574, -31.438308500240304], [-54.71405703206724, -31.437130217749218], [-54.71115018521043, -31.439576489544], [-54.7032527087906, -31.439220540842214], [-54.700758249083705, -31.435199660564816], [-54.69607668326047, -31.43794597706354], [-54.69505850911432, -31.443149617383806], [-54.691889128004775, -31.446116219613096], [-54.68796276434374, -31.4463617493619], [-54.68427819897601, -31.444841736359493], [-54.68043786561606, -31.447585770238977], [-54.67634486013238, -31.447685197749603], [-54.67520063491633, -31.451011808811582], [-54.66987409832595, -31.453958885208912], [-54.66904946047718, -31.456927534952836], [-54.665916707393, -31.457621266933845], [-54.66635420462902, -31.460601067135364], [-54.66803021445211, -31.461202061253008], [-54.66874163175583, -31.467656186202827], [-54.66778474503476, -31.468486397323055], [-54.6698624429199, -31.47244559725377], [-54.669133831430415, -31.47616357357044], [-54.66630122660015, -31.479835872365037], [-54.663066890919964, -31.477552704820894], [-54.65954034144381, -31.48028983781873], [-54.65618394773997, -31.479403188455716], [-54.65322118848732, -31.48075642108533], [-54.65142000574626, -31.48349073338049], [-54.65021158293822, -31.481631213800586], [-54.64544295197629, -31.484356785116297], [-54.64329023773101, -31.483137969494344], [-54.64002288117099, -31.483568313652086], [-54.638090539846175, -31.48240551593013], [-54.63766549843322, -31.479335575071236], [-54.63450693017265, -31.479487213570025], [-54.63381341418405, -31.477713391789457], [-54.631174472966805, -31.476697356709845], [-54.62258517630679, -31.47948632706494], [-54.61816713402383, -31.483566774927013], [-54.616736241719366, -31.48271489479553], [-54.616246425305334, -31.478995009039426], [-54.61381141642641, -31.47600559317693], [-54.61080143004693, -31.477727130893165], [-54.60741726954354, -31.474927168243198], [-54.60528452893427, -31.477161743971934], [-54.60113555533226, -31.47412001414029], [-54.5982532687404, -31.475716200605156], [-54.59419591992586, -31.475398495139228], [-54.59230958712793, -31.47726543930475], [-54.587722503181475, -31.476410477871692], [-54.58157474882387, -31.477452284254976], [-54.577184174197086, -31.481720926810862], [-54.57325113077916, -31.483153192998387], [-54.56985629446868, -31.48285007788937], [-54.56875455765705, -31.485824369803037], [-54.566505170514176, -31.487236537444712], [-54.56044514037293, -31.487141919017464], [-54.55878041857291, -31.488893266294735], [-54.56026578001165, -31.49036854002088], [-54.559920373338635, -31.492619632685226], [-54.556688668496854, -31.495077175262665], [-54.55358882678917, -31.492341697819455], [-54.54741242906518, -31.49700668614598], [-54.547315928067164, -31.498719109794102], [-54.53195248168167, -31.501687910911652], [-54.52745758056271, -31.505638122828795], [-54.523793168032114, -31.504988421898748], [-54.523294884685974, -31.51067360447335], [-54.52012675081495, -31.50835146122474], [-54.518179402688304, -31.51067655865362], [-54.51518335125972, -31.510403028077995], [-54.50971478575969, -31.52154790459661], [-54.505206694678954, -31.52402728513756], [-54.50265860322972, -31.527112543373676], [-54.50299361259853, -31.529532662216138], [-54.5011246927904, -31.53145248097449], [-54.50197693045282, -31.533012162612437], [-54.50109493665549, -31.53740379773807], [-54.495652795024746, -31.54110873646946], [-54.49017954240775, -31.55002527037483], [-54.48977891585718, -31.552320643839657], [-54.49319683297834, -31.55641353256446], [-54.4930904425584, -31.55875701057294], [-54.48751495668302, -31.565102340993317], [-54.48378275092289, -31.566137046925377], [-54.479999286636954, -31.570056720509225], [-54.472600261978876, -31.570439976554045], [-54.472114620274006, -31.574979754130176], [-54.46863984295492, -31.58379877504112], [-54.46954822604031, -31.588812940344514], [-54.468333018202635, -31.590558687286492], [-54.46939099409693, -31.592463380950345], [-54.46795875661697, -31.593169852612057], [-54.464898893015416, -31.591289329256227], [-54.46455033312867, -31.588400095684797], [-54.46362307345175, -31.588417452035404], [-54.46233213183889, -31.59250688857077], [-54.45742879654558, -31.594304028670354], [-54.45785081655158, -31.597933478348892], [-54.45238153002371, -31.599499032747637], [-54.45255679632882, -31.60342346561652], [-54.456622504386885, -31.601302107538398], [-54.45623621243133, -31.606924924679845], [-54.4597478175534, -31.605978923095023], [-54.461472009106885, -31.60844974898713], [-54.464840588370556, -31.609404789453933], [-54.46639152005246, -31.612955832594057], [-54.4628432053716, -31.61424429074404], [-54.46439498667704, -31.61921110124366], [-54.46270419273409, -31.6217543533677], [-54.45985186998271, -31.622247457631918], [-54.46070421622654, -31.62674707468105], [-54.457282483004704, -31.629452425649017], [-54.454312386619335, -31.628591552228468], [-54.45346631445993, -31.629529458146287], [-54.454731891682975, -31.635322951474695], [-54.45283859866054, -31.636520332232347], [-54.4528660793299, -31.639000403396505], [-54.45142155122248, -31.639039254123883], [-54.45119425453287, -31.64018205983136], [-54.45168617302801, -31.642612932072815], [-54.453812943248614, -31.644240474763656], [-54.45304934032257, -31.645296468901478], [-54.454691879436766, -31.650543870781433], [-54.456360446660156, -31.65179682962714], [-54.21643072655542, -31.829983318899927], [-54.2181332661317, -31.834286359633747], [-54.21996381737794, -31.835606026797233], [-54.217498904011244, -31.842901411851546], [-54.218534677208574, -31.844549027916607], [-54.21636678811851, -31.854916027600765], [-54.210182968632175, -31.856121570149906], [-54.20454290695937, -31.85034580139798], [-54.19766220402358, -31.8502062848716], [-54.19484690038376, -31.846099253479807], [-54.16180212954589, -31.87232167975099], [-54.16476586293475, -31.87727386399903], [-54.17075384393862, -31.879218317829725], [-54.170598078239756, -31.882968440315132], [-54.16228577454125, -31.89120813048405], [-54.152307210473005, -31.895688848159335], [-54.149828752542234, -31.897972756756847], [-54.14980345532324, -31.89939043062321], [-54.15294397423939, -31.90173109536542], [-54.15278467936006, -31.905634268934], [-54.1482797272842, -31.912421246772226], [-54.14600730777901, -31.913379267100076], [-54.14598362826659, -31.914702423607153], [-54.149520205987876, -31.917537314828675], [-54.15332610811003, -31.935484186580386], [-54.13768787181555, -31.953825223615258], [-54.12419891675354, -31.9578545476618], [-54.12133727327968, -31.96257707488317], [-54.116473793270224, -31.965863204845252], [-54.09665506890807, -31.969351612259032], [-54.092877352408316, -31.96666484396552], [-54.090969370112944, -31.96750781979469], [-54.09135539664247, -31.97024307608812], [-54.08831473334514, -31.970437458987252], [-54.087236879942914, -31.968941256591517], [-54.08507855841942, -31.968723046513773], [-54.083986670959334, -31.97078797114469], [-54.084163559377885, -31.973200905500835], [-54.0896417482911, -31.976300570099024], [-54.09203954553064, -31.979401728196162], [-54.092587864120404, -31.98238952902285], [-54.09579591904272, -31.985835781958404], [-54.09184840902152, -31.98937487412199], [-54.09110367916958, -31.9995256985593], [-54.08551477556087, -32.00119390625315], [-54.08361879077463, -32.003664324615045], [-54.084339270107215, -32.0063671907093], [-54.08562371970379, -32.007763961838386], [-54.09172544787753, -32.00712375299816], [-54.09708735686887, -32.008969383849056], [-54.10363059002018, -32.013655098562644], [-54.109222897853265, -32.023976808201354], [-54.10516835752965, -32.03062263700676], [-54.10364031641023, -32.03822175432831], [-54.104592899272255, -32.04092761591826], [-54.10334861283147, -32.04622493213083], [-54.10523973110871, -32.05123587275026], [-54.10308746044651, -32.05659530331874], [-54.1041325743435, -32.058878183960196], [-54.10380748671849, -32.074370449556476], [-54.1029664335268, -32.077324802098516], [-54.0988989249784, -32.07899004120065], [-54.09778024402353, -32.088427998007866], [-54.09956764252588, -32.093081033090904], [-54.096650510876806, -32.09545527255747], [-54.09681873493087, -32.10220606700646], [-54.093865900944955, -32.10487074066165], [-54.09466897790347, -32.109298899963726], [-54.093315567975715, -32.11302772648809], [-54.08591167560476, -32.12343282061542], [-54.08641775042368, -32.12575735145506], [-54.093100708796776, -32.129995390339964], [-54.1041012187247, -32.12954802423509], [-54.10846039077982, -32.13700444440992], [-54.11066630696352, -32.13660873391771], [-54.11346067148424, -32.131278620939916], [-54.11596152082604, -32.1298812767404], [-54.12567001143027, -32.1301690453176], [-54.13153936019686, -32.12089889406109], [-54.13582609466646, -32.121242191817814], [-54.13965234553764, -32.125342413819105], [-54.13935229233716, -32.13023009001843], [-54.14370996700702, -32.13857617603651], [-54.1445170340581, -32.14368889894171], [-54.15497526062108, -32.14569608935097], [-54.15792946417327, -32.142588120863664], [-54.16223368179188, -32.14221872109434], [-54.1626694618972, -32.14579588682726], [-54.16541577472822, -32.148722630416685], [-54.165662456300545, -32.1517020882073], [-54.16810014022751, -32.15513500688053], [-54.1660896830876, -32.15744747215297], [-54.16973559280424, -32.16051921679326], [-54.16732895036631, -32.17167749343568], [-54.16851723661788, -32.172896807396334], [-54.17224995631874, -32.171710397965946], [-54.179068521216266, -32.17506315589026], [-54.17902952759528, -32.17274981501516], [-54.18089265719913, -32.17141318434968], [-54.19208562384501, -32.171624000016976], [-54.19421944420285, -32.17307963362127], [-54.19722675925895, -32.18001290890942], [-54.19931515703178, -32.18116304674498], [-54.20297868379158, -32.17985699669741], [-54.20478012735645, -32.17287314934169], [-54.208140826950995, -32.17277944210779], [-54.213942774569794, -32.17026737316329], [-54.22074057451704, -32.171181976374804], [-54.2220573514368, -32.1721765085978], [-54.222845844899396, -32.182691289560964], [-54.22529796969441, -32.18428643059715], [-54.23111072329633, -32.18116148842788], [-54.23943549041902, -32.18548207484981], [-54.241152010949854, -32.183326430342944], [-54.24134649990599, -32.1793406425295], [-54.245586422518514, -32.17888421516394], [-54.255479114580154, -32.18147024119934], [-54.26093665830638, -32.191187658275766], [-54.26710412742617, -32.19071837331422], [-54.271448592615144, -32.19492022181248], [-54.27139718361617, -32.19709675092999], [-54.26976790368788, -32.198845711835155], [-54.2698698081851, -32.20231625919469], [-54.27232330461057, -32.20391052481165], [-54.274947085432906, -32.20489456636746], [-54.280019324459424, -32.20298290663731], [-54.28244330152234, -32.197720276150015], [-54.29294456360486, -32.200985791411455], [-54.293943145155055, -32.20280942417051], [-54.29345686327199, -32.20804163490367], [-54.29516857436651, -32.210987142830014], [-54.298468494325235, -32.21208288440488], [-54.30181360706991, -32.21562382613705], [-54.31082460185334, -32.220789033575166], [-54.31029846680459, -32.225247773610846], [-54.308060716284544, -32.22771002640434], [-54.307872560576065, -32.23657949087632], [-54.312832691531305, -32.236705997511194], [-54.31886456727103, -32.23983802401014], [-54.31869511919366, -32.24534614361124], [-54.32369837081278, -32.24778562255366], [-54.325570942261635, -32.24583473723328], [-54.32909001251019, -32.24601181297966], [-54.33649645373476, -32.25107406441266], [-54.34171499755996, -32.25194020693868], [-54.346878557946795, -32.251491095870605], [-54.35033460574899, -32.24897844437435], [-54.358547858661225, -32.250977172489335], [-54.35977364255102, -32.25446050267089], [-54.36521958820574, -32.26089363776508], [-54.37104958531612, -32.26540478496484], [-54.3721538638023, -32.26915063129216], [-54.378024766319236, -32.275141221538085], [-54.37818905977993, -32.279906978107476], [-54.38262589658025, -32.28295002704424], [-54.38786679198645, -32.29096784978961], [-54.39302514950215, -32.29401861218904], [-54.39251630908257, -32.29796664204163], [-54.397145954483655, -32.30078574484762], [-54.40025858469851, -32.30602936875664], [-54.40716954705691, -32.30840251625828], [-54.406502692223256, -32.315354247102654], [-54.40800019192801, -32.31764126383152], [-54.41184072722711, -32.31908732186661], [-54.413183058448055, -32.32159896265297], [-54.41078293877715, -32.331514113367625], [-54.41387885551826, -32.334865081568594], [-54.41267647079708, -32.33813904613228], [-54.413354929422084, -32.34075605387309], [-54.421369311629924, -32.34185740627266], [-54.42729433320486, -32.34477826159566], [-54.42839346717621, -32.35105550292612], [-54.43054171329231, -32.35255303302567], [-54.432054468254485, -32.36021677802603], [-54.43530010370186, -32.36246452017948], [-54.4389620085451, -32.36287134807523], [-54.44008908101752, -32.37121236871071], [-54.44212603481254, -32.37407562535912], [-54.445182950499245, -32.37519250040508], [-54.43707401901744, -32.380172586390294], [-54.435814806909, -32.384489365082565], [-54.43120475300187, -32.3908915636456], [-54.43536234555341, -32.39157738893215], [-54.440370023972484, -32.388438444496956], [-54.44652736042099, -32.38984318960906], [-54.4497249263225, -32.386977461425246], [-54.45407700874152, -32.386020154231446], [-54.45957232137884, -32.387751810727266], [-54.46091767519439, -32.39457002959231], [-54.463359199587586, -32.39838829489796], [-54.46330167697554, -32.402291568426726], [-54.46485120251161, -32.40420416798077], [-54.46795397794305, -32.40638502654707], [-54.469543871300765, -32.40940214297597], [-54.479625774200365, -32.40975065868268], [-54.48666007243968, -32.419848165730734], [-54.48282029851706, -32.42346657285114], [-54.48220353424568, -32.42970633164093], [-54.475504520702245, -32.4345437907605], [-54.474267660059986, -32.439973886348454], [-54.46898796353536, -32.448395151134136], [-54.46974840979104, -32.453935511939086], [-54.47150707621429, -32.456006394563126], [-54.468810836103025, -32.46043946143177], [-54.4691910808257, -32.46320963923542], [-54.46151242565449, -32.46957723607684], [-54.46335519654091, -32.47104569010332], [-54.469210004167074, -32.47176630725282], [-54.47190191759778, -32.47097151638036], [-54.47490374799794, -32.46757854081318], [-54.48103468476204, -32.468246186204155], [-54.482472612304605, -32.469060133039335], [-54.48326895437256, -32.47194709645332], [-54.48264552153464, -32.47350920242611], [-54.47848877179139, -32.47517530224122], [-54.47693200697428, -32.480277527408376], [-54.47549107149976, -32.4808909837075], [-54.47553010285016, -32.48316052603088], [-54.47890107566311, -32.4873142703632], [-54.477846886918, -32.489441380758734], [-54.474797609759534, -32.490726458786725], [-54.47489594346793, -32.49599969204315], [-54.470231468723796, -32.497395766664596], [-54.470026158316045, -32.500785262927224], [-54.474225090250286, -32.504124859665524], [-54.47332945420119, -32.50869012128728], [-54.4741740261993, -32.51372218964825], [-54.47744747864913, -32.52043993597762], [-54.47398378532399, -32.524996743916], [-54.46865498703058, -32.52559941203353], [-54.46244175643417, -32.53014309181707], [-54.46608939330083, -32.5358126303558], [-54.46669938490724, -32.544512244376364], [-54.4569203900575, -32.55234509176095], [-54.45811861629745, -32.55946925916009], [-54.45694146332384, -32.5676974099824], [-54.454178227643446, -32.57230312657252], [-54.44879423796781, -32.57717079312897], [-54.44747948761593, -32.580511657471895], [-54.44870858295745, -32.58288052658729], [-54.44763481513787, -32.587016668676306], [-54.448813645932105, -32.58880747742668], [-54.45217863272711, -32.591277055231764], [-54.45267287107123, -32.59342595140272], [-54.457842614443145, -32.59471445173252], [-54.46130646831713, -32.59750618309228], [-54.453103441604625, -32.61597805890499], [-54.44839779622105, -32.62042461269668], [-54.449533441084775, -32.62343490690898], [-54.44456882133717, -32.62823543041423], [-54.4452994358165, -32.63279250281809], [-54.44344581194655, -32.63557570472774], [-54.43461895321816, -32.64197580524021], [-54.42563712269164, -32.65731916754446], [-54.42204474481945, -32.65915283639914], [-54.41940938828372, -32.66385281070517], [-54.42122917067989, -32.6657122195652], [-54.422543626621454, -32.67216455224676], [-54.42242647247124, -32.67979676244228], [-54.42639024116512, -32.68370296030763], [-54.432199428654904, -32.694986756228225], [-54.44054208177418, -32.70448082834068], [-54.4363946883665, -32.719496361192405], [-54.444106848987126, -32.727489387663915], [-54.44693033969439, -32.734219247711245], [-54.446978003062746, -32.737004183145565], [-54.439497337878315, -32.74188646507104], [-54.43612207483285, -32.75168262583276], [-54.430561597221015, -32.75634081841866], [-54.43771422507636, -32.762377959226434], [-54.4350026323078, -32.76516741950408], [-54.437477230276905, -32.76820126452629], [-54.43740564682147, -32.77289877449423], [-54.439307220152735, -32.77949704598774], [-54.458835575294096, -32.78296970075422], [-54.46492037409412, -32.78795907258272], [-54.46747408563073, -32.792302986182705], [-54.47610282807849, -32.794640740004425], [-54.482321045490195, -32.78842092993527], [-54.48757573694527, -32.78819854805133], [-54.49368429783024, -32.78417424895515], [-54.496248346805025, -32.785594661110174], [-54.50789522034213, -32.7805681226654], [-54.509499955640074, -32.78299396766914], [-54.508596823552566, -32.7870475192357], [-54.509309674864355, -32.79065494867065], [-54.51270115702576, -32.794837073775156], [-54.51820580352305, -32.79908499033469], [-54.52544708877982, -32.798881023527834], [-54.52787049465555, -32.801985575350926], [-54.52916821810368, -32.80821231255795], [-54.531567360789346, -32.80860588220697], [-54.53675104563643, -32.80533513772802], [-54.540351012413375, -32.80583295891263], [-54.54397828537659, -32.80439244005544], [-54.543923521273165, -32.80051486705617], [-54.550443524798325, -32.794941499447276], [-54.55687476047351, -32.79512901592021], [-54.57235593317221, -32.79941220733127], [-54.576684630263564, -32.80142809776606], [-54.58243794039953, -32.81574248359214], [-54.59145236241529, -32.81842099350503], [-54.59908916544649, -32.827087742363986], [-54.61120239982426, -32.82877266469942], [-54.6174988589929, -32.832155499617876], [-54.618365328691446, -32.84102632980742], [-54.6243793016304, -32.843579337654816], [-54.63611283299996, -32.83974389801578], [-54.63606944811359, -32.83528377946212], [-54.64048616838795, -32.83155117018709], [-54.64091584396035, -32.82975410837778], [-54.63933794295294, -32.8261538934133], [-54.642539476128015, -32.822050375854175], [-54.65241518071722, -32.82258423831163], [-54.65659843582733, -32.81901739297568], [-54.65869659072803, -32.8135365449468], [-54.667338130305, -32.81284314895219], [-54.66817167300585, -32.80655580371803], [-54.67384498867646, -32.80423962617228], [-54.676275351331604, -32.79671416503668], [-54.67943560288386, -32.79499137038876], [-54.686858136013825, -32.794921858040645], [-54.6961819244634, -32.796376631708625], [-54.70561874069432, -32.80520749911035], [-54.712208529371324, -32.806122575827104], [-54.72589774323243, -32.81627528846614], [-54.72554866232307, -32.81970477353404], [-54.72837829025805, -32.823406297773346], [-54.73821399952741, -32.829139450530086], [-54.73703017996638, -32.83243723229887], [-54.74023962763979, -32.840154463296756], [-54.749483685161316, -32.84023240725407], [-54.75409013469616, -32.83726921273874], [-54.76380198312667, -32.84078061419385], [-54.77577252738621, -32.84807598369552], [-54.78665611132711, -32.851557540379346], [-54.79472046002497, -32.84662745371973], [-54.8063019606625, -32.84700532719255], [-54.82204219224326, -32.85198518533642], [-54.827044148086635, -32.84930819931355], [-54.83257717237983, -32.85157327147059], [-54.84341339682992, -32.850339745893805], [-54.84540750880279, -32.85172462270971], [-54.84937634925272, -32.851465637759055], [-54.856698441265394, -32.85986174987507], [-54.856952842996485, -32.865254602942585], [-54.865920265979696, -32.87050936773957], [-54.87033995188883, -32.87687959863533], [-54.870281703590194, -32.87930931049022], [-54.87602134685926, -32.88391742258994], [-54.88264084152076, -32.88460465197313], [-54.8853010770358, -32.8882810261431], [-54.88386209767081, -32.892796911684606], [-54.8874566899297, -32.89391106772073], [-54.89398073335943, -32.9019084957874], [-54.90358779450469, -32.906631191526685], [-54.90384779187427, -32.908600195336106], [-54.90069797165678, -32.91298552963705], [-54.90238750686064, -32.92082942309747], [-54.91500011810756, -32.916532208485265], [-54.91944038023596, -32.916492910106335], [-54.925911017989094, -32.91869340489327], [-54.93302293681421, -32.91769384037456], [-54.94020638999966, -32.922817474218554], [-54.943205067733054, -32.92344286261898], [-54.955388310027196, -32.922592286129166], [-54.9622520141989, -32.91871133850947], [-54.97101572243277, -32.91834055581635], [-54.98928632953196, -32.9274843013662], [-55.00712449469656, -32.933822131380566], [-55.00588155164729, -32.938715150026496], [-55.00724027345437, -32.941524297211465], [-55.00946189229739, -32.9406826588339], [-55.01268303828235, -32.94155871181039], [-55.01605854763144, -32.945858508610215], [-55.01639462658851, -32.94959464166079], [-55.020508721455805, -32.95389894772541], [-55.018514367216305, -32.96034323036058], [-55.019508820082855, -32.96268320914819], [-55.022984768166985, -32.96336279684571], [-55.02460429025187, -32.96580274393066], [-55.03173327304053, -32.96828223460392], [-55.03305492912186, -32.975525014468595], [-55.031830082907454, -32.97831860952625], [-55.02553600454393, -32.98195009161361], [-55.019527012176816, -32.992088638819006], [-55.01045985698149, -32.99444316671165], [-55.00895659908897, -32.99738972901664], [-55.00535649891381, -33.000169358909226], [-55.007091404861725, -33.00982452405104], [-55.01046570216136, -33.01451339492678], [-55.01176061026275, -33.02463444413887], [-55.015582252502696, -33.031037403442774], [-55.01441789404849, -33.035410766054056], [-55.01869231013756, -33.039587878926085], [-55.033794282223255, -33.04331303371474], [-55.03712316258188, -33.04503801227808], [-55.03903091271789, -33.04831059422865], [-55.042099906291874, -33.04958918313331], [-55.037613837864924, -33.05822691972982], [-55.03748946774712, -33.061131666141435], [-55.05546297017048, -33.06650581486829], [-55.058139829928535, -33.069019627442756], [-55.06547430653023, -33.06949994174314], [-55.069742494700186, -33.07326983954901], [-55.076607511645676, -33.07681496049493], [-55.09055847100879, -33.07522745604117], [-55.10153931804017, -33.077164964313106], [-55.10343538930589, -33.08093730412908], [-55.111896411348056, -33.08516283898834], [-55.11755492826222, -33.08976630194273], [-55.120283568669265, -33.09454792845552], [-55.13110629644379, -33.102368623173376], [-55.15932193635109, -33.09522306795542], [-55.159975607757474, -33.091351951714664], [-55.1628080117182, -33.08891249781921], [-55.16663504925388, -33.08828842921152], [-55.17515050442642, -33.0913347314013], [-55.182921502774754, -33.091587963943454], [-55.18714789191522, -33.08849821775707], [-55.19272757062199, -33.09238695211905], [-55.1962564687738, -33.098088973284426], [-55.204000634374424, -33.10241671666992], [-55.212442724060764, -33.09773727326506], [-55.217284989895994, -33.09776000397862], [-55.22380832058705, -33.09403615517145], [-55.22673278272941, -33.09501499762905], [-55.23471040668285, -33.10288156531176], [-55.240428031575796, -33.105588917650216], [-55.25032027068124, -33.113355806492976], [-55.27043703453904, -33.116875301678945], [-55.276712951354305, -33.11175322976746], [-55.28424439104124, -33.10974664273689], [-55.284915419693604, -33.103957250808236], [-55.28876590112246, -33.09925355518945], [-55.30973646493901, -33.094457743699884], [-55.32505524838198, -33.10476024519062], [-55.33702735138425, -33.106199706234875], [-55.344256706494114, -33.112983900187416], [-55.347953384269374, -33.11289010139247], [-55.34975030504822, -33.11042956464705], [-55.34976945198212, -33.10667543792099], [-55.35692944673066, -33.102088794280206], [-55.3648427132461, -33.09964962426073], [-55.37001666603377, -33.100020187256], [-55.373107246838444, -33.10353967024486], [-55.378523836930526, -33.104170763180214], [-55.38632880726354, -33.110449082993256], [-55.39027377518754, -33.111749270003116], [-55.394618955245846, -33.10918916863105], [-55.40099087506067, -33.10931699446109], [-55.404976647962556, -33.10491532317842], [-55.40435067682989, -33.09903044600637], [-55.40629928505182, -33.09634644417801], [-55.41651175475609, -33.09206923644475], [-55.43821349420807, -33.08676654641518], [-55.445999009814315, -33.0729833547855], [-55.44696645676211, -33.06505201324952], [-55.44579444626382, -33.06131242577734], [-55.44955350706195, -33.05828909180029], [-55.4511530974578, -33.054652830226324], [-55.44556505053597, -33.04662743097079], [-55.44400618358988, -33.03811712289198], [-55.4408636623663, -33.03338591348676], [-55.43311247991229, -33.026445922185594], [-55.43240175153798, -33.02413801537975], [-55.434145463982915, -33.02050237669975], [-55.43018247104129, -33.0036218035489], [-55.421155722482254, -32.992672411071695], [-55.41959665818738, -32.986842423600976], [-55.41600308172917, -32.9853751116518], [-55.41329472921463, -32.97905606344314], [-55.41433531229065, -32.971534988371296], [-55.41983997692186, -32.96366348149166], [-55.41942267132618, -32.96026413483145], [-55.41555488101716, -32.95588333449248], [-55.41744132812296, -32.95236968576571], [-55.413714741473136, -32.9487174175823], [-55.41663844962115, -32.93828944596535], [-55.42406133650259, -32.932614198002234], [-55.42329668079441, -32.9293290239826], [-55.41755521829095, -32.92591349193348], [-55.42044299330313, -32.92361644399499], [-55.41919057689132, -32.91366105744586], [-55.41288905441909, -32.90696685716237], [-55.41276314814351, -32.902840195817376], [-55.407041478110784, -32.89541932258358], [-55.40820667771351, -32.892146228854315], [-55.411959260225366, -32.88924526115552], [-55.41155740020899, -32.88244778145175], [-55.40525648927108, -32.8762386228199], [-55.396932192368965, -32.87244987080571], [-55.397035548739616, -32.86892972333488], [-55.39350678613176, -32.86673479604345], [-55.38862149567842, -32.86586929575151], [-55.38717675905149, -32.86732087468111], [-55.38071598525128, -32.86511488053696], [-55.379433262746474, -32.8626833445516], [-55.38462454277459, -32.85954528662401], [-55.38553975248479, -32.848261679257355], [-55.38929008410273, -32.845604082664806], [-55.390166067602934, -32.842694267398876], [-55.39077930522272, -32.8269425708136], [-55.39240788674704, -32.824011811753536], [-55.406219097467165, -32.81942788848624], [-55.41484523341336, -32.820563343142744], [-55.41635939304474, -32.81617048804748], [-55.42323514712409, -32.80784578585852], [-55.42025911661283, -32.79800639686256], [-55.42001354321122, -32.788175237783655], [-55.4253437411058, -32.78479312256087], [-55.430665513776496, -32.78335256664528], [-55.43199348622585, -32.77486103161363], [-55.43128422834441, -32.772674401760476], [-55.434607509203474, -32.767950955372754], [-55.44105903513186, -32.76608745798285], [-55.44137669460997, -32.7634800532678], [-55.43622875963455, -32.751407480051746], [-55.436124389760586, -32.74817305251787], [-55.43326262503264, -32.74561606497919], [-55.43090016779847, -32.73951901872909], [-55.430015852568516, -32.732013726957035], [-55.42744698359071, -32.72824382270856], [-55.4218587042704, -32.72555707454915], [-55.42058093103726, -32.72215500866544], [-55.42477541630618, -32.71476438990129], [-55.42554679809342, -32.70999466392532], [-55.4283940194995, -32.70761464377789], [-55.42754938641943, -32.70360709723962], [-55.43014509994175, -32.70070201960595], [-55.43431155228159, -32.699743316198415], [-55.43878404297354, -32.69405211587388], [-55.44309458418488, -32.69285080242988], [-55.4438280954765, -32.68884783379501], [-55.44813308410806, -32.688981347771815], [-55.45835875305624, -32.67954310631818], [-55.460130392305814, -32.666440423245376], [-55.46688880657929, -32.66245347021028], [-55.466617627628914, -32.65820494119535], [-55.46878932034261, -32.65287058357474], [-55.46651831325252, -32.64631079700291], [-55.46767756509647, -32.64315834795501], [-55.46555820897528, -32.63417162128804], [-55.46025891184318, -32.63245824989491], [-55.45770019424004, -32.62711013762249], [-55.45597982645521, -32.62625690664695], [-55.45699484549984, -32.62334688465677], [-55.45342266485102, -32.61993881080809], [-55.44187352402899, -32.61280701218997], [-55.43971406720893, -32.60533622200003], [-55.43959352545201, -32.59963162983282], [-55.437456616264065, -32.596227204673674], [-55.43804039767513, -32.59121634715838], [-55.43712051255265, -32.589294030102096], [-55.4441325027939, -32.588441510404664], [-55.446224322705454, -32.580681494915765], [-55.45305700009615, -32.57267283668883], [-55.455767574294896, -32.5644780551796], [-55.46494741787853, -32.56197237940862], [-55.46619418599203, -32.55918344140145], [-55.471861617968685, -32.55902384666171], [-55.473826495918715, -32.55702202543787], [-55.480011057959196, -32.55678069038829], [-55.48380119755149, -32.558122872156055], [-55.48492312126223, -32.5549117908062], [-55.49133057985626, -32.54873504639036], [-55.48366365017362, -32.544561432719696], [-55.48263412140931, -32.54282148608441], [-55.48822944701907, -32.53341158082924], [-55.48493638418839, -32.53253078989967], [-55.48257285347024, -32.53095419489715], [-55.481861690922656, -32.5281601273711], [-55.47517785371321, -32.52508899675937], [-55.47798047145022, -32.51898810493447], [-55.47593044149766, -32.516277823665895], [-55.471302525404994, -32.51452064417903], [-55.462678787754044, -32.507342607354445], [-55.45714338962657, -32.50069598211136], [-55.450496843400195, -32.48872323751866], [-55.4447544992632, -32.48286081178243], [-55.444690558947286, -32.47954435665216], [-55.44138256272353, -32.476481342962835], [-55.44056911365523, -32.47394851033922], [-55.440372956247394, -32.471504695671186], [-55.44192074111218, -32.470549257448745], [-55.44368912980673, -32.465842280171174], [-55.44381644023844, -32.45964723440656], [-55.446522659140015, -32.45188877881546], [-55.44706407976832, -32.44499680076492], [-55.44954757960231, -32.44142609504658], [-55.45392331104631, -32.42730212724817], [-55.46238599262874, -32.420257042695155], [-55.47180260164876, -32.415339598034684], [-55.474027726070666, -32.41186196884357], [-55.47145966765766, -32.410900943269226], [-55.46457935812462, -32.412947311444306], [-55.45918870942194, -32.41068611471877], [-55.45661051739749, -32.407710028625026], [-55.45314161668306, -32.406081708020814], [-55.43797479012526, -32.40425733985041], [-55.43336165113929, -32.40246229245794], [-55.427708531823676, -32.39825869786067], [-55.426799277645074, -32.39328059482449], [-55.415555972011326, -32.39859928853465], [-55.410294408240524, -32.40519007508509], [-55.40457513402653, -32.40582904136638], [-55.40052144975189, -32.40887122460598], [-55.396086363583834, -32.40793284155157], [-55.393734664164, -32.40478392898244], [-55.38596491277704, -32.40188180871866], [-55.3854832973904, -32.40022007817326], [-55.38211020182905, -32.39873744475474], [-55.37623273649126, -32.39918818237188], [-55.37297503541795, -32.40105038669047], [-55.36822015807545, -32.40038833275075], [-55.366193932578106, -32.39954381250195], [-55.36375155342978, -32.394125275186724], [-55.358210749576344, -32.39148818196487], [-55.35832548106592, -32.38904530806539], [-55.350427399701395, -32.38157782785285], [-55.35137592157091, -32.37627327492779], [-55.34970627315206, -32.37426289794691], [-55.34430156252106, -32.37397622366079], [-55.341338654882925, -32.37231800424863], [-55.34045192049191, -32.36947666940695], [-55.336435879944744, -32.36593009229841], [-55.33707409116502, -32.36174395142657], [-55.332965421289124, -32.36103072167796], [-55.32586053531307, -32.354770849844684], [-55.327518635884985, -32.35133124711294], [-55.326373756175435, -32.34950069482077], [-55.32370611324104, -32.34788710581749], [-55.312786201423776, -32.347254540238424], [-55.30170740044722, -32.34311003458197], [-55.29574007277723, -32.34413344457795], [-55.28748079867064, -32.35055740362009], [-55.28251614439697, -32.347858480575475], [-55.28104113039811, -32.348876904602534], [-55.27762771689521, -32.34789918384832], [-55.268168501212, -32.34829595641306], [-55.25835911849081, -32.351678670530724], [-55.25102814482681, -32.35117534414726], [-55.246069189927766, -32.348113585263384], [-55.24090745638573, -32.34855038327344], [-55.23980787118592, -32.35070154201274], [-55.23389605093263, -32.35430671271617], [-55.22883469638515, -32.355132830561864], [-55.22903886483682, -32.35801070622699], [-55.22575350162527, -32.359127704661994], [-55.226069182743224, -32.36326084771676], [-55.22200331197332, -32.36576565391153], [-55.21881834071603, -32.3610945894326], [-55.218009451268365, -32.35714612675608], [-55.20921519550321, -32.3564013184141], [-55.2087083946483, -32.35811433287559], [-55.20221325157724, -32.35918595548316], [-55.196669107639366, -32.35866419438478], [-55.19441649769364, -32.35693390209533], [-55.19084474388611, -32.35716727113289], [-55.189670011720835, -32.35943111460287], [-55.18723573333882, -32.36044948678841], [-55.1853046448251, -32.36017300647282], [-55.18482040694943, -32.358771740920545], [-55.181533547528424, -32.35889431930442], [-55.180359175755854, -32.356359887108155], [-55.17810070811625, -32.35553959721236], [-55.17630224494527, -32.357149063484755], [-55.172968581905266, -32.35672794690993], [-55.16074507589584, -32.349586320153946], [-55.16040399845991, -32.34725821729987], [-55.16315639910911, -32.34555264875152], [-55.16311164790146, -32.33493200455832], [-55.160137675467965, -32.33431007536467], [-55.154450849244355, -32.32768276396964], [-55.13852542592908, -32.324690817278785], [-55.12672999223989, -32.325033020890864], [-55.124627949512295, -32.31935756745476], [-55.11889930761964, -32.31415147634556], [-55.11815459017374, -32.30807110390555], [-55.11664118765192, -32.306193335967215], [-55.11188278441428, -32.30361095401169], [-55.106761255452014, -32.30368407800203], [-55.095252248421495, -32.3009629961509], [-55.09112331577277, -32.29468250167612], [-55.08816620215178, -32.29371199443175], [-55.08265669195061, -32.294648481043396], [-55.0801776974128, -32.29190340635833], [-55.06758624034901, -32.288088559008756], [-55.061012180535435, -32.291185801178166], [-55.0562460834426, -32.291562401057114], [-55.05174897566642, -32.289995579287], [-55.050679314717996, -32.289238526802244], [-55.05156643153686, -32.2841520224406], [-55.050391437397224, -32.28253342670313], [-55.0439476228405, -32.28087532089226], [-55.043009182202766, -32.27792062056878], [-55.044845838819846, -32.274483343656705], [-55.03036529370645, -32.26550696559164], [-55.026489403119534, -32.26506468736546], [-55.022444866253075, -32.26135687701614], [-55.021961104465795, -32.259010028486394], [-55.01417129718032, -32.25853673283853], [-55.01405334469339, -32.25590743801742], [-55.00538011573183, -32.25083501925672], [-55.00386700829124, -32.24700213093293], [-54.99892432164145, -32.245249177300515], [-54.99149900357467, -32.24656515204683], [-54.98227956358071, -32.239934424936656], [-54.977635367333754, -32.2405016848435], [-54.97260838868616, -32.23676499259325], [-54.969225135289186, -32.23810518029807], [-54.967887975747736, -32.23734567379821], [-54.96535362895685, -32.23074329036976], [-54.959754501576946, -32.22819711073552], [-54.95515941445663, -32.22350676247098], [-54.95278082361656, -32.21904479004858], [-54.94864796860994, -32.21658630851952], [-54.93978737194938, -32.214083653877566], [-54.92651588441845, -32.20418933118667], [-54.9295641397297, -32.19805066444417], [-54.92728239684343, -32.19307015720376], [-54.92823464198288, -32.19051242222631], [-54.927328323066476, -32.188257474111005], [-54.92522109994259, -32.186666795197965], [-54.92509227546578, -32.184722681590415], [-54.92096310503104, -32.1837163199531], [-54.92008575102207, -32.17931043251611], [-54.923000816707024, -32.17502865999331], [-54.92278685318695, -32.17336503236565], [-54.916119054592514, -32.17341639138706], [-54.90938673652998, -32.16828497160496], [-54.91073793714504, -32.165119408505866], [-54.9089869333636, -32.16212244758559], [-54.90832045645781, -32.14794062344824], [-54.90472334796668, -32.14611116989673], [-54.903417649753386, -32.13911036864587], [-54.898487463446614, -32.13418181561961], [-54.900080778077076, -32.12926309645896], [-54.899531301317545, -32.12403697704651], [-54.901142274899115, -32.121940245249576], [-54.894169813881845, -32.115088097846204], [-54.893185766463915, -32.1098363079823], [-54.88871194819978, -32.10730690624403], [-54.8862662064675, -32.103016556641236], [-54.89527220070787, -32.09147148264414], [-54.89513036292888, -32.087454719110845], [-54.892883381812005, -32.085353547464614], [-54.89336738311087, -32.08226797140071], [-54.888962634864654, -32.077728229409445], [-54.88842647532331, -32.07556974027775], [-54.896362407626846, -32.07286778221464], [-54.898661447332984, -32.06964065572388], [-54.89814537638129, -32.06677961257485], [-54.89944066621679, -32.06416313006856], [-54.90374406114953, -32.05994618688278], [-54.90203824095946, -32.0559037886679], [-54.89697438835967, -32.05244118885404], [-54.893469453336266, -32.04470834439741], [-54.891095831625144, -32.04331663444988], [-54.88660369767228, -32.04320052367032], [-54.88525647673872, -32.041205578500644], [-54.88073794927327, -32.03908475494001], [-54.878816473501345, -32.035528428387686], [-54.87311056892633, -32.03346148099874], [-54.87508041938901, -32.028797748768916], [-54.87470620516564, -32.02583515295814], [-54.8691963520855, -32.01940433513462], [-54.86296456126195, -32.00680078056796], [-54.86137431652947, -32.006100674661454], [-54.857943103016865, -32.00629082176555], [-54.85538635111699, -32.00433958994652], [-54.849579753186134, -32.00441688568267], [-54.84607738858244, -32.000770603442625], [-54.84208472252415, -32.00043683353356], [-54.837549332138664, -32.00384351663169], [-54.83289704677904, -32.00187747492576], [-54.83004533615613, -31.999103391650568], [-54.82437981154994, -31.999936413744695], [-54.815136178518166, -31.998732893216804], [-54.81286512859151, -31.99871524285345], [-54.811092367711595, -32.00170937670998], [-54.8064017411822, -32.003362047181845], [-54.79907050520046, -32.00040843659575], [-54.79449894171, -32.004112920340376], [-54.78918318048265, -32.00506569513003], [-54.78485280748802, -31.992814197994523], [-54.782952329915055, -31.991100273544955], [-54.77705398257309, -31.989703473781567], [-54.7724787438993, -31.98321206992073], [-54.77424406654943, -31.981514664633536], [-54.773559479659696, -31.980289826748134], [-54.76810895282443, -31.977287571445945], [-54.765098595566606, -31.96590943739212], [-54.76646901465842, -31.963487174415068], [-54.77033928658431, -31.96273133997358], [-54.77020334706361, -31.959867377264693], [-54.76110523981102, -31.955212675917526], [-54.75721434844496, -31.95038548952994], [-54.75125022508899, -31.950765795487634], [-54.74908751410141, -31.949030199381088], [-54.75029510803988, -31.94617733051094], [-54.75479203720465, -31.943200966961424], [-54.75421000023282, -31.941056297819554], [-54.74546681458456, -31.936694775995544], [-54.73822993009829, -31.936987450127166], [-54.729710038114725, -31.933950041227927], [-54.72842967667868, -31.92988561016227], [-54.722149872159015, -31.92493889818592], [-54.72282565976759, -31.92243458058426], [-54.715531691207175, -31.918699197166116], [-54.71511048971847, -31.911114940310213], [-54.7130850651738, -31.91038785781983], [-54.71182334422789, -31.907616834915604], [-54.71840578767222, -31.898130534349875], [-54.71620402561753, -31.888805853227066], [-54.71320967673443, -31.88404845703476], [-54.71462163433263, -31.88129411498446], [-54.713657092317305, -31.877427715974544], [-54.71555056424372, -31.87357954817302], [-54.70773322907302, -31.87035807020769], [-54.70616311731107, -31.86245817567361], [-54.70661017909619, -31.86089650830901], [-54.71287758770018, -31.85723186113851], [-54.716792347865514, -31.85329000004654], [-54.71825155188919, -31.848050567837806], [-54.71735353324186, -31.845834725962387], [-54.714217269438564, -31.845413670931325], [-54.71299667061467, -31.84364150840935], [-54.710635043808665, -31.83652257470017], [-54.71203645380625, -31.83443289180251], [-54.71198294688825, -31.831120128009132], [-54.708780823547414, -31.828490177731503], [-54.70437113391381, -31.82838589972494], [-54.69950753981153, -31.823757309524975], [-54.69956944002206, -31.82254594666271], [-54.7061380155662, -31.819314194588827], [-54.70155103216483, -31.81126790764809], [-54.7013718883268, -31.806506937790193], [-54.70435274987973, -31.803348507480642], [-54.70322278450021, -31.80039114456002], [-54.695997597819975, -31.798102767481968], [-54.69429116303275, -31.795481538888346], [-54.692198812011746, -31.791558548914534], [-54.692035226110214, -31.778433223116313], [-54.68550012032926, -31.77417527972487], [-54.68617158318481, -31.772474445017938], [-54.6971603621295, -31.768350481896366], [-54.70066073021254, -31.761929310931333], [-54.708626538228664, -31.758704450860513], [-54.71761601244039, -31.757341272150423], [-54.71832284297089, -31.747891760953696], [-54.71218391981464, -31.74631592882449], [-54.70536879021573, -31.741973922279733], [-54.70459312592366, -31.7398794317645], [-54.706403477583606, -31.736367274823614], [-54.719093135027606, -31.73320796950599], [-54.720200591529604, -31.731301937507897], [-54.72625700577879, -31.7293839016785], [-54.74589260321619, -31.729641585383426], [-54.75212405479929, -31.722351412371104], [-54.76174105413257, -31.72517683956401], [-54.763954832259756, -31.72341317989213], [-54.7689946185695, -31.724016677861215], [-54.7719564863389, -31.721081336785055], [-54.790935650774856, -31.721232989166563], [-54.794012690894576, -31.72356017420079], [-54.79705785313926, -31.723250901577376], [-54.799855290162206, -31.721608220838025], [-54.81556989666619, -31.71838342452882], [-54.82017399245514, -31.718700215027447], [-54.82635204580605, -31.715371716963038], [-54.83357982338777, -31.71655199252892], [-54.83587591586335, -31.712634573088742], [-54.845592337975894, -31.71324827145403], [-54.854130748263884, -31.710264883667897], [-54.86128755447803, -31.71150651789419], [-54.867699093753444, -31.71588956127159], [-54.88203709125918, -31.715484432987857], [-54.889817604659065, -31.711763318508137], [-54.89910666861685, -31.71091611289883], [-54.90085281158295, -31.708945730447265], [-54.9088977811377, -31.705182057236506], [-54.90915103019394, -31.70292928796098], [-54.901215864815335, -31.696883282921043], [-54.90095424499221, -31.689774407913465], [-54.90252627636343, -31.6838163924031], [-54.89967829427608, -31.675759055103562], [-54.904763218202554, -31.67030309573933], [-54.905368314757766, -31.66728055304718], [-54.90343717681254, -31.6626916208002], [-54.900663693254344, -31.66013804810829], [-54.8998821982373, -31.655838719702956], [-54.9033004883091, -31.65121700783935], [-54.9036816213896, -31.645799608778212], [-54.90332833921611, -31.639743530745076], [-54.89984222755203, -31.63436930352062], [-54.899671365480806, -31.626484333415576], [-54.89476990267114, -31.622930139121895], [-54.88441878458182, -31.621518915291897], [-54.88226981001419, -31.62255934942009], [-54.87958726068076, -31.6193020701506], [-54.87278405842833, -31.616859571743795], [-54.870694776057476, -31.603610929565946], [-54.86941640896471, -31.5995673637955], [-54.866730387079826, -31.597035682343765], [-54.86706757964284, -31.58795772173066], [-54.86064741009148, -31.58037885498769], [-54.857589671726465, -31.579606236883397], [-54.85599222444389, -31.577247349435336], [-54.8573763053748, -31.572414707361332], [-54.85433890175295, -31.5699848560974], [-54.85422137582632, -31.56533817849649], [-54.85548494474718, -31.562320705191798], [-54.855732751598694, -31.544812911186344], [-54.85368191944013, -31.543025933015212], [-54.84880791503687, -31.542778839111993], [-54.84698298702573, -31.5381669662999], [-54.84512131115335, -31.53718279843738], [-54.839703293758554, -31.537184414548555], [-54.83882500682647, -31.531567066118267], [-54.836618818158215, -31.5305801866291], [-54.83968975661949, -31.525296057677107], [-54.83865348684996, -31.520561713557587], [-54.83372635502806, -31.519716533213053], [-54.83295283060707, -31.518318544793885], [-54.83398495418068, -31.513728048997578], [-54.836892520556205, -31.510096879378075], [-54.836307104434475, -31.504593134443184], [-54.84009810835955, -31.49791242923029], [-54.83794203484076, -31.49536653899011], [-54.83687090574765, -31.48786090225264], [-54.83787610695768, -31.48564140303293], [-54.84160209214298, -31.483876843092514], [-54.83927365881957, -31.478108563506577], [-54.83543746914307, -31.476759869908477], [-54.832768718308834, -31.474210028395657], [-54.830381684748545, -31.469242546012794], [-54.83345792352921, -31.465320128293175], [-54.832418967563534, -31.461591452746724], [-54.83314638059319, -31.458636577747686], [-54.837838457324175, -31.458346004233544], [-54.84157786098326, -31.45348863236755], [-54.84186901275089, -31.44834082102498], [-54.845236998869545, -31.447361071312077], [-54.8448885580404, -31.4442351364048], [-54.83799760170657, -31.44084889579653], [-54.83616518812929, -31.44203003436769], [-54.83366273443543, -31.44008128514359], [-54.83231361187844, -31.440864703015187], [-54.826813796101014, -31.436417648128646], [-54.811499085744735, -31.434929631661234], [-54.81142209947074, -31.43193049001398], [-54.804469547450736, -31.42906749151052], [-54.80451446612174, -31.430041804492028], [-54.80208855073669, -31.430081551242193], [-54.79885654302384, -31.432554372351774], [-54.796142330278094, -31.43015684603431], [-54.78893382058721, -31.434969971584085], [-54.78849825894434, -31.433415410179983], [-54.76815097034118, -31.426101766131314], [-54.76030234838647, -31.426994243307746], [-54.7595836345281, -31.425175764880713], [-54.751334104322765, -31.424977102477666]]]}}, {"id": "30", "type": "Feature", "properties": {"codcuenca": 51, "area": 6802, "nombre_cue": "RÍO TACUAREMBÓ entre nacientes y Ao. Tacuarembó Chico", "cabecera": 51}, "geometry": {"type": "Polygon", "coordinates": [[[-55.5786199040781, -30.840250440885193], [-55.57681050777157, -30.843386158325696], [-55.57457240502311, -30.84246679245197], [-55.57125410389488, -30.84608685374215], [-55.566665271627066, -30.84557807983409], [-55.56462625287252, -30.85278104369838], [-55.56179880062551, -30.855125475111883], [-55.56425422862593, -30.85688878718505], [-55.562826461134335, -30.858635978129993], [-55.56410396494633, -30.86315260910936], [-55.56281086459858, -30.86497219972587], [-55.56296131689741, -30.868760693066175], [-55.554038697865195, -30.87276677061902], [-55.55120548299708, -30.8770140745589], [-55.5520933918385, -30.879022627447043], [-55.55085895206972, -30.880733970531704], [-55.55122400561911, -30.88287230407769], [-55.54535603399467, -30.890662787241585], [-55.53324637531681, -30.897348912307177], [-55.532029135141244, -30.90253712482682], [-55.52877445310608, -30.899445671048376], [-55.526580814026126, -30.900297907091176], [-55.52459856515751, -30.89808392328693], [-55.51654094123417, -30.898810630514642], [-55.509722363017175, -30.90200645456056], [-55.50751569099362, -30.904490865542], [-55.50988653176451, -30.90631363199706], [-55.509676768790456, -30.911481328603234], [-55.50356727336522, -30.92501021145751], [-55.49908497701333, -30.92708786439753], [-55.49326009522461, -30.924634415021046], [-55.48807257309968, -30.925744928931113], [-55.485964772187245, -30.92845017348487], [-55.48912560516206, -30.93374320867099], [-55.489480321994414, -30.93871377404993], [-55.487177019165486, -30.9419326698898], [-55.48634806053873, -30.947847407076477], [-55.478049109644, -30.95387452330366], [-55.47701555093006, -30.952744517928195], [-55.47302807001438, -30.952639788394666], [-55.46866151440337, -30.954730190966036], [-55.46315471478894, -30.950287426624623], [-55.45703749402448, -30.95154307705185], [-55.451752953242924, -30.95796879926705], [-55.45220420357366, -30.960698381261167], [-55.44397860383367, -30.958597013027465], [-55.44090852550395, -30.95991887913535], [-55.44098114748042, -30.963062337048644], [-55.43899992309783, -30.964761480836547], [-55.43908970655791, -30.966804621076687], [-55.43719530352828, -30.969387876795903], [-55.43769784047029, -30.97264527996563], [-55.43545504032996, -30.97149351159848], [-55.43263410975005, -30.97287450441736], [-55.43127062873774, -30.978183024728015], [-55.425964748418636, -30.98137415226213], [-55.424267950067204, -30.98562636030822], [-55.428722952977644, -30.9868207762779], [-55.4284374785107, -30.990080447807454], [-55.43126771441151, -30.99272220581204], [-55.43559918015209, -30.99227000317785], [-55.43707078761725, -30.994168208176426], [-55.43404842757846, -31.00100535322804], [-55.43673353018683, -31.00476948392496], [-55.43063261327213, -31.00776462898675], [-55.43022667974731, -31.01018515316256], [-55.42458420685602, -31.01179234599717], [-55.424342375900835, -31.016716182934058], [-55.42297736854, -31.01797490571748], [-55.421146040653646, -31.016323522296645], [-55.41466265181031, -31.014518512438013], [-55.41105095404195, -31.017641887271765], [-55.40649881948491, -31.018926869894955], [-55.40491336833095, -31.02754446135672], [-55.40053952995049, -31.027382181117794], [-55.3998144894094, -31.028737335789558], [-55.3922245178596, -31.025840942201455], [-55.386949864361085, -31.020728281755698], [-55.37984191818931, -31.023663663319834], [-55.37508338815127, -31.0218893296538], [-55.37375918776909, -31.019260356538297], [-55.37106768817321, -31.023526574105325], [-55.373337536345645, -31.027958044728823], [-55.36909940507168, -31.034446846221382], [-55.36706667458595, -31.035779401166483], [-55.363485051433095, -31.035812432443763], [-55.36242178817604, -31.039136931015957], [-55.35936665521053, -31.040389228065436], [-55.35125766257972, -31.037817860831975], [-55.3494393970301, -31.039277150286125], [-55.34869188032488, -31.043003988312165], [-55.34989856369095, -31.04840620675191], [-55.352929169758276, -31.05374259003702], [-55.35255287729326, -31.057200152032944], [-55.35618865119424, -31.06217778386962], [-55.35888464805684, -31.06342266237426], [-55.3595000985757, -31.06756006824974], [-55.35197837604006, -31.070668328148088], [-55.350646047831624, -31.067813629450033], [-55.349504808497976, -31.068057676053268], [-55.349263768635936, -31.072512311850332], [-55.34539431320136, -31.075768182235215], [-55.3439797630412, -31.079190473603596], [-55.33906782433186, -31.083398488095188], [-55.338685598821165, -31.085241539430253], [-55.32723146512909, -31.088302636896415], [-55.3280557061519, -31.09156156838815], [-55.32952083361665, -31.09198631371799], [-55.32803522603138, -31.09371706840362], [-55.331978719006315, -31.095670560840315], [-55.33323479981829, -31.098809265800014], [-55.3337296366281, -31.10505680605459], [-55.329637341688866, -31.107955113731723], [-55.32854454336813, -31.110485493404564], [-55.33084276931892, -31.112883946390966], [-55.32959933793006, -31.11672606498752], [-55.3367840673173, -31.120098182476898], [-55.33801990886094, -31.126023662183854], [-55.33943907465205, -31.127129073472943], [-55.33807861208337, -31.130407154554987], [-55.339870584441194, -31.13153644468856], [-55.3383020590182, -31.13379011550487], [-55.334138785635666, -31.133017523504364], [-55.33048343292317, -31.134505930693148], [-55.326019067224095, -31.138151328231945], [-55.32049047221766, -31.136115102846713], [-55.31763328761359, -31.14013145119829], [-55.318319217977844, -31.145229790580775], [-55.31352078353342, -31.14582505143057], [-55.31286377379183, -31.1472971839786], [-55.311501442699935, -31.14750848118178], [-55.311259377014906, -31.14563610857781], [-55.30645315443568, -31.143674173780262], [-55.304978527759424, -31.141287483268474], [-55.297253992655904, -31.14475244725675], [-55.29375843271799, -31.14446818360394], [-55.29060759310236, -31.142349812812977], [-55.289418413282796, -31.145352956156707], [-55.29027141922204, -31.1503077885663], [-55.28481430720384, -31.15639646603874], [-55.28992991715628, -31.159370562778953], [-55.28860042701695, -31.16123673650441], [-55.29049218260445, -31.16392739503743], [-55.28837402921634, -31.164333870141668], [-55.28838589341852, -31.166029492245865], [-55.283846979756845, -31.164838903628283], [-55.284403319553434, -31.166568273677683], [-55.28023664084313, -31.170082460233896], [-55.275641080680785, -31.17154293973597], [-55.27401369322718, -31.170291678926755], [-55.27133903928109, -31.172891722170636], [-55.270330735483746, -31.177140031081777], [-55.27118120389216, -31.178762435953075], [-55.27585365819632, -31.178533525503642], [-55.281375159832166, -31.184066493356774], [-55.28513864930631, -31.185502094148394], [-55.282284912915415, -31.19399554181608], [-55.27939338804027, -31.193965837938947], [-55.278506444750796, -31.19523843050301], [-55.27277054827986, -31.194349235970538], [-55.27324719118332, -31.195307198225322], [-55.27024559459486, -31.196196771885674], [-55.262291709202685, -31.194792898436532], [-55.26121249277649, -31.196628250923716], [-55.256426267464136, -31.19824505998147], [-55.253290829016166, -31.20412114472579], [-55.24959132530395, -31.206089536215558], [-55.253501935766025, -31.21120190380043], [-55.25093223362049, -31.21338706933853], [-55.25075415427399, -31.215262244755838], [-55.24942955769564, -31.216014171095896], [-55.24791078950396, -31.21405957489001], [-55.24714451354388, -31.216130634854675], [-55.24819908485002, -31.218511647431786], [-55.246634256612545, -31.224574650040505], [-55.248346649937695, -31.22562819957674], [-55.24837901623112, -31.22728330708025], [-55.24601683818289, -31.233378945523235], [-55.24815094922043, -31.24124357308102], [-55.246592532408116, -31.246025898527833], [-55.24779660000525, -31.248136983074033], [-55.2461164718123, -31.25216569853749], [-55.239817884485575, -31.2537076857127], [-55.23851655696934, -31.25751698358732], [-55.239692539291596, -31.260710279291807], [-55.23740170112839, -31.261620194151302], [-55.23458971335582, -31.258473804990498], [-55.213173285553474, -31.263387767266728], [-55.201692460042366, -31.26185574519081], [-55.198677925962905, -31.26445262304796], [-55.195111896291955, -31.26459822659418], [-55.194910172375465, -31.263406793926706], [-55.19282551545176, -31.264731745666445], [-55.18323905268874, -31.26535348715851], [-55.182385448098266, -31.26765369045104], [-55.179316980921456, -31.268757236784527], [-55.179472536907205, -31.27055723682359], [-55.17353297913793, -31.268170004630885], [-55.16878581713203, -31.269463516777748], [-55.16883299253153, -31.27184019729889], [-55.16326772933251, -31.276186844919092], [-55.162575793360915, -31.279245285168177], [-55.16585612330434, -31.281083308579714], [-55.16387716586672, -31.28218734242261], [-55.162909678656284, -31.28571339197368], [-55.159982227226486, -31.28447679945053], [-55.15622155897432, -31.28542752464442], [-55.15183217125071, -31.28933311599218], [-55.15170007060309, -31.293386372177082], [-55.14887601605663, -31.295333661592554], [-55.146994448422404, -31.294426745810494], [-55.145310301233955, -31.29535161095626], [-55.145679870443864, -31.296489853761397], [-55.13925115922778, -31.297967578006503], [-55.136162641115085, -31.301626777438404], [-55.125143546974726, -31.302543366924173], [-55.12177150835921, -31.304811842382232], [-55.121629386431536, -31.312918892562493], [-55.113333817527376, -31.31125143540193], [-55.10863880308971, -31.307785617178826], [-55.10562712136585, -31.309446840737206], [-55.102480722117946, -31.315120566734688], [-55.09841462293556, -31.31452121868618], [-55.09814940296682, -31.316377612866685], [-55.09157211743287, -31.317779964741547], [-55.090522399367316, -31.320303898706165], [-55.08749077073957, -31.319723444211125], [-55.08706704730986, -31.320974683138804], [-55.085148675919655, -31.321302214604188], [-55.085391353020064, -31.32281418749988], [-55.0805390730311, -31.324550228130175], [-55.0797812317147, -31.326981008072256], [-55.0769552420654, -31.327740723044602], [-55.07379404918994, -31.332128472183648], [-55.07152452403849, -31.331633115965737], [-55.07402348980348, -31.33609066918772], [-55.076096151945066, -31.337208953098433], [-55.07492602294985, -31.339576341329508], [-55.0764214446798, -31.34616557376255], [-55.08005900339564, -31.35334622862853], [-55.07985901726993, -31.36060756279088], [-55.078674718285356, -31.36319457430973], [-55.079538067564414, -31.37179751632918], [-55.073739603149704, -31.37303376628886], [-55.074477886374915, -31.37593840325045], [-55.07354778231147, -31.379417675340626], [-55.06747551499398, -31.381054178549473], [-55.06605013746458, -31.3946346185305], [-55.064422717714876, -31.398037942037497], [-55.065048518828235, -31.400907101370535], [-55.06844125177312, -31.40240697757169], [-55.06966703009181, -31.405482431660158], [-55.07494683239529, -31.40857597283679], [-55.080098849277675, -31.409071488610635], [-55.08729286103018, -31.42201351352717], [-55.087748945797166, -31.426905135758552], [-55.09009569284565, -31.42877774823233], [-55.08579550918662, -31.43828903366229], [-55.08312173322561, -31.439579294529686], [-55.082854778974784, -31.441318059389122], [-55.08676582565795, -31.444167814907132], [-55.09182980144059, -31.452117252679606], [-55.0923266677331, -31.458229483748223], [-55.09693029415522, -31.459088712542346], [-55.102491162414914, -31.462055804063745], [-55.106343396664236, -31.461605408707587], [-55.10975989394643, -31.462892807001893], [-55.11953114809854, -31.469998914007807], [-55.1284518872248, -31.469228125078864], [-55.129651902833075, -31.472968718108607], [-55.128799852914355, -31.476453448614294], [-55.13125208152604, -31.480642866391424], [-55.129095565490104, -31.485727683604505], [-55.126955929522154, -31.48670132094222], [-55.12645265915076, -31.488505461403587], [-55.129239803408616, -31.493206197103675], [-55.12833098998656, -31.49659613306233], [-55.12539530162604, -31.500246591679865], [-55.131040028963746, -31.511742350604276], [-55.12350867439621, -31.519315164745468], [-55.12648558653592, -31.52731461463319], [-55.128627730098955, -31.529346268081067], [-55.13719270190068, -31.532016867776882], [-55.13846595731285, -31.534339701628593], [-55.137891407878534, -31.540301272642807], [-55.13507529775584, -31.54344084703316], [-55.13447399566107, -31.547037254095464], [-55.13876259666802, -31.54882570651032], [-55.137589290544234, -31.551045290182042], [-55.14058403818941, -31.55681647196123], [-55.14310508166322, -31.557440517911743], [-55.15028282821195, -31.565221178463677], [-55.1572062600474, -31.56327673688933], [-55.16207486907724, -31.567977304690935], [-55.17473262526832, -31.573233999854367], [-55.186210737788144, -31.575610486978796], [-55.19155518052373, -31.570808672514545], [-55.193285771571645, -31.571466737584636], [-55.19612039709614, -31.576083247662353], [-55.20397622528563, -31.57838676060595], [-55.209158218564994, -31.582031352016088], [-55.21011896006793, -31.584449475304215], [-55.21271814323481, -31.584373147391798], [-55.2164083033606, -31.586759720590774], [-55.2191802246879, -31.59219620710561], [-55.220170270031865, -31.59846220541902], [-55.23193061560232, -31.613590096452416], [-55.23119078911296, -31.6177187243208], [-55.23438546908419, -31.624477770211122], [-55.23298637969565, -31.629847733424757], [-55.23392325329427, -31.634336718548933], [-55.24146025888647, -31.63880528025693], [-55.2439252130728, -31.643088648937102], [-55.253108390688, -31.643339025699557], [-55.260840857859186, -31.64612961747539], [-55.27817848546368, -31.64055201596742], [-55.28074076223026, -31.64301935873376], [-55.2844416224374, -31.641995346135936], [-55.284289067338584, -31.644555498779045], [-55.28645369734149, -31.64558539599676], [-55.2876279962285, -31.649117793773556], [-55.29162849275517, -31.651825965115208], [-55.29182381385322, -31.655818587184736], [-55.294364345517025, -31.658076310379442], [-55.2948013008254, -31.665999097925948], [-55.29291995894682, -31.66804789725921], [-55.29558392113751, -31.677107639402134], [-55.288314839640094, -31.679166962355595], [-55.28574292536187, -31.684290281232435], [-55.27718976939701, -31.691500262351664], [-55.27568255045278, -31.694023566217144], [-55.27594838159711, -31.701043539474785], [-55.27358985721549, -31.704195219220882], [-55.269500771964026, -31.706317320264596], [-55.26853853805586, -31.715485658306363], [-55.265878021091055, -31.717939840232752], [-55.26650589341916, -31.72087182475232], [-55.26908596360152, -31.722692133140164], [-55.275024091948595, -31.731380645335157], [-55.27499145495999, -31.737168151789277], [-55.270508327641785, -31.742640992802656], [-55.271899402210906, -31.746250228315624], [-55.26940972173447, -31.753135776360104], [-55.271843482114704, -31.7549150941479], [-55.27237791363471, -31.75936294838988], [-55.276676357707956, -31.764680165272278], [-55.27745438654885, -31.77120910685836], [-55.280592949489744, -31.774557324619337], [-55.28192830156669, -31.778623224391207], [-55.28498107918238, -31.780084567757257], [-55.28578126484584, -31.78540294541184], [-55.28436967897951, -31.790594262421532], [-55.28754495200429, -31.79155199485655], [-55.2870379569324, -31.800164315612555], [-55.291078284736464, -31.800325547294264], [-55.29508534113888, -31.798146450681607], [-55.30384102593311, -31.80147805039001], [-55.30612782614762, -31.807688956739366], [-55.31901181135696, -31.80986020142101], [-55.32108023572254, -31.81708979817747], [-55.32413280647103, -31.8179423409038], [-55.32476151785825, -31.821193046505915], [-55.327459518233404, -31.82500250852073], [-55.32542556444265, -31.830824571579548], [-55.329041649834096, -31.83568654217531], [-55.32686058888446, -31.83753241201873], [-55.327264807709135, -31.839659959600763], [-55.33016070695963, -31.841560504867676], [-55.33237921523668, -31.84062377010479], [-55.33694206532493, -31.84123102816021], [-55.33900922085831, -31.842892126425003], [-55.34086019703436, -31.848045330126393], [-55.343828027923024, -31.847752155161963], [-55.349473574205724, -31.853441726128697], [-55.35651949869913, -31.855828758942025], [-55.3571325283305, -31.86146833194198], [-55.35883316281595, -31.86398663309936], [-55.362010615434194, -31.86517875026523], [-55.36241687140515, -31.867069962554734], [-55.37528623522511, -31.867467936940386], [-55.376658881376976, -31.869952895652254], [-55.376231783822575, -31.872549966840594], [-55.378299267773684, -31.87444665382878], [-55.378566408425165, -31.87657357884103], [-55.3872689984478, -31.88049986602799], [-55.39150088179106, -31.887314499850042], [-55.39467474186051, -31.889302269974568], [-55.39315607685957, -31.895282986788168], [-55.39813991044435, -31.89660048906648], [-55.398798835183285, -31.902978267882887], [-55.40241764228304, -31.903431684519166], [-55.40833251682107, -31.907614412166975], [-55.41009492829897, -31.911550827130036], [-55.408576933713775, -31.915292498595345], [-55.4135277995095, -31.92345743066209], [-55.42420094469399, -31.93443453639393], [-55.426479782287174, -31.939677592012107], [-55.42646067237748, -31.944402030224925], [-55.43038650128152, -31.952463420725145], [-55.43306139501839, -31.955574472785656], [-55.44484567607089, -31.9606834622597], [-55.4511138047004, -31.966078895070257], [-55.45361230441985, -31.972482786974314], [-55.45673799871081, -31.97368038851336], [-55.458795173263226, -31.978330494608933], [-55.458180832089035, -31.98181480817837], [-55.45482849600409, -31.983884148312132], [-55.45732218682746, -31.98913541977171], [-55.46092141201504, -31.990208093083567], [-55.45980359794925, -31.99233142674589], [-55.462466618716746, -31.99811597599231], [-55.46084490119108, -32.0109955063033], [-55.463061579783684, -32.01224180157769], [-55.46427562550894, -32.01534828984333], [-55.46924520216147, -32.01539034835739], [-55.47083424957251, -32.01841074317049], [-55.47508868021335, -32.02029908006834], [-55.47557798758695, -32.02462949958512], [-55.48594259232872, -32.03289368530634], [-55.489729764106, -32.039448147219936], [-55.49736691306066, -32.03738834961825], [-55.50777500263028, -32.04101327516531], [-55.51337765800496, -32.04119353014207], [-55.51542515296886, -32.04664077269798], [-55.518991046172346, -32.04614571798921], [-55.521356374619565, -32.04808405009151], [-55.529456763496846, -32.04969057011621], [-55.527199128655376, -32.044053820980885], [-55.527926301099455, -32.04122558473084], [-55.52603121181453, -32.03439082711538], [-55.526810044881245, -32.03325548397433], [-55.536457323968335, -32.03184101569212], [-55.54295646696839, -32.03213958218346], [-55.55176657270302, -32.03472670343974], [-55.55552089267527, -32.03440553303712], [-55.55109655639754, -32.02713314288646], [-55.55290809657077, -32.022935151462185], [-55.55386952797957, -32.014928363125], [-55.551660811249725, -32.01011885886665], [-55.55287383388897, -32.00385990185041], [-55.55847580619847, -31.991498180537604], [-55.560632759045546, -31.983311552207226], [-55.554900575509194, -31.98068413108981], [-55.55469735612244, -31.975372395982884], [-55.547464879416076, -31.966677057261396], [-55.544790376359586, -31.964835154179564], [-55.53715031904704, -31.963249909170848], [-55.53245107665768, -31.957671415628187], [-55.528165198863356, -31.957231185535516], [-55.526279336622736, -31.955825919687662], [-55.52588749789342, -31.952981064542847], [-55.52763375959304, -31.94900320611903], [-55.53687205262921, -31.937646621110584], [-55.54368818944268, -31.933110126909252], [-55.553824443426016, -31.933812741482797], [-55.55490218112552, -31.92983319365871], [-55.55837719051723, -31.927223348404464], [-55.55358586722472, -31.923232508748104], [-55.55106540815016, -31.918108345460404], [-55.55441366258264, -31.91288184607913], [-55.55748586801209, -31.9110675663134], [-55.558821073709936, -31.907221494699222], [-55.571893191566595, -31.902423750338198], [-55.57239759208921, -31.901502023841136], [-55.56978905982142, -31.89755283759687], [-55.57271006996063, -31.888811181587396], [-55.58414928973794, -31.888171100201212], [-55.584086375196435, -31.885045905402027], [-55.582409043413676, -31.88254529811937], [-55.583707807154404, -31.880974962871065], [-55.59534907128945, -31.884647972697124], [-55.59698080200384, -31.887175965346437], [-55.60704673244492, -31.89192000545841], [-55.61428782616864, -31.89244148402936], [-55.61786537729221, -31.890740444254853], [-55.62030883405662, -31.889131979621794], [-55.62300351465572, -31.879598426089874], [-55.62223600842315, -31.869388362117302], [-55.63640108227079, -31.870146184930018], [-55.63798101284363, -31.866789981979863], [-55.63704134054065, -31.86410219937767], [-55.63886026566445, -31.859000008203324], [-55.64830841399458, -31.85598921892181], [-55.65027669995413, -31.8520656284634], [-55.653429159147024, -31.85230116511854], [-55.65390520279345, -31.84981661798902], [-55.65006153463218, -31.842440811715342], [-55.65368674476016, -31.83866701073376], [-55.655360541866834, -31.83336795085914], [-55.660640479487654, -31.831082284275258], [-55.66521982305982, -31.833190169554157], [-55.67629535793758, -31.82235376272075], [-55.68299996611189, -31.822863062707825], [-55.68968397615346, -31.820342048409966], [-55.68757924371042, -31.816211963605067], [-55.69246947466074, -31.813893709951603], [-55.69502983563635, -31.807884458262244], [-55.693713211101525, -31.80078897467023], [-55.69456714463266, -31.797833769947164], [-55.69012750443436, -31.7961350609853], [-55.68836600857366, -31.793618323430824], [-55.68890574445745, -31.790484147632053], [-55.69133672580455, -31.78519076763927], [-55.69693184681827, -31.784670003503834], [-55.698175957940535, -31.7816942585509], [-55.69685789192706, -31.777415442122127], [-55.69392995268851, -31.77652520087134], [-55.69135269672103, -31.771529963040063], [-55.69481348227179, -31.767129374321158], [-55.69349700044577, -31.765952346965115], [-55.69458527145726, -31.76177493355617], [-55.70214365366857, -31.758678497387685], [-55.705575881038925, -31.759397184892016], [-55.706798283184675, -31.757729245608626], [-55.70816631784306, -31.75312438073358], [-55.707154857491176, -31.748654659636276], [-55.71216708543346, -31.74110361936437], [-55.71091802726763, -31.73891918459791], [-55.71324212066589, -31.7358606259383], [-55.712855387273684, -31.733441146828824], [-55.71485306636785, -31.729888951402796], [-55.7160853464706, -31.722852916050673], [-55.715648159529636, -31.720532693094565], [-55.71285337286437, -31.719624299011095], [-55.711231279406604, -31.71742720734386], [-55.71258073198737, -31.712692794215705], [-55.719763703881746, -31.705738946900343], [-55.7239395709813, -31.704389328002808], [-55.72433724210047, -31.698920464616528], [-55.72052815751897, -31.695790949620903], [-55.722490961531015, -31.69314002117032], [-55.72272754419648, -31.69013774482182], [-55.729722541325415, -31.68796503515651], [-55.73147957033036, -31.686039436735882], [-55.73098365622781, -31.684012533678583], [-55.73339810308518, -31.6796155677034], [-55.73132761178671, -31.671543097115332], [-55.73567672021064, -31.66715134983668], [-55.735503186012515, -31.66427393105971], [-55.74199751512191, -31.662669870768212], [-55.74926774273887, -31.655247284505215], [-55.74922869821589, -31.65334625846776], [-55.74728803349096, -31.652017921487243], [-55.745442121031424, -31.64767905313327], [-55.74838555384539, -31.644138434942747], [-55.74677578417791, -31.642550951813917], [-55.749561713868644, -31.63506886909848], [-55.75475137386636, -31.632891528440265], [-55.75935771663056, -31.633283553990875], [-55.760119916275045, -31.62888020181074], [-55.76313214050525, -31.62805543310874], [-55.763542457844736, -31.62565358971804], [-55.76909980825156, -31.620776068806716], [-55.76815202000183, -31.6184476995354], [-55.76919008851507, -31.61683366445514], [-55.77427734921057, -31.612770666198614], [-55.774599312994454, -31.61144464474539], [-55.76992204048364, -31.608656165951015], [-55.76845562929226, -31.604416068723186], [-55.77152985221815, -31.600896754701086], [-55.7721768900504, -31.59735758808334], [-55.77653270441797, -31.596307599374427], [-55.77738172541383, -31.590903311208443], [-55.784603414228016, -31.590626763224822], [-55.78773709926504, -31.59187024013417], [-55.79767387264544, -31.58984252992002], [-55.798132565518394, -31.585589695418893], [-55.80095115712986, -31.58374353558104], [-55.80653979691284, -31.58271069319997], [-55.807380271983774, -31.579635512341945], [-55.8098258669505, -31.579177348744448], [-55.81150706949326, -31.577803211329744], [-55.81150682837908, -31.575840357837688], [-55.81438413835855, -31.57394053254397], [-55.822129458477555, -31.57498838999683], [-55.8240406602114, -31.577474326067946], [-55.829085210245495, -31.57917441683492], [-55.83285541294108, -31.577765275513226], [-55.83760765094166, -31.57780550713667], [-55.84171175583762, -31.579864423783743], [-55.84742723931878, -31.578776355779095], [-55.85086482876261, -31.57589618276102], [-55.85842999674653, -31.574715235976097], [-55.86010923016909, -31.57150846209733], [-55.87141515139859, -31.566006650303276], [-55.87875056698268, -31.565478913458094], [-55.885817303438934, -31.55947798909647], [-55.89242131586321, -31.557880046701506], [-55.89264284775736, -31.550093877364496], [-55.8958492638444, -31.54767065223616], [-55.8943953555539, -31.54538172850148], [-55.89569292530471, -31.54420304678348], [-55.90266843272271, -31.54440072516848], [-55.909910401732056, -31.541467279168643], [-55.91577589212112, -31.536465847266584], [-55.91322487042689, -31.528228399569716], [-55.91614521376792, -31.52625861065576], [-55.92956689181448, -31.510542766119034], [-55.92887722868608, -31.50884230689532], [-55.93095706087388, -31.50476918502204], [-55.93482392159984, -31.50183526527543], [-55.94058314589314, -31.50085348043584], [-55.94297216736014, -31.49722280346429], [-55.94690982809614, -31.49439098136308], [-55.950450927503354, -31.48110074908497], [-55.95710426060895, -31.4798747061155], [-55.97431240139998, -31.469753061244504], [-55.97983878884732, -31.462574681744282], [-55.98084207813724, -31.45613066661299], [-55.989776805024725, -31.451552406527668], [-55.99175153999048, -31.44591358825121], [-55.99516391162777, -31.442249121571237], [-55.991009303360215, -31.438552075335792], [-55.99117454931802, -31.437280756497145], [-55.99752347271143, -31.437079265756125], [-56.00034074146663, -31.43417726462344], [-56.00636988105706, -31.431158788348597], [-56.01479732937545, -31.431823286621384], [-56.019980987299405, -31.42945115584855], [-56.020817779938426, -31.427162946447233], [-56.01952483829163, -31.420135785790784], [-56.03314610674574, -31.41787366769797], [-56.0436608095004, -31.413641632619083], [-56.04955550973639, -31.41387100419725], [-56.05445879322281, -31.410732095006036], [-56.05865186842632, -31.40458551809912], [-56.065671855326364, -31.40165382294504], [-56.06601754661276, -31.39534568543842], [-56.07231942816574, -31.38493143268495], [-56.08127046731981, -31.381858887250765], [-56.08771529682718, -31.367036364925465], [-56.086733152709336, -31.363965519632842], [-56.08756372460505, -31.36035294212452], [-56.0948382109871, -31.354318564065874], [-56.09873432119912, -31.349088878607795], [-56.0976188754418, -31.346609267495644], [-56.098595955630614, -31.345162707339448], [-56.10340199505084, -31.339957214687015], [-56.106401500127326, -31.338848305958535], [-56.111642235409896, -31.331270533513322], [-56.11671498416328, -31.328585053212386], [-56.118433153760094, -31.322608136379557], [-56.12225256055249, -31.320805216522132], [-56.12242868293047, -31.317998050616144], [-56.12495486502175, -31.316204397137284], [-56.12476947958024, -31.311683775541034], [-56.137200681013404, -31.308479677289657], [-56.15377358389438, -31.302283272345502], [-56.1574500255032, -31.29959001440161], [-56.15752048830721, -31.29455840730676], [-56.15409681656434, -31.281957282885788], [-56.15582993095227, -31.277386531518264], [-56.15834427416743, -31.27350747217677], [-56.161861124235884, -31.27257946987802], [-56.16471852525239, -31.26891444714893], [-56.17969714582982, -31.25919800376732], [-56.17918968775806, -31.255281894821344], [-56.183185275755775, -31.2478457922594], [-56.18187421258889, -31.244185069820006], [-56.1765042337067, -31.240149394921804], [-56.17200515729112, -31.240715012704534], [-56.15273690761661, -31.236124676543874], [-56.1527727074766, -31.23348946060267], [-56.14960171541551, -31.22676146457884], [-56.142329968563594, -31.219922421419724], [-56.13674056844911, -31.219025793888964], [-56.12834147024851, -31.215116532251123], [-56.11876989197194, -31.214165994310246], [-56.103814105450084, -31.206810343585826], [-56.09043528279885, -31.206211103935342], [-56.08486946567152, -31.20719859713966], [-56.07859841212207, -31.20505444019938], [-56.07089513169506, -31.199000450446974], [-56.070485652229046, -31.189900335394103], [-56.06900386851821, -31.186360035576275], [-56.07376212448426, -31.181915706135978], [-56.06920033267554, -31.172928240665208], [-56.06210427574184, -31.168595107074907], [-56.057867244426106, -31.169080767668948], [-56.046997377077936, -31.167263142766004], [-56.047657572316446, -31.16428232982158], [-56.058989315411914, -31.155062621447573], [-56.06071649346488, -31.151676735508527], [-56.05514304745226, -31.14172206433429], [-56.05471740106642, -31.138925368868023], [-56.05112477989675, -31.133217448171624], [-56.0341475684154, -31.125256439119998], [-56.02517164729169, -31.118104772351188], [-56.017278710927464, -31.10925777126729], [-56.014644695967505, -31.1009042107444], [-56.01428025258634, -31.087824293201834], [-56.00950607860969, -31.082325332399016], [-55.99296337680883, -31.085705753094665], [-55.989359667800976, -31.084696616067973], [-55.98580638990791, -31.075909618960566], [-55.98204801504727, -31.073974472661337], [-55.96799428570882, -31.07486321052809], [-55.9448273389928, -31.08300716385288], [-55.931962118564066, -31.08936411878478], [-55.9277433181948, -31.08843578707953], [-55.925284377117734, -31.081478738977797], [-55.92503585216865, -31.076827136798805], [-55.91909941042084, -31.072696239697244], [-55.90945441255348, -31.0728408545075], [-55.89859070827911, -31.066921689204715], [-55.89679415086868, -31.067817258968354], [-55.892432173750535, -31.074657704382044], [-55.88558158762773, -31.078199900088944], [-55.87527530386213, -31.0726398922145], [-55.87148942136525, -31.073288200683585], [-55.86884502864462, -31.06607327518371], [-55.863534270753476, -31.059603208941283], [-55.856469290078365, -31.04761140025164], [-55.851243621828836, -31.04381991907059], [-55.84532971940605, -31.0422489435963], [-55.83068735284121, -31.043826445110458], [-55.82391551870638, -31.037183735806334], [-55.82301228574736, -31.033988107623077], [-55.811600409510305, -31.02151485410758], [-55.813221865758585, -31.015570920112943], [-55.8088317562309, -31.014962485925164], [-55.806836308348714, -31.016468845838208], [-55.80090779203601, -31.015742962457093], [-55.796074260652155, -31.01686582043894], [-55.79459745963692, -31.015156591961908], [-55.78037618297007, -31.01700869895278], [-55.78003757689831, -31.01494771560229], [-55.77631069552469, -31.01570471468483], [-55.766048203315016, -31.009970596601235], [-55.76718067412966, -31.00349946551951], [-55.77409062058936, -31.00001503354732], [-55.77283373143923, -30.997002289681124], [-55.76618032973391, -30.997203655695273], [-55.76257001538164, -31.000061815088877], [-55.76129436226935, -30.99903773534383], [-55.758103967795165, -30.99963653090766], [-55.756081422124524, -30.997827465844306], [-55.75152392918083, -30.998628563700304], [-55.74944804036296, -30.99463667473416], [-55.74994161625944, -30.991764180370385], [-55.748229651484216, -30.98914336170203], [-55.74658933794922, -30.98902995097239], [-55.74515128739442, -30.985353929661848], [-55.746574542573406, -30.982702811706833], [-55.74612057849815, -30.979608954949846], [-55.740489501427255, -30.97894806439824], [-55.733015682324854, -30.981298479649876], [-55.72749481014821, -30.979378867932677], [-55.73099778958907, -30.974217153716776], [-55.72937810012591, -30.970901630096744], [-55.723714214562285, -30.966217312276086], [-55.725302103104056, -30.962971233481714], [-55.722138175292386, -30.957548665573476], [-55.72420881607269, -30.951236262851502], [-55.72185822279627, -30.94910626537594], [-55.72079059004167, -30.94542115544254], [-55.723033878932135, -30.944606246719324], [-55.72372655470853, -30.942865895414947], [-55.71890521447675, -30.9417400340495], [-55.71582701448941, -30.94305491241487], [-55.71613633988428, -30.946072132687764], [-55.71071150521377, -30.949969426347657], [-55.709417087944175, -30.954875121606936], [-55.703775909048986, -30.955227314114733], [-55.70048260903947, -30.951729773701143], [-55.700417443554414, -30.94960563619278], [-55.697122509860954, -30.94823209466081], [-55.69470764468201, -30.943598644657648], [-55.68862777615264, -30.944910394772887], [-55.68935010808298, -30.94720647374726], [-55.68836573337089, -30.952599275522303], [-55.67624571362766, -30.95599308953411], [-55.67148240816028, -30.95541570463866], [-55.671417525746776, -30.953557629411012], [-55.66588176026233, -30.954025525897983], [-55.664319138317595, -30.946871452227697], [-55.6614835332201, -30.948726457109558], [-55.658263292482836, -30.944161670564785], [-55.66001005482426, -30.942960299375944], [-55.66001378137788, -30.94040334425042], [-55.66297471890295, -30.934819792124593], [-55.6626515764444, -30.932748116588904], [-55.654681827991475, -30.925445351044743], [-55.64838737454464, -30.92298211299397], [-55.647022025362894, -30.919504701786142], [-55.64272056880822, -30.914689998999876], [-55.64216051477767, -30.910901726342253], [-55.64915483189586, -30.904163419791157], [-55.64842096063729, -30.901676951633046], [-55.650704136419215, -30.900880660054426], [-55.65141363956252, -30.896960719675928], [-55.65357633604206, -30.89632698661994], [-55.65418122890514, -30.893412991649406], [-55.65291813326613, -30.88919489358788], [-55.65462208351251, -30.885497984650602], [-55.65260106553599, -30.883394759762854], [-55.65908013919203, -30.877614681607593], [-55.660829011035844, -30.86969535115894], [-55.65757111489043, -30.863695052754615], [-55.6513278575826, -30.864580973582758], [-55.65188172722724, -30.8660337625538], [-55.6494299123172, -30.86621583577849], [-55.6448782056988, -30.857619298478404], [-55.64627203311451, -30.85511351139256], [-55.642582591675236, -30.85010319702408], [-55.63888748919485, -30.84870963263359], [-55.63753541299608, -30.846349314757237], [-55.63220582959483, -30.845359381425766], [-55.628503455770996, -30.848240807526118], [-55.623665117435344, -30.845857642665123], [-55.62218101259881, -30.84215757164252], [-55.618223535236645, -30.84181384231112], [-55.61252793135097, -30.84315866565123], [-55.61048767003207, -30.848441187193533], [-55.60387310107815, -30.850023298565358], [-55.604010121291346, -30.84899076156853], [-55.59954047740588, -30.847725685521414], [-55.58982719874651, -30.841062837059525], [-55.58606231177358, -30.84129569277572], [-55.58664092335354, -30.838590763967797], [-55.584503275477836, -30.837892715020136], [-55.58449853534658, -30.836359372731316], [-55.57803032953177, -30.832997663020056], [-55.57691747548827, -30.83357751668035], [-55.5776540164089, -30.83542329442921], [-55.576624600020665, -30.836350543562652], [-55.5786199040781, -30.840250440885193]]]}}, {"id": "31", "type": "Feature", "properties": {"codcuenca": 52, "area": 3492, "nombre_cue": "Ao. TACUAREMBÓ CHICO", "cabecera": 52}, "geometry": {"type": "Polygon", "coordinates": [[[-56.05445879322281, -31.410732095006036], [-56.04955550973639, -31.41387100419725], [-56.0436608095004, -31.413641632619083], [-56.03314610674574, -31.41787366769797], [-56.01952483829163, -31.420135785790784], [-56.020817779938426, -31.427162946447233], [-56.019980987299405, -31.42945115584855], [-56.01479732937545, -31.431823286621384], [-56.00636988105706, -31.431158788348597], [-56.00034074146663, -31.43417726462344], [-55.99752347271143, -31.437079265756125], [-55.99117454931802, -31.437280756497145], [-55.991009303360215, -31.438552075335792], [-55.99516391162777, -31.442249121571237], [-55.99175153999048, -31.44591358825121], [-55.989776805024725, -31.451552406527668], [-55.98084207813724, -31.45613066661299], [-55.97983878884732, -31.462574681744282], [-55.97431240139998, -31.469753061244504], [-55.95710426060895, -31.4798747061155], [-55.950450927503354, -31.48110074908497], [-55.94690982809614, -31.49439098136308], [-55.94297216736014, -31.49722280346429], [-55.94058314589314, -31.50085348043584], [-55.93482392159984, -31.50183526527543], [-55.93095706087388, -31.50476918502204], [-55.92887722868608, -31.50884230689532], [-55.92956689181448, -31.510542766119034], [-55.91614521376792, -31.52625861065576], [-55.91322487042689, -31.528228399569716], [-55.91577589212112, -31.536465847266584], [-55.909910401732056, -31.541467279168643], [-55.90266843272271, -31.54440072516848], [-55.89569292530471, -31.54420304678348], [-55.8943953555539, -31.54538172850148], [-55.8958492638444, -31.54767065223616], [-55.89264284775736, -31.550093877364496], [-55.89242131586321, -31.557880046701506], [-55.885817303438934, -31.55947798909647], [-55.87875056698268, -31.565478913458094], [-55.87141515139859, -31.566006650303276], [-55.86010923016909, -31.57150846209733], [-55.85842999674653, -31.574715235976097], [-55.85086482876261, -31.57589618276102], [-55.84742723931878, -31.578776355779095], [-55.84171175583762, -31.579864423783743], [-55.83760765094166, -31.57780550713667], [-55.83285541294108, -31.577765275513226], [-55.829085210245495, -31.57917441683492], [-55.8240406602114, -31.577474326067946], [-55.822129458477555, -31.57498838999683], [-55.81438413835855, -31.57394053254397], [-55.81150682837908, -31.575840357837688], [-55.81150706949326, -31.577803211329744], [-55.8098258669505, -31.579177348744448], [-55.807380271983774, -31.579635512341945], [-55.80653979691284, -31.58271069319997], [-55.80095115712986, -31.58374353558104], [-55.798132565518394, -31.585589695418893], [-55.79767387264544, -31.58984252992002], [-55.78773709926504, -31.59187024013417], [-55.784603414228016, -31.590626763224822], [-55.77738172541383, -31.590903311208443], [-55.77653270441797, -31.596307599374427], [-55.7721768900504, -31.59735758808334], [-55.77152985221815, -31.600896754701086], [-55.76845562929226, -31.604416068723186], [-55.76992204048364, -31.608656165951015], [-55.774599312994454, -31.61144464474539], [-55.77427734921057, -31.612770666198614], [-55.76919008851507, -31.61683366445514], [-55.76815202000183, -31.6184476995354], [-55.76909980825156, -31.620776068806716], [-55.763542457844736, -31.62565358971804], [-55.76313214050525, -31.62805543310874], [-55.760119916275045, -31.62888020181074], [-55.75935771663056, -31.633283553990875], [-55.75475137386636, -31.632891528440265], [-55.749561713868644, -31.63506886909848], [-55.74677578417791, -31.642550951813917], [-55.74838555384539, -31.644138434942747], [-55.745442121031424, -31.64767905313327], [-55.74728803349096, -31.652017921487243], [-55.74922869821589, -31.65334625846776], [-55.74926774273887, -31.655247284505215], [-55.74199751512191, -31.662669870768212], [-55.735503186012515, -31.66427393105971], [-55.73567672021064, -31.66715134983668], [-55.73132761178671, -31.671543097115332], [-55.73339810308518, -31.6796155677034], [-55.73098365622781, -31.684012533678583], [-55.73147957033036, -31.686039436735882], [-55.729722541325415, -31.68796503515651], [-55.72272754419648, -31.69013774482182], [-55.722490961531015, -31.69314002117032], [-55.72052815751897, -31.695790949620903], [-55.72433724210047, -31.698920464616528], [-55.7239395709813, -31.704389328002808], [-55.719763703881746, -31.705738946900343], [-55.71258073198737, -31.712692794215705], [-55.711231279406604, -31.71742720734386], [-55.71285337286437, -31.719624299011095], [-55.715648159529636, -31.720532693094565], [-55.7160853464706, -31.722852916050673], [-55.71485306636785, -31.729888951402796], [-55.712855387273684, -31.733441146828824], [-55.71324212066589, -31.7358606259383], [-55.71091802726763, -31.73891918459791], [-55.71216708543346, -31.74110361936437], [-55.707154857491176, -31.748654659636276], [-55.70816631784306, -31.75312438073358], [-55.706798283184675, -31.757729245608626], [-55.705575881038925, -31.759397184892016], [-55.70214365366857, -31.758678497387685], [-55.69396952137709, -31.76247497915976], [-55.69349700044577, -31.765952346965115], [-55.69481348227179, -31.767129374321158], [-55.69135269672103, -31.771529963040063], [-55.691380112204975, -31.773131256016907], [-55.69392995268851, -31.77652520087134], [-55.69685789192706, -31.777415442122127], [-55.698175957940535, -31.7816942585509], [-55.69693184681827, -31.784670003503834], [-55.69133672580455, -31.78519076763927], [-55.68890574445745, -31.790484147632053], [-55.68836600857366, -31.793618323430824], [-55.69012750443436, -31.7961350609853], [-55.69456714463266, -31.797833769947164], [-55.693713211101525, -31.80078897467023], [-55.69502983563635, -31.807884458262244], [-55.69246947466074, -31.813893709951603], [-55.68757924371042, -31.816211963605067], [-55.68968397615346, -31.820342048409966], [-55.68299996611189, -31.822863062707825], [-55.67629535793758, -31.82235376272075], [-55.66521982305982, -31.833190169554157], [-55.660640479487654, -31.831082284275258], [-55.655360541866834, -31.83336795085914], [-55.65368674476016, -31.83866701073376], [-55.65006153463218, -31.842440811715342], [-55.65390520279345, -31.84981661798902], [-55.653429159147024, -31.85230116511854], [-55.65027669995413, -31.8520656284634], [-55.64830841399458, -31.85598921892181], [-55.63886026566445, -31.859000008203324], [-55.63704134054065, -31.86410219937767], [-55.63798101284363, -31.866789981979863], [-55.63640108227079, -31.870146184930018], [-55.62223600842315, -31.869388362117302], [-55.62300351465572, -31.879598426089874], [-55.62030883405662, -31.889131979621794], [-55.61786537729221, -31.890740444254853], [-55.61428782616864, -31.89244148402936], [-55.60704673244492, -31.89192000545841], [-55.59698080200384, -31.887175965346437], [-55.59534907128945, -31.884647972697124], [-55.583707807154404, -31.880974962871065], [-55.582409043413676, -31.88254529811937], [-55.584086375196435, -31.885045905402027], [-55.58414928973794, -31.888171100201212], [-55.57271006996063, -31.888811181587396], [-55.56978905982142, -31.89755283759687], [-55.57239759208921, -31.901502023841136], [-55.571893191566595, -31.902423750338198], [-55.558821073709936, -31.907221494699222], [-55.55748586801209, -31.9110675663134], [-55.55441366258264, -31.91288184607913], [-55.55106540815016, -31.918108345460404], [-55.55358586722472, -31.923232508748104], [-55.55837719051723, -31.927223348404464], [-55.55490218112552, -31.92983319365871], [-55.553824443426016, -31.933812741482797], [-55.54368818944268, -31.933110126909252], [-55.53687205262921, -31.937646621110584], [-55.52763375959304, -31.94900320611903], [-55.52588749789342, -31.952981064542847], [-55.526279336622736, -31.955825919687662], [-55.528165198863356, -31.957231185535516], [-55.53245107665768, -31.957671415628187], [-55.53715031904704, -31.963249909170848], [-55.544790376359586, -31.964835154179564], [-55.547464879416076, -31.966677057261396], [-55.55469735612244, -31.975372395982884], [-55.554900575509194, -31.98068413108981], [-55.560632759045546, -31.983311552207226], [-55.55847580619847, -31.991498180537604], [-55.55287383388897, -32.00385990185041], [-55.551660811249725, -32.01011885886665], [-55.55386952797957, -32.014928363125], [-55.55290809657077, -32.022935151462185], [-55.55109655639754, -32.02713314288646], [-55.55552089267527, -32.03440553303712], [-55.56059993500414, -32.03436216944237], [-55.565732685580876, -32.02739827711733], [-55.57197628836042, -32.026067334130985], [-55.574661619322484, -32.02768438247698], [-55.57728748735131, -32.03333188824752], [-55.584745855129874, -32.0393503185038], [-55.6018283397834, -32.043223335895384], [-55.60452042896842, -32.03697988784353], [-55.6208560853089, -32.021560938988976], [-55.627103550213945, -32.011109181862786], [-55.63379798030148, -32.00938289594427], [-55.63948130092798, -32.003440838094285], [-55.642710538240294, -31.997200153807672], [-55.65811139102956, -31.98808029352993], [-55.6623391533476, -31.988718172365047], [-55.66524263744702, -31.99219176902968], [-55.67018737300892, -31.992196923849033], [-55.674111028253364, -31.994431899430275], [-55.6957775025649, -31.997674132857096], [-55.70167871745778, -31.99618824903287], [-55.70589394014177, -31.99909269300275], [-55.70893339301437, -31.999115003866848], [-55.71454354493283, -31.995137455032552], [-55.73647459691528, -31.9939324734247], [-55.74101767571865, -31.985804429801426], [-55.74567276590599, -31.98320364266834], [-55.75294450245714, -31.981719194981334], [-55.75614297377844, -31.983207692716455], [-55.763851717728265, -31.979367795163103], [-55.77110536501325, -31.97942446701538], [-55.77484176305636, -31.981064688946933], [-55.78237149973003, -31.976053996287106], [-55.78821862246668, -31.97615247448896], [-55.79627436545698, -31.973338399678013], [-55.79863720868335, -31.97376001426797], [-55.80218053769606, -31.977467214398125], [-55.805876202722196, -31.97887702241381], [-55.80885119168006, -31.984739187320912], [-55.815509859871646, -31.986812863140557], [-55.819547500102786, -31.990650521485865], [-55.82012000742405, -31.994125122916028], [-55.817277264897875, -31.99757775285618], [-55.821360303557405, -32.0007777443999], [-55.82577104002384, -32.00686504355676], [-55.82908114219054, -32.01670967258705], [-55.83079666789017, -32.018518304570655], [-55.836636121753386, -32.01963000549987], [-55.84137678345048, -32.0231190118958], [-55.84607717319826, -32.03698669275835], [-55.848894867147735, -32.03642901252622], [-55.850734114130475, -32.03903746919477], [-55.85449293239541, -32.03968725117256], [-55.855064529624805, -32.04381262329462], [-55.857203348633085, -32.045586243893815], [-55.862418276610654, -32.04425061041523], [-55.86413722210161, -32.04946410309541], [-55.869864638807066, -32.054555291396404], [-55.86923273117407, -32.05707668773033], [-55.873376104045434, -32.05950279156399], [-55.87602694115112, -32.063086059538705], [-55.878469300853574, -32.060829597354164], [-55.88404013742163, -32.06458431465468], [-55.88594122437975, -32.064525219985526], [-55.88701691525912, -32.06174270582432], [-55.89070462140741, -32.061559284204264], [-55.89320584950693, -32.05951951500314], [-55.89557730613029, -32.05931453527665], [-55.90135090768863, -32.06168066329127], [-55.90189176611224, -32.059598715714515], [-55.90460707253868, -32.05919176495782], [-55.90916124870173, -32.06364005059054], [-55.91085846812013, -32.063465118028944], [-55.916400680090405, -32.0623469673986], [-55.919405453663714, -32.05727063331542], [-55.924025039568775, -32.05736691351389], [-55.9259887194318, -32.05558748516493], [-55.93901926805263, -32.059422452860865], [-55.939712746225126, -32.06216456007147], [-55.94637364126034, -32.066609163663344], [-55.95210298784189, -32.074068249005556], [-55.954070118809305, -32.0744464255282], [-55.95732192695827, -32.071379616920105], [-55.964505937861226, -32.06837933522413], [-55.970691325667424, -32.0718403354903], [-55.975309723755174, -32.07235440735296], [-55.97796333160636, -32.07512605070093], [-55.984407396121064, -32.07816983487139], [-55.99012210781214, -32.07690079858982], [-55.995556734840136, -32.07787546049465], [-55.999348256335914, -32.07266578964692], [-55.99717907511463, -32.06601850218561], [-56.001966758163974, -32.05913184167027], [-56.01424025333399, -32.05257806019119], [-56.01633487059681, -32.04835365864191], [-56.02522050457924, -32.045331554464745], [-56.0256898703726, -32.04296010694312], [-56.035802871445725, -32.04242132301236], [-56.04195571268618, -32.03315855368232], [-56.04635635397158, -32.0309603845264], [-56.04651366489726, -32.02736761984336], [-56.05285501202642, -32.02278752224754], [-56.054739434084475, -32.01705957200316], [-56.05771711850716, -32.01410473544377], [-56.074529064411934, -32.01256379783547], [-56.08021856811804, -32.01441404518032], [-56.08154550745673, -32.01717636316415], [-56.08901124993346, -32.017448671446104], [-56.09260170518952, -32.01547456141869], [-56.09245000859625, -32.01044457332672], [-56.11028706791954, -32.007626838916565], [-56.11163086564723, -32.003691785130854], [-56.123159825918876, -31.999317283435975], [-56.12445161076378, -31.993725916980946], [-56.129117911660465, -31.984524620630847], [-56.135878559041515, -31.98062629740111], [-56.13806467822368, -31.97737378928759], [-56.14163013233891, -31.97632464177598], [-56.15357178456587, -31.978529278494353], [-56.15538937103222, -31.97762390068413], [-56.15629041485738, -31.975168828640424], [-56.155441909342485, -31.968265938399707], [-56.16430006670532, -31.95613900091508], [-56.16849200441906, -31.952946787004183], [-56.16879850718113, -31.944793225728215], [-56.17228025362372, -31.933797182843847], [-56.18213914025458, -31.924111879869404], [-56.18070976759964, -31.908847870978903], [-56.182422718935776, -31.902529469424056], [-56.170104354573006, -31.87952910164784], [-56.17573295190612, -31.875261356049926], [-56.177950762768404, -31.87194327825487], [-56.18178029818086, -31.871352324212346], [-56.18585937893433, -31.872457643870394], [-56.18853674024562, -31.874726148887355], [-56.18864122520474, -31.87650576165666], [-56.19815349312804, -31.87894972460419], [-56.21673622754791, -31.873561034346814], [-56.22318445135495, -31.87579225779625], [-56.22595382558566, -31.87824577129325], [-56.23511456200336, -31.877017509256795], [-56.238012035822535, -31.87997238027167], [-56.248696845577356, -31.87137835830165], [-56.24825659290013, -31.869001656158943], [-56.243242195248214, -31.866397053693653], [-56.24945161864776, -31.86240675525618], [-56.25005099282746, -31.859336391546687], [-56.25461124839712, -31.854573259650312], [-56.266219791179765, -31.850885662283584], [-56.267609615963536, -31.847452661506487], [-56.267392622121484, -31.83632817324117], [-56.27220091215383, -31.83273933604697], [-56.27567134802426, -31.82590526881837], [-56.272467045289545, -31.82181906464449], [-56.27034805116067, -31.816332927068828], [-56.27399573579518, -31.812523561516684], [-56.267597890162946, -31.797251416177033], [-56.268949439998394, -31.794944606574838], [-56.26811678493022, -31.78852776802194], [-56.26454810198841, -31.782390538679667], [-56.264130536037314, -31.779202527253794], [-56.269416622846364, -31.775268661248887], [-56.265782565101546, -31.763786229441887], [-56.26654795815018, -31.760379944364253], [-56.2691629713095, -31.75686458527031], [-56.26985996058392, -31.75164267589499], [-56.2747410269929, -31.74743537322149], [-56.27776348783194, -31.741311947521318], [-56.27968537676308, -31.739999890700286], [-56.289407072348425, -31.74212906731023], [-56.30335753733136, -31.74150080809787], [-56.306336335185215, -31.736473158606813], [-56.307867377418276, -31.720044003717636], [-56.30994199695798, -31.718452774173997], [-56.31264726438799, -31.705283657972974], [-56.31584361427814, -31.69735600971228], [-56.323503868513285, -31.691190854865294], [-56.33571160004752, -31.688199955337673], [-56.337872919499674, -31.68389008305829], [-56.336911204880806, -31.676755596461422], [-56.347427981207545, -31.66786160025863], [-56.33794627341395, -31.65681354654225], [-56.337652045530945, -31.64846327336573], [-56.33316663945589, -31.63827939043955], [-56.33731031578578, -31.63617510122717], [-56.339272955179496, -31.63412499925975], [-56.3389583302426, -31.632529366151516], [-56.33031212968194, -31.62878420420846], [-56.33156402777403, -31.62653749115509], [-56.3373794277847, -31.62655637662133], [-56.338207028196905, -31.619321379911497], [-56.34354188764515, -31.620303599389405], [-56.35166231266668, -31.618800205292388], [-56.352958699483935, -31.616919902764376], [-56.35289757294197, -31.613848087388384], [-56.36133633740759, -31.605309002509756], [-56.36466655755769, -31.60343928193693], [-56.366539600908894, -31.59956631511901], [-56.36560200843101, -31.593850748057104], [-56.361083939935696, -31.5916988811958], [-56.35897198912885, -31.58746455393318], [-56.36278721569707, -31.581245032931452], [-56.362483763640626, -31.579598889142122], [-56.3592887479617, -31.576986403406693], [-56.35853533488311, -31.574741950926644], [-56.35394384003167, -31.572410493656427], [-56.353866786957994, -31.56855493973582], [-56.34413323558926, -31.566659252459075], [-56.33752656275029, -31.563750030318136], [-56.33423937354297, -31.55896288577429], [-56.33443499952758, -31.554790333108034], [-56.336146429501326, -31.553485641304302], [-56.33585978586082, -31.550792355774306], [-56.32885116379027, -31.54608583145794], [-56.32351680435891, -31.54440730519842], [-56.324578627680864, -31.540615526778463], [-56.32870904826228, -31.53651134246236], [-56.32878057849374, -31.5335644247004], [-56.32723086575923, -31.530788219000943], [-56.32397110307822, -31.528791955052217], [-56.321325511615925, -31.523624024008992], [-56.32016866153656, -31.51025673975865], [-56.3218716295978, -31.50824013937841], [-56.32173496803365, -31.505604861428647], [-56.31623662719412, -31.50068809418538], [-56.313234414127265, -31.49606246825991], [-56.31452535759777, -31.493303042039624], [-56.31175502259526, -31.488192248095867], [-56.29808477411163, -31.48276271536162], [-56.29708639696446, -31.48011525254431], [-56.28062326969951, -31.46525231076556], [-56.270820745849086, -31.460638048571486], [-56.26541716855218, -31.459987600638428], [-56.25218712093591, -31.453259815594535], [-56.251866022421964, -31.451526877572764], [-56.25421018994767, -31.44945379981526], [-56.254915532653584, -31.442936182615565], [-56.25806689347786, -31.443270612706648], [-56.25962249660806, -31.44190400626878], [-56.259986188940715, -31.438903216601872], [-56.25791580816748, -31.437142826042678], [-56.25690067577345, -31.431151273504778], [-56.25420308717326, -31.42939305435745], [-56.25266687060948, -31.431191706832696], [-56.24548832693774, -31.43160573409098], [-56.236804368093516, -31.427117908078703], [-56.22896922094405, -31.427989455279754], [-56.22354983675349, -31.4217855792818], [-56.218729204556176, -31.421040485147564], [-56.2144604170985, -31.417828184882186], [-56.21619164462343, -31.415058664368733], [-56.21217058147322, -31.41039660830652], [-56.21148063476139, -31.407285161893128], [-56.205566039553666, -31.40331065952427], [-56.2013819362956, -31.40228349159636], [-56.198627095854775, -31.38653538020078], [-56.17444842015303, -31.36779164583603], [-56.173938609976204, -31.363782283192386], [-56.17645796983315, -31.354243321817524], [-56.180106573443, -31.34839100894624], [-56.18560115796295, -31.334155020417114], [-56.18530252080048, -31.330271746531874], [-56.181260572130746, -31.325523469981537], [-56.18035264375322, -31.322261524767143], [-56.17622187406252, -31.318548164839378], [-56.15377358389438, -31.302283272345502], [-56.12476947958024, -31.311683775541034], [-56.12495486502175, -31.316204397137284], [-56.12242868293047, -31.317998050616144], [-56.12225256055249, -31.320805216522132], [-56.118433153760094, -31.322608136379557], [-56.11671498416328, -31.328585053212386], [-56.111642235409896, -31.331270533513322], [-56.106401500127326, -31.338848305958535], [-56.10340199505084, -31.339957214687015], [-56.098595955630614, -31.345162707339448], [-56.0976188754418, -31.346609267495644], [-56.09873432119912, -31.349088878607795], [-56.0948382109871, -31.354318564065874], [-56.08756372460505, -31.36035294212452], [-56.086733152709336, -31.363965519632842], [-56.08771529682718, -31.367036364925465], [-56.08127046731981, -31.381858887250765], [-56.07231942816574, -31.38493143268495], [-56.06601754661276, -31.39534568543842], [-56.065671855326364, -31.40165382294504], [-56.05865186842632, -31.40458551809912], [-56.05445879322281, -31.410732095006036]]]}}, {"id": "32", "type": "Feature", "properties": {"codcuenca": 53, "area": 5974, "nombre_cue": "RÍO TACUAREMBÓ entre Ao. Tacuarembó Chico y Río Negro", "cabecera": 51}, "geometry": {"type": "Polygon", "coordinates": [[[-55.00164365034443, -31.26890806825696], [-55.000385644368166, -31.27505996737579], [-55.000849794783875, -31.281420980207812], [-54.997831616426254, -31.283187854775612], [-54.99395370625776, -31.28285244015628], [-54.99502768885613, -31.288306409191758], [-54.98824107039934, -31.291753894680113], [-54.98862860932463, -31.293713376109096], [-54.98486406068141, -31.292210493116478], [-54.982735957829334, -31.29382482358898], [-54.98269586567392, -31.29580865509422], [-54.98116821606946, -31.29613712137441], [-54.979212517639496, -31.303213230412567], [-54.98194455873236, -31.311960626176226], [-54.979667943156215, -31.312397028786474], [-54.97791375002865, -31.316931155120276], [-54.97406202887066, -31.316906434373617], [-54.96406161622847, -31.320543814824163], [-54.95718848508384, -31.324471530688022], [-54.952904282823916, -31.331942212450684], [-54.9525484102339, -31.33933953200293], [-54.95848985900129, -31.339599580910885], [-54.95996873473591, -31.342039751995376], [-54.959654007113514, -31.345825454437502], [-54.960929882243896, -31.346658994521945], [-54.959743352439055, -31.351584336938522], [-54.958996610355285, -31.352467763995183], [-54.95634112349038, -31.35174238097043], [-54.95599246047454, -31.353570836813837], [-54.9527409246935, -31.354640640271842], [-54.95127705129213, -31.35169996498971], [-54.94763347671271, -31.354074721838074], [-54.93850010146929, -31.354139978230535], [-54.934763347455, -31.36033304593478], [-54.93657010647536, -31.36423667270551], [-54.934977332473125, -31.364365727693357], [-54.9334488676174, -31.369369654986365], [-54.936817686516946, -31.370208537186517], [-54.93967364348704, -31.375359207050575], [-54.937632569516, -31.376287923671775], [-54.9408440648201, -31.379285555034297], [-54.94025544957526, -31.380868850925598], [-54.93760146261597, -31.381347043218994], [-54.93584527756345, -31.38386488339192], [-54.93228482698205, -31.385166544915098], [-54.9309302472075, -31.383791084552627], [-54.92765399083694, -31.384548929787936], [-54.92076459827231, -31.380105413039505], [-54.920693176430284, -31.37902722555592], [-54.91796843327833, -31.37905811561091], [-54.91417882081901, -31.381110733098154], [-54.91221656548626, -31.379766952550707], [-54.90690735772144, -31.381384960478325], [-54.904586237424745, -31.38401566587247], [-54.89776818718173, -31.381438225743214], [-54.89963784437862, -31.378213772299855], [-54.89936836429193, -31.376367623310788], [-54.89164294574287, -31.37490176524807], [-54.890051071439224, -31.377230745745646], [-54.88586835710109, -31.3773543122766], [-54.88399357130041, -31.381128642478192], [-54.886489222031116, -31.380948040816957], [-54.88712242922, -31.383270265822635], [-54.88445077378409, -31.38594319443476], [-54.87790020960911, -31.39805746811841], [-54.86839088817363, -31.401695240903884], [-54.86791266631789, -31.403008436365205], [-54.85776135571167, -31.40806562514338], [-54.86133677173236, -31.417989417611782], [-54.85697312535524, -31.418277530264447], [-54.854746213858455, -31.42373520681266], [-54.850594048287114, -31.425120375400933], [-54.84735068033037, -31.43054782949098], [-54.84561493565862, -31.431107569798705], [-54.844210758761946, -31.434100172987744], [-54.838290804023586, -31.439818512056966], [-54.83799760170657, -31.44084889579653], [-54.8448885580404, -31.4442351364048], [-54.84552842446332, -31.446738575912132], [-54.84186901275089, -31.44834082102498], [-54.84157786098326, -31.45348863236755], [-54.837838457324175, -31.458346004233544], [-54.83314638059319, -31.458636577747686], [-54.832418967563534, -31.461591452746724], [-54.83345792352921, -31.465320128293175], [-54.830381684748545, -31.469242546012794], [-54.832768718308834, -31.474210028395657], [-54.83543746914307, -31.476759869908477], [-54.83927365881957, -31.478108563506577], [-54.84160209214298, -31.483876843092514], [-54.83787610695768, -31.48564140303293], [-54.83687090574765, -31.48786090225264], [-54.83794203484076, -31.49536653899011], [-54.84009810835955, -31.49791242923029], [-54.836307104434475, -31.504593134443184], [-54.836892520556205, -31.510096879378075], [-54.83398495418068, -31.513728048997578], [-54.83295283060707, -31.518318544793885], [-54.83372635502806, -31.519716533213053], [-54.83865348684996, -31.520561713557587], [-54.83968975661949, -31.525296057677107], [-54.836618818158215, -31.5305801866291], [-54.83882500682647, -31.531567066118267], [-54.839703293758554, -31.537184414548555], [-54.84512131115335, -31.53718279843738], [-54.84698298702573, -31.5381669662999], [-54.84880791503687, -31.542778839111993], [-54.85368191944013, -31.543025933015212], [-54.855732751598694, -31.544812911186344], [-54.85548494474718, -31.562320705191798], [-54.85422137582632, -31.56533817849649], [-54.85433890175295, -31.5699848560974], [-54.8573763053748, -31.572414707361332], [-54.85599222444389, -31.577247349435336], [-54.857589671726465, -31.579606236883397], [-54.86064741009148, -31.58037885498769], [-54.86706757964284, -31.58795772173066], [-54.866730387079826, -31.597035682343765], [-54.86941640896471, -31.5995673637955], [-54.870694776057476, -31.603610929565946], [-54.87278405842833, -31.616859571743795], [-54.87958726068076, -31.6193020701506], [-54.88226981001419, -31.62255934942009], [-54.88441878458182, -31.621518915291897], [-54.89476990267114, -31.622930139121895], [-54.899671365480806, -31.626484333415576], [-54.89984222755203, -31.63436930352062], [-54.90332833921611, -31.639743530745076], [-54.9036816213896, -31.645799608778212], [-54.9033004883091, -31.65121700783935], [-54.8998821982373, -31.655838719702956], [-54.900663693254344, -31.66013804810829], [-54.90343717681254, -31.6626916208002], [-54.905368314757766, -31.66728055304718], [-54.904763218202554, -31.67030309573933], [-54.89967829427608, -31.675759055103562], [-54.90252627636343, -31.6838163924031], [-54.90095424499221, -31.689774407913465], [-54.901215864815335, -31.696883282921043], [-54.907198477728876, -31.700721992323164], [-54.90915103019394, -31.70292928796098], [-54.9088977811377, -31.705182057236506], [-54.90085281158295, -31.708945730447265], [-54.89910666861685, -31.71091611289883], [-54.889817604659065, -31.711763318508137], [-54.88006004497306, -31.71580014070991], [-54.867699093753444, -31.71588956127159], [-54.86128755447803, -31.71150651789419], [-54.854130748263884, -31.710264883667897], [-54.845592337975894, -31.71324827145403], [-54.83587591586335, -31.712634573088742], [-54.83357982338777, -31.71655199252892], [-54.82635204580605, -31.715371716963038], [-54.82017399245514, -31.718700215027447], [-54.81556989666619, -31.71838342452882], [-54.799855290162206, -31.721608220838025], [-54.79705785313926, -31.723250901577376], [-54.794012690894576, -31.72356017420079], [-54.790935650774856, -31.721232989166563], [-54.7719564863389, -31.721081336785055], [-54.7689946185695, -31.724016677861215], [-54.763954832259756, -31.72341317989213], [-54.76174105413257, -31.72517683956401], [-54.75212405479929, -31.722351412371104], [-54.74589260321619, -31.729641585383426], [-54.72625700577879, -31.7293839016785], [-54.720200591529604, -31.731301937507897], [-54.719093135027606, -31.73320796950599], [-54.706403477583606, -31.736367274823614], [-54.70459312592366, -31.7398794317645], [-54.70536879021573, -31.741973922279733], [-54.71218391981464, -31.74631592882449], [-54.71832284297089, -31.747891760953696], [-54.71761601244039, -31.757341272150423], [-54.708626538228664, -31.758704450860513], [-54.70066073021254, -31.761929310931333], [-54.6971603621295, -31.768350481896366], [-54.68617158318481, -31.772474445017938], [-54.68550012032926, -31.77417527972487], [-54.692035226110214, -31.778433223116313], [-54.692198812011746, -31.791558548914534], [-54.69429116303275, -31.795481538888346], [-54.695997597819975, -31.798102767481968], [-54.70322278450021, -31.80039114456002], [-54.70435274987973, -31.803348507480642], [-54.7013718883268, -31.806506937790193], [-54.70155103216483, -31.81126790764809], [-54.7061380155662, -31.819314194588827], [-54.69956944002206, -31.82254594666271], [-54.69950753981153, -31.823757309524975], [-54.70437113391381, -31.82838589972494], [-54.708780823547414, -31.828490177731503], [-54.71198294688825, -31.831120128009132], [-54.71203645380625, -31.83443289180251], [-54.710635043808665, -31.83652257470017], [-54.71299667061467, -31.84364150840935], [-54.714217269438564, -31.845413670931325], [-54.71735353324186, -31.845834725962387], [-54.71825155188919, -31.848050567837806], [-54.716792347865514, -31.85329000004654], [-54.71287758770018, -31.85723186113851], [-54.70661017909619, -31.86089650830901], [-54.70616311731107, -31.86245817567361], [-54.70773322907302, -31.87035807020769], [-54.71555056424372, -31.87357954817302], [-54.713657092317305, -31.877427715974544], [-54.71462163433263, -31.88129411498446], [-54.71320967673443, -31.88404845703476], [-54.71620402561753, -31.888805853227066], [-54.71840578767222, -31.898130534349875], [-54.71182334422789, -31.907616834915604], [-54.7130850651738, -31.91038785781983], [-54.71511048971847, -31.911114940310213], [-54.715531691207175, -31.918699197166116], [-54.72282565976759, -31.92243458058426], [-54.722149872159015, -31.92493889818592], [-54.72842967667868, -31.92988561016227], [-54.729710038114725, -31.933950041227927], [-54.73822993009829, -31.936987450127166], [-54.74546681458456, -31.936694775995544], [-54.75421000023282, -31.941056297819554], [-54.75479203720465, -31.943200966961424], [-54.75029510803988, -31.94617733051094], [-54.74908751410141, -31.949030199381088], [-54.75125022508899, -31.950765795487634], [-54.75721434844496, -31.95038548952994], [-54.76110523981102, -31.955212675917526], [-54.77020334706361, -31.959867377264693], [-54.77033928658431, -31.96273133997358], [-54.76646901465842, -31.963487174415068], [-54.765098595566606, -31.96590943739212], [-54.76810895282443, -31.977287571445945], [-54.773559479659696, -31.980289826748134], [-54.77424406654943, -31.981514664633536], [-54.7724787438993, -31.98321206992073], [-54.77705398257309, -31.989703473781567], [-54.782952329915055, -31.991100273544955], [-54.78485280748802, -31.992814197994523], [-54.78918318048265, -32.00506569513003], [-54.79449894171, -32.004112920340376], [-54.79907050520046, -32.00040843659575], [-54.8064017411822, -32.003362047181845], [-54.811092367711595, -32.00170937670998], [-54.81286512859151, -31.99871524285345], [-54.815136178518166, -31.998732893216804], [-54.82437981154994, -31.999936413744695], [-54.83004533615613, -31.999103391650568], [-54.83289704677904, -32.00187747492576], [-54.837549332138664, -32.00384351663169], [-54.84208472252415, -32.00043683353356], [-54.84607738858244, -32.000770603442625], [-54.849579753186134, -32.00441688568267], [-54.85538635111699, -32.00433958994652], [-54.857943103016865, -32.00629082176555], [-54.86137431652947, -32.006100674661454], [-54.86296456126195, -32.00680078056796], [-54.8691963520855, -32.01940433513462], [-54.87470620516564, -32.02583515295814], [-54.87508041938901, -32.028797748768916], [-54.87311056892633, -32.03346148099874], [-54.878816473501345, -32.035528428387686], [-54.88073794927327, -32.03908475494001], [-54.88525647673872, -32.041205578500644], [-54.88660369767228, -32.04320052367032], [-54.891095831625144, -32.04331663444988], [-54.893469453336266, -32.04470834439741], [-54.89697438835967, -32.05244118885404], [-54.90203824095946, -32.0559037886679], [-54.90374406114953, -32.05994618688278], [-54.89944066621679, -32.06416313006856], [-54.89814537638129, -32.06677961257485], [-54.898661447332984, -32.06964065572388], [-54.896362407626846, -32.07286778221464], [-54.88842647532331, -32.07556974027775], [-54.888962634864654, -32.077728229409445], [-54.89336738311087, -32.08226797140071], [-54.892883381812005, -32.085353547464614], [-54.89513036292888, -32.087454719110845], [-54.89527220070787, -32.09147148264414], [-54.8862662064675, -32.103016556641236], [-54.88871194819978, -32.10730690624403], [-54.893185766463915, -32.1098363079823], [-54.894169813881845, -32.115088097846204], [-54.901142274899115, -32.121940245249576], [-54.899531301317545, -32.12403697704651], [-54.900080778077076, -32.12926309645896], [-54.898487463446614, -32.13418181561961], [-54.903417649753386, -32.13911036864587], [-54.90472334796668, -32.14611116989673], [-54.90832045645781, -32.14794062344824], [-54.9089869333636, -32.16212244758559], [-54.91073793714504, -32.165119408505866], [-54.90938673652998, -32.16828497160496], [-54.916119054592514, -32.17341639138706], [-54.92278685318695, -32.17336503236565], [-54.923000816707024, -32.17502865999331], [-54.92008575102207, -32.17931043251611], [-54.92096310503104, -32.1837163199531], [-54.92509227546578, -32.184722681590415], [-54.92522109994259, -32.186666795197965], [-54.927328323066476, -32.188257474111005], [-54.92823464198288, -32.19051242222631], [-54.92728239684343, -32.19307015720376], [-54.9295641397297, -32.19805066444417], [-54.92651588441845, -32.20418933118667], [-54.93978737194938, -32.214083653877566], [-54.94864796860994, -32.21658630851952], [-54.95278082361656, -32.21904479004858], [-54.95515941445663, -32.22350676247098], [-54.959754501576946, -32.22819711073552], [-54.96535362895685, -32.23074329036976], [-54.967887975747736, -32.23734567379821], [-54.969225135289186, -32.23810518029807], [-54.97260838868616, -32.23676499259325], [-54.977635367333754, -32.2405016848435], [-54.98227956358071, -32.239934424936656], [-54.99149900357467, -32.24656515204683], [-54.99892432164145, -32.245249177300515], [-55.00386700829124, -32.24700213093293], [-55.00538011573183, -32.25083501925672], [-55.01405334469339, -32.25590743801742], [-55.01417129718032, -32.25853673283853], [-55.021961104465795, -32.259010028486394], [-55.022444866253075, -32.26135687701614], [-55.026489403119534, -32.26506468736546], [-55.03036529370645, -32.26550696559164], [-55.044845838819846, -32.274483343656705], [-55.043009182202766, -32.27792062056878], [-55.0439476228405, -32.28087532089226], [-55.050391437397224, -32.28253342670313], [-55.05156643153686, -32.2841520224406], [-55.050679314717996, -32.289238526802244], [-55.05174897566642, -32.289995579287], [-55.0562460834426, -32.291562401057114], [-55.061012180535435, -32.291185801178166], [-55.06758624034901, -32.288088559008756], [-55.0801776974128, -32.29190340635833], [-55.08265669195061, -32.294648481043396], [-55.08816620215178, -32.29371199443175], [-55.09112331577277, -32.29468250167612], [-55.095252248421495, -32.3009629961509], [-55.106761255452014, -32.30368407800203], [-55.11188278441428, -32.30361095401169], [-55.11664118765192, -32.306193335967215], [-55.11815459017374, -32.30807110390555], [-55.11889930761964, -32.31415147634556], [-55.124627949512295, -32.31935756745476], [-55.12672999223989, -32.325033020890864], [-55.13852542592908, -32.324690817278785], [-55.154450849244355, -32.32768276396964], [-55.160137675467965, -32.33431007536467], [-55.16311164790146, -32.33493200455832], [-55.16315639910911, -32.34555264875152], [-55.16040399845991, -32.34725821729987], [-55.16074507589584, -32.349586320153946], [-55.172968581905266, -32.35672794690993], [-55.17630224494527, -32.357149063484755], [-55.17810070811625, -32.35553959721236], [-55.180359175755854, -32.356359887108155], [-55.181533547528424, -32.35889431930442], [-55.18482040694943, -32.358771740920545], [-55.1853046448251, -32.36017300647282], [-55.18723573333882, -32.36044948678841], [-55.189670011720835, -32.35943111460287], [-55.19084474388611, -32.35716727113289], [-55.19441649769364, -32.35693390209533], [-55.196669107639366, -32.35866419438478], [-55.20221325157724, -32.35918595548316], [-55.2087083946483, -32.35811433287559], [-55.20921519550321, -32.3564013184141], [-55.218009451268365, -32.35714612675608], [-55.21881834071603, -32.3610945894326], [-55.22200331197332, -32.36576565391153], [-55.226069182743224, -32.36326084771676], [-55.22575350162527, -32.359127704661994], [-55.22903886483682, -32.35801070622699], [-55.22883469638515, -32.355132830561864], [-55.23389605093263, -32.35430671271617], [-55.23980787118592, -32.35070154201274], [-55.24090745638573, -32.34855038327344], [-55.246069189927766, -32.348113585263384], [-55.25102814482681, -32.35117534414726], [-55.25835911849081, -32.351678670530724], [-55.268168501212, -32.34829595641306], [-55.27762771689521, -32.34789918384832], [-55.28104113039811, -32.348876904602534], [-55.28251614439697, -32.347858480575475], [-55.28748079867064, -32.35055740362009], [-55.29574007277723, -32.34413344457795], [-55.30170740044722, -32.34311003458197], [-55.312786201423776, -32.347254540238424], [-55.32370611324104, -32.34788710581749], [-55.326373756175435, -32.34950069482077], [-55.327518635884985, -32.35133124711294], [-55.32586053531307, -32.354770849844684], [-55.332965421289124, -32.36103072167796], [-55.33707409116502, -32.36174395142657], [-55.336435879944744, -32.36593009229841], [-55.34045192049191, -32.36947666940695], [-55.341338654882925, -32.37231800424863], [-55.34430156252106, -32.37397622366079], [-55.34970627315206, -32.37426289794691], [-55.35137592157091, -32.37627327492779], [-55.350427399701395, -32.38157782785285], [-55.35832548106592, -32.38904530806539], [-55.358210749576344, -32.39148818196487], [-55.36375155342978, -32.394125275186724], [-55.366193932578106, -32.39954381250195], [-55.36822015807545, -32.40038833275075], [-55.37297503541795, -32.40105038669047], [-55.37623273649126, -32.39918818237188], [-55.38211020182905, -32.39873744475474], [-55.3854832973904, -32.40022007817326], [-55.38596491277704, -32.40188180871866], [-55.393734664164, -32.40478392898244], [-55.396086363583834, -32.40793284155157], [-55.40052144975189, -32.40887122460598], [-55.40457513402653, -32.40582904136638], [-55.410294408240524, -32.40519007508509], [-55.415555972011326, -32.39859928853465], [-55.426799277645074, -32.39328059482449], [-55.427708531823676, -32.39825869786067], [-55.43797479012526, -32.40425733985041], [-55.45314161668306, -32.406081708020814], [-55.45661051739749, -32.407710028625026], [-55.45918870942194, -32.41068611471877], [-55.46457935812462, -32.412947311444306], [-55.47145966765766, -32.410900943269226], [-55.475821080950745, -32.41140401575725], [-55.48246691250144, -32.4139840115337], [-55.48628192006988, -32.417883547601335], [-55.50491423757302, -32.41965161780095], [-55.51628589707063, -32.41149042380025], [-55.5209427730855, -32.411554946807016], [-55.52156168789417, -32.407615893061426], [-55.51706763979117, -32.40505975089668], [-55.517269951256324, -32.40350166119596], [-55.51994421216832, -32.40072426630623], [-55.519745884646035, -32.39854931999289], [-55.52180162087725, -32.39681426923792], [-55.52253121729756, -32.39290176427706], [-55.53303955651587, -32.37526742138004], [-55.54688254772735, -32.37303447394407], [-55.55068356894286, -32.36982376089535], [-55.55408074195389, -32.364263662464815], [-55.56516742745656, -32.357065380716534], [-55.565690111986314, -32.35306522819826], [-55.567231826970506, -32.35124148143116], [-55.57205170702175, -32.34968462488525], [-55.5740046040401, -32.34725266853435], [-55.57733641690104, -32.33729111237382], [-55.574876638530014, -32.33509866256225], [-55.575217260714346, -32.3332917210632], [-55.573431442328065, -32.330551247231774], [-55.56945756970085, -32.32900029051819], [-55.566667547748494, -32.32052244629094], [-55.5670113421982, -32.31731838240673], [-55.57143784438038, -32.30854133807179], [-55.58630269806077, -32.30256564150349], [-55.585924169571975, -32.30090781461674], [-55.58866989056882, -32.29752468270669], [-55.588779155416866, -32.29456748280217], [-55.58632841042701, -32.291605975014726], [-55.587937863418446, -32.283938900435125], [-55.59051863473255, -32.2817551038559], [-55.59466201341964, -32.28180947663826], [-55.59999440038941, -32.27031775273287], [-55.60082841980368, -32.26344747072967], [-55.608784123427114, -32.26327829046795], [-55.61401312751124, -32.26542864390592], [-55.62568088031234, -32.26523784891261], [-55.62986139342608, -32.26353223748713], [-55.632337313667115, -32.255739567177216], [-55.63264042984012, -32.25314130663668], [-55.63092931751387, -32.25079389315252], [-55.63190438697305, -32.2478162372897], [-55.64085795135288, -32.245609458173696], [-55.64881982077603, -32.240644719550225], [-55.66403702717796, -32.244752845094155], [-55.67636806916987, -32.237916564920944], [-55.67599933725685, -32.234873855848505], [-55.67138311855025, -32.229798659647344], [-55.67503623224303, -32.22359646822998], [-55.674146808922295, -32.219314462581295], [-55.675046057211624, -32.216413702775476], [-55.68301198175199, -32.212733261372335], [-55.683769563854135, -32.21127582688568], [-55.67834689722927, -32.207938617718014], [-55.67693542789216, -32.2042610637357], [-55.67696748658997, -32.20228785288215], [-55.68039730086253, -32.19870996795023], [-55.68445891076968, -32.19769481562307], [-55.69050876240927, -32.199202937100075], [-55.695211836821066, -32.193122185545356], [-55.70393418743329, -32.19160792677911], [-55.70721173936648, -32.19357523810474], [-55.716830149611496, -32.190095879216514], [-55.72167355166002, -32.19162015738477], [-55.727263840781006, -32.19143334783688], [-55.72995181032327, -32.18528673611876], [-55.733232565371246, -32.18332364318123], [-55.7414273125109, -32.1842106240846], [-55.7474680064538, -32.18244299668402], [-55.751841271936634, -32.17590733601698], [-55.754775420937264, -32.17496664020996], [-55.753734328798735, -32.17059284070799], [-55.759372442708845, -32.16717801754344], [-55.7604539919287, -32.162812204352434], [-55.76274739225375, -32.16119557029694], [-55.76702469101115, -32.160673202630974], [-55.76972118437418, -32.15763725526652], [-55.7692918311361, -32.155679374907], [-55.774112040904825, -32.15153399657663], [-55.77689906093144, -32.14526346429827], [-55.783440322969376, -32.146310999621456], [-55.78445096517659, -32.152059766896286], [-55.78831589980446, -32.15688118279232], [-55.790774552835124, -32.156571526464205], [-55.79104801984862, -32.153627880496316], [-55.79368890820413, -32.150142118163565], [-55.793780219291996, -32.14634633920092], [-55.796693932149665, -32.142860523220165], [-55.80434168245727, -32.14022668017846], [-55.805069876294894, -32.13743791004852], [-55.81098732961062, -32.1358107673902], [-55.81071392246783, -32.133331906444184], [-55.81562962492793, -32.131704626582355], [-55.822364952042086, -32.12651344732333], [-55.82620349011201, -32.117102150461434], [-55.83095457507756, -32.11771947347117], [-55.835467592620354, -32.11186950924133], [-55.83965419787837, -32.11163587126624], [-55.84565726271498, -32.10373237259003], [-55.85202684837167, -32.10210314052489], [-55.85380704822698, -32.091623885093625], [-55.85556931470086, -32.09094659097738], [-55.856021782532764, -32.08684071048948], [-55.857748604750554, -32.08366384033555], [-55.86302326614109, -32.079865503813245], [-55.86231643537043, -32.07561358191993], [-55.85874309842736, -32.07065144434239], [-55.85755308989185, -32.0620509489624], [-55.86282690699551, -32.05548729792159], [-55.867641415056326, -32.05295096031858], [-55.86413722210161, -32.04946410309541], [-55.862418276610654, -32.04425061041523], [-55.857203348633085, -32.045586243893815], [-55.855064529624805, -32.04381262329462], [-55.85449293239541, -32.03968725117256], [-55.850734114130475, -32.03903746919477], [-55.848894867147735, -32.03642901252622], [-55.84607717319826, -32.03698669275835], [-55.84137678345048, -32.0231190118958], [-55.836636121753386, -32.01963000549987], [-55.83079666789017, -32.018518304570655], [-55.82908114219054, -32.01670967258705], [-55.82577104002384, -32.00686504355676], [-55.821360303557405, -32.0007777443999], [-55.817277264897875, -31.99757775285618], [-55.82012000742405, -31.994125122916028], [-55.819547500102786, -31.990650521485865], [-55.815509859871646, -31.986812863140557], [-55.80885119168006, -31.984739187320912], [-55.805876202722196, -31.97887702241381], [-55.80218053769606, -31.977467214398125], [-55.79863720868335, -31.97376001426797], [-55.79627436545698, -31.973338399678013], [-55.78821862246668, -31.97615247448896], [-55.78237149973003, -31.976053996287106], [-55.77484176305636, -31.981064688946933], [-55.77110536501325, -31.97942446701538], [-55.763851717728265, -31.979367795163103], [-55.75614297377844, -31.983207692716455], [-55.75294450245714, -31.981719194981334], [-55.74567276590599, -31.98320364266834], [-55.74101767571865, -31.985804429801426], [-55.73647459691528, -31.9939324734247], [-55.71454354493283, -31.995137455032552], [-55.70893339301437, -31.999115003866848], [-55.70589394014177, -31.99909269300275], [-55.70167871745778, -31.99618824903287], [-55.6957775025649, -31.997674132857096], [-55.674111028253364, -31.994431899430275], [-55.67018737300892, -31.992196923849033], [-55.66524263744702, -31.99219176902968], [-55.6623391533476, -31.988718172365047], [-55.65811139102956, -31.98808029352993], [-55.642710538240294, -31.997200153807672], [-55.63948130092798, -32.003440838094285], [-55.63379798030148, -32.00938289594427], [-55.627103550213945, -32.011109181862786], [-55.6208560853089, -32.021560938988976], [-55.60452042896842, -32.03697988784353], [-55.6018283397834, -32.043223335895384], [-55.584745855129874, -32.0393503185038], [-55.57728748735131, -32.03333188824752], [-55.574661619322484, -32.02768438247698], [-55.57197628836042, -32.026067334130985], [-55.565732685580876, -32.02739827711733], [-55.56059993500414, -32.03436216944237], [-55.55176657270302, -32.03472670343974], [-55.54295646696839, -32.03213958218346], [-55.536457323968335, -32.03184101569212], [-55.526810044881245, -32.03325548397433], [-55.52603121181453, -32.03439082711538], [-55.527926301099455, -32.04122558473084], [-55.527199128655376, -32.044053820980885], [-55.529456763496846, -32.04969057011621], [-55.521356374619565, -32.04808405009151], [-55.518991046172346, -32.04614571798921], [-55.51542515296886, -32.04664077269798], [-55.51337765800496, -32.04119353014207], [-55.50777500263028, -32.04101327516531], [-55.49736691306066, -32.03738834961825], [-55.489729764106, -32.039448147219936], [-55.48594259232872, -32.03289368530634], [-55.47557798758695, -32.02462949958512], [-55.47508868021335, -32.02029908006834], [-55.47083424957251, -32.01841074317049], [-55.46924520216147, -32.01539034835739], [-55.46427562550894, -32.01534828984333], [-55.463061579783684, -32.01224180157769], [-55.46084490119108, -32.0109955063033], [-55.462466618716746, -31.99811597599231], [-55.45980359794925, -31.99233142674589], [-55.46092141201504, -31.990208093083567], [-55.45732218682746, -31.98913541977171], [-55.45516312752938, -31.985393195203272], [-55.45482849600409, -31.983884148312132], [-55.45798033688333, -31.98226617285785], [-55.458795173263226, -31.978330494608933], [-55.45673799871081, -31.97368038851336], [-55.45361230441985, -31.972482786974314], [-55.4511138047004, -31.966078895070257], [-55.44484567607089, -31.9606834622597], [-55.431875205448264, -31.9544689350514], [-55.42646067237748, -31.944402030224925], [-55.426479782287174, -31.939677592012107], [-55.42420094469399, -31.93443453639393], [-55.4135277995095, -31.92345743066209], [-55.408576933713775, -31.915292498595345], [-55.41009492829897, -31.911550827130036], [-55.40833251682107, -31.907614412166975], [-55.40241764228304, -31.903431684519166], [-55.398798835183285, -31.902978267882887], [-55.39813991044435, -31.89660048906648], [-55.39315607685957, -31.895282986788168], [-55.39274947944577, -31.894226621439813], [-55.39467474186051, -31.889302269974568], [-55.39150088179106, -31.887314499850042], [-55.3872689984478, -31.88049986602799], [-55.378566408425165, -31.87657357884103], [-55.378299267773684, -31.87444665382878], [-55.376231783822575, -31.872549966840594], [-55.376658881376976, -31.869952895652254], [-55.37528623522511, -31.867467936940386], [-55.36241687140515, -31.867069962554734], [-55.362010615434194, -31.86517875026523], [-55.35883316281595, -31.86398663309936], [-55.3571325283305, -31.86146833194198], [-55.35651949869913, -31.855828758942025], [-55.349473574205724, -31.853441726128697], [-55.343828027923024, -31.847752155161963], [-55.34086019703436, -31.848045330126393], [-55.33900922085831, -31.842892126425003], [-55.33694206532493, -31.84123102816021], [-55.33237921523668, -31.84062377010479], [-55.33016070695963, -31.841560504867676], [-55.327264807709135, -31.839659959600763], [-55.32686058888446, -31.83753241201873], [-55.329041649834096, -31.83568654217531], [-55.32542556444265, -31.830824571579548], [-55.327459518233404, -31.82500250852073], [-55.32476151785825, -31.821193046505915], [-55.32413280647103, -31.8179423409038], [-55.32108023572254, -31.81708979817747], [-55.31901181135696, -31.80986020142101], [-55.30612782614762, -31.807688956739366], [-55.30384102593311, -31.80147805039001], [-55.29508534113888, -31.798146450681607], [-55.291078284736464, -31.800325547294264], [-55.2870379569324, -31.800164315612555], [-55.28754495200429, -31.79155199485655], [-55.28436967897951, -31.790594262421532], [-55.28578126484584, -31.78540294541184], [-55.28498107918238, -31.780084567757257], [-55.28192830156669, -31.778623224391207], [-55.280592949489744, -31.774557324619337], [-55.27745438654885, -31.77120910685836], [-55.276676357707956, -31.764680165272278], [-55.27237791363471, -31.75936294838988], [-55.271843482114704, -31.7549150941479], [-55.26940972173447, -31.753135776360104], [-55.271899402210906, -31.746250228315624], [-55.270508327641785, -31.742640992802656], [-55.27499145495999, -31.737168151789277], [-55.275024091948595, -31.731380645335157], [-55.26908596360152, -31.722692133140164], [-55.26650589341916, -31.72087182475232], [-55.265878021091055, -31.717939840232752], [-55.26853853805586, -31.715485658306363], [-55.269500771964026, -31.706317320264596], [-55.27358985721549, -31.704195219220882], [-55.27594838159711, -31.701043539474785], [-55.27568255045278, -31.694023566217144], [-55.27718976939701, -31.691500262351664], [-55.28574292536187, -31.684290281232435], [-55.288314839640094, -31.679166962355595], [-55.29558392113751, -31.677107639402134], [-55.29291995894682, -31.66804789725921], [-55.2948013008254, -31.665999097925948], [-55.294364345517025, -31.658076310379442], [-55.29182381385322, -31.655818587184736], [-55.29162849275517, -31.651825965115208], [-55.2876279962285, -31.649117793773556], [-55.28645369734149, -31.64558539599676], [-55.284289067338584, -31.644555498779045], [-55.2844416224374, -31.641995346135936], [-55.28074076223026, -31.64301935873376], [-55.27817848546368, -31.64055201596742], [-55.260840857859186, -31.64612961747539], [-55.253108390688, -31.643339025699557], [-55.2439252130728, -31.643088648937102], [-55.24146025888647, -31.63880528025693], [-55.23392325329427, -31.634336718548933], [-55.23298637969565, -31.629847733424757], [-55.23438546908419, -31.624477770211122], [-55.23119078911296, -31.6177187243208], [-55.23193061560232, -31.613590096452416], [-55.220170270031865, -31.59846220541902], [-55.2191802246879, -31.59219620710561], [-55.2164083033606, -31.586759720590774], [-55.21271814323481, -31.584373147391798], [-55.21011896006793, -31.584449475304215], [-55.209158218564994, -31.582031352016088], [-55.20397622528563, -31.57838676060595], [-55.19612039709614, -31.576083247662353], [-55.193285771571645, -31.571466737584636], [-55.19155518052373, -31.570808672514545], [-55.186210737788144, -31.575610486978796], [-55.17473262526832, -31.573233999854367], [-55.16207486907724, -31.567977304690935], [-55.1572062600474, -31.56327673688933], [-55.15028282821195, -31.565221178463677], [-55.14310508166322, -31.557440517911743], [-55.14058403818941, -31.55681647196123], [-55.137589290544234, -31.551045290182042], [-55.13876259666802, -31.54882570651032], [-55.13447399566107, -31.547037254095464], [-55.13507529775584, -31.54344084703316], [-55.137891407878534, -31.540301272642807], [-55.13846595731285, -31.534339701628593], [-55.13719270190068, -31.532016867776882], [-55.128627730098955, -31.529346268081067], [-55.12648558653592, -31.52731461463319], [-55.12350867439621, -31.519315164745468], [-55.131040028963746, -31.511742350604276], [-55.12539530162604, -31.500246591679865], [-55.12833098998656, -31.49659613306233], [-55.129239803408616, -31.493206197103675], [-55.12645265915076, -31.488505461403587], [-55.126955929522154, -31.48670132094222], [-55.129095565490104, -31.485727683604505], [-55.13125208152604, -31.480642866391424], [-55.128799852914355, -31.476453448614294], [-55.129651902833075, -31.472968718108607], [-55.1284518872248, -31.469228125078864], [-55.11953114809854, -31.469998914007807], [-55.10975989394643, -31.462892807001893], [-55.106343396664236, -31.461605408707587], [-55.102491162414914, -31.462055804063745], [-55.09693029415522, -31.459088712542346], [-55.0923266677331, -31.458229483748223], [-55.09182980144059, -31.452117252679606], [-55.08676582565795, -31.444167814907132], [-55.082854778974784, -31.441318059389122], [-55.08312173322561, -31.439579294529686], [-55.08579550918662, -31.43828903366229], [-55.09009569284565, -31.42877774823233], [-55.087748945797166, -31.426905135758552], [-55.08729286103018, -31.42201351352717], [-55.080098849277675, -31.409071488610635], [-55.07494683239529, -31.40857597283679], [-55.06966703009181, -31.405482431660158], [-55.06844125177312, -31.40240697757169], [-55.06447526148274, -31.399551712650347], [-55.06747551499398, -31.381054178549473], [-55.07354778231147, -31.379417675340626], [-55.074477886374915, -31.37593840325045], [-55.073739603149704, -31.37303376628886], [-55.079538067564414, -31.37179751632918], [-55.078674718285356, -31.36319457430973], [-55.07985901726993, -31.36060756279088], [-55.08005900339564, -31.35334622862853], [-55.0764214446798, -31.34616557376255], [-55.07492602294985, -31.339576341329508], [-55.076096151945066, -31.337208953098433], [-55.06986375392538, -31.330965321104664], [-55.06512529620745, -31.330216791430495], [-55.06354559367713, -31.331880689011093], [-55.0567262638488, -31.331963132399256], [-55.05845874425688, -31.327076051836254], [-55.06122588029313, -31.324787752104687], [-55.058394687290225, -31.323856038667227], [-55.05629564885799, -31.319248912964433], [-55.05938358903907, -31.315375228839514], [-55.05772937589989, -31.315090608204596], [-55.05798228286805, -31.314235300889298], [-55.05256925272514, -31.3139784388388], [-55.05178933845468, -31.310817379381998], [-55.047564346724585, -31.30929560009481], [-55.04720051959264, -31.307413085113136], [-55.042474105024425, -31.308611822076706], [-55.04152501362807, -31.30719480611312], [-55.04279536389535, -31.305299374406225], [-55.039207312266846, -31.302987438157974], [-55.03814060553787, -31.30061823552758], [-55.0387186224616, -31.29796116857142], [-55.036047569914615, -31.294148466130316], [-55.03574592675016, -31.291589889576056], [-55.03271553218197, -31.291662009620936], [-55.032254602220675, -31.287388932748883], [-55.033730353210125, -31.287190315614733], [-55.035162305995144, -31.284204660560054], [-55.031388243372845, -31.278486862389062], [-55.03596762747578, -31.275736431163654], [-55.03195037147494, -31.273584077726635], [-55.031031449387434, -31.26956077006728], [-55.023162263334804, -31.269378158383592], [-55.020143238120305, -31.268552702432412], [-55.01973972629693, -31.267030610306964], [-55.016536850290606, -31.267502639404977], [-55.01485812320949, -31.26910673103341], [-55.011718334153166, -31.26797821548839], [-55.00781393578041, -31.269938305338723], [-55.00651119866106, -31.26681883778677], [-55.00164365034443, -31.26890806825696]]]}}, {"id": "33", "type": "Feature", "properties": {"codcuenca": 54, "area": 8842, "nombre_cue": "RÍO NEGRO entre Río Tacuarembó y Rincón del Bonete", "cabecera": 54}, "geometry": {"type": "Polygon", "coordinates": [[[-56.177950762768404, -31.87194327825487], [-56.170104354573006, -31.87952910164784], [-56.182422718935776, -31.902529469424056], [-56.18070976759964, -31.908847870978903], [-56.18213914025458, -31.924111879869404], [-56.17228025362372, -31.933797182843847], [-56.16879850718113, -31.944793225728215], [-56.16849200441906, -31.952946787004183], [-56.16430006670532, -31.95613900091508], [-56.155441909342485, -31.968265938399707], [-56.15629041485738, -31.975168828640424], [-56.15538937103222, -31.97762390068413], [-56.15357178456587, -31.978529278494353], [-56.14163013233891, -31.97632464177598], [-56.13806467822368, -31.97737378928759], [-56.135878559041515, -31.98062629740111], [-56.129117911660465, -31.984524620630847], [-56.12445161076378, -31.993725916980946], [-56.123159825918876, -31.999317283435975], [-56.11163086564723, -32.003691785130854], [-56.11028706791954, -32.007626838916565], [-56.09245000859625, -32.01044457332672], [-56.09260170518952, -32.01547456141869], [-56.08901124993346, -32.017448671446104], [-56.08154550745673, -32.01717636316415], [-56.08021856811804, -32.01441404518032], [-56.074529064411934, -32.01256379783547], [-56.05771711850716, -32.01410473544377], [-56.054739434084475, -32.01705957200316], [-56.05285501202642, -32.02278752224754], [-56.04651366489726, -32.02736761984336], [-56.04635635397158, -32.0309603845264], [-56.04195571268618, -32.03315855368232], [-56.035802871445725, -32.04242132301236], [-56.0256898703726, -32.04296010694312], [-56.02522050457924, -32.045331554464745], [-56.01633487059681, -32.04835365864191], [-56.01424025333399, -32.05257806019119], [-56.001966758163974, -32.05913184167027], [-55.99717907511463, -32.06601850218561], [-55.999348256335914, -32.07266578964692], [-55.995556734840136, -32.07787546049465], [-55.99012210781214, -32.07690079858982], [-55.984407396121064, -32.07816983487139], [-55.97796333160636, -32.07512605070093], [-55.975309723755174, -32.07235440735296], [-55.970691325667424, -32.0718403354903], [-55.964505937861226, -32.06837933522413], [-55.95732192695827, -32.071379616920105], [-55.954070118809305, -32.0744464255282], [-55.95210298784189, -32.074068249005556], [-55.94637364126034, -32.066609163663344], [-55.939712746225126, -32.06216456007147], [-55.93901926805263, -32.059422452860865], [-55.9259887194318, -32.05558748516493], [-55.924025039568775, -32.05736691351389], [-55.919405453663714, -32.05727063331542], [-55.917349315310254, -32.06158498467347], [-55.91427862060517, -32.0628245909687], [-55.90916124870173, -32.06364005059054], [-55.90460707253868, -32.05919176495782], [-55.90189176611224, -32.059598715714515], [-55.90135090768863, -32.06168066329127], [-55.89557730613029, -32.05931453527665], [-55.89320584950693, -32.05951951500314], [-55.89070462140741, -32.061559284204264], [-55.88701691525912, -32.06174270582432], [-55.88594122437975, -32.064525219985526], [-55.88404013742163, -32.06458431465468], [-55.878469300853574, -32.060829597354164], [-55.87602694115112, -32.063086059538705], [-55.873376104045434, -32.05950279156399], [-55.86923273117407, -32.05707668773033], [-55.869864638807066, -32.054555291396404], [-55.867641415056326, -32.05295096031858], [-55.86282690699551, -32.05548729792159], [-55.857427985933654, -32.06326399219189], [-55.85874309842736, -32.07065144434239], [-55.86231643537043, -32.07561358191993], [-55.86302326614109, -32.079865503813245], [-55.857748604750554, -32.08366384033555], [-55.856021782532764, -32.08684071048948], [-55.85556931470086, -32.09094659097738], [-55.85380704822698, -32.091623885093625], [-55.85202684837167, -32.10210314052489], [-55.84565726271498, -32.10373237259003], [-55.83965419787837, -32.11163587126624], [-55.835467592620354, -32.11186950924133], [-55.83095457507756, -32.11771947347117], [-55.82620349011201, -32.117102150461434], [-55.822364952042086, -32.12651344732333], [-55.81562962492793, -32.131704626582355], [-55.81071392246783, -32.133331906444184], [-55.81098732961062, -32.1358107673902], [-55.805069876294894, -32.13743791004852], [-55.80434168245727, -32.14022668017846], [-55.796693932149665, -32.142860523220165], [-55.793780219291996, -32.14634633920092], [-55.79368890820413, -32.150142118163565], [-55.79104801984862, -32.153627880496316], [-55.790774552835124, -32.156571526464205], [-55.78831589980446, -32.15688118279232], [-55.78445096517659, -32.152059766896286], [-55.783440322969376, -32.146310999621456], [-55.77689906093144, -32.14526346429827], [-55.774112040904825, -32.15153399657663], [-55.7692918311361, -32.155679374907], [-55.76972118437418, -32.15763725526652], [-55.76702469101115, -32.160673202630974], [-55.76274739225375, -32.16119557029694], [-55.7604539919287, -32.162812204352434], [-55.759372442708845, -32.16717801754344], [-55.753734328798735, -32.17059284070799], [-55.754775420937264, -32.17496664020996], [-55.751841271936634, -32.17590733601698], [-55.7474680064538, -32.18244299668402], [-55.7414273125109, -32.1842106240846], [-55.733232565371246, -32.18332364318123], [-55.72995181032327, -32.18528673611876], [-55.727263840781006, -32.19143334783688], [-55.72167355166002, -32.19162015738477], [-55.716830149611496, -32.190095879216514], [-55.70721173936648, -32.19357523810474], [-55.70393418743329, -32.19160792677911], [-55.695211836821066, -32.193122185545356], [-55.69050876240927, -32.199202937100075], [-55.68445891076968, -32.19769481562307], [-55.68039730086253, -32.19870996795023], [-55.67696748658997, -32.20228785288215], [-55.67693542789216, -32.2042610637357], [-55.67834689722927, -32.207938617718014], [-55.683769563854135, -32.21127582688568], [-55.68301198175199, -32.212733261372335], [-55.675046057211624, -32.216413702775476], [-55.674146808922295, -32.219314462581295], [-55.67503623224303, -32.22359646822998], [-55.67138311855025, -32.229798659647344], [-55.67599933725685, -32.234873855848505], [-55.67636806916987, -32.237916564920944], [-55.66403702717796, -32.244752845094155], [-55.64881982077603, -32.240644719550225], [-55.64085795135288, -32.245609458173696], [-55.63190438697305, -32.2478162372897], [-55.63092931751387, -32.25079389315252], [-55.63264042984012, -32.25314130663668], [-55.632337313667115, -32.255739567177216], [-55.62986139342608, -32.26353223748713], [-55.62568088031234, -32.26523784891261], [-55.61401312751124, -32.26542864390592], [-55.608784123427114, -32.26327829046795], [-55.60082841980368, -32.26344747072967], [-55.59999440038941, -32.27031775273287], [-55.59466201341964, -32.28180947663826], [-55.59051863473255, -32.2817551038559], [-55.587937863418446, -32.283938900435125], [-55.58632841042701, -32.291605975014726], [-55.588779155416866, -32.29456748280217], [-55.58866989056882, -32.29752468270669], [-55.585924169571975, -32.30090781461674], [-55.58630269806077, -32.30256564150349], [-55.57143784438038, -32.30854133807179], [-55.5670113421982, -32.31731838240673], [-55.566667547748494, -32.32052244629094], [-55.56945756970085, -32.32900029051819], [-55.573431442328065, -32.330551247231774], [-55.575217260714346, -32.3332917210632], [-55.574876638530014, -32.33509866256225], [-55.57733641690104, -32.33729111237382], [-55.5740046040401, -32.34725266853435], [-55.57205170702175, -32.34968462488525], [-55.567231826970506, -32.35124148143116], [-55.565690111986314, -32.35306522819826], [-55.56516742745656, -32.357065380716534], [-55.55408074195389, -32.364263662464815], [-55.55068356894286, -32.36982376089535], [-55.54688254772735, -32.37303447394407], [-55.53303955651587, -32.37526742138004], [-55.52253121729756, -32.39290176427706], [-55.52180162087725, -32.39681426923792], [-55.519745884646035, -32.39854931999289], [-55.51994421216832, -32.40072426630623], [-55.517269951256324, -32.40350166119596], [-55.51706763979117, -32.40505975089668], [-55.52156168789417, -32.407615893061426], [-55.5209427730855, -32.411554946807016], [-55.51628589707063, -32.41149042380025], [-55.50491423757302, -32.41965161780095], [-55.48628192006988, -32.417883547601335], [-55.48246691250144, -32.4139840115337], [-55.475821080950745, -32.41140401575725], [-55.474027726070666, -32.41186196884357], [-55.47180260164876, -32.415339598034684], [-55.46238599262874, -32.420257042695155], [-55.45392331104631, -32.42730212724817], [-55.44954757960231, -32.44142609504658], [-55.44706407976832, -32.44499680076492], [-55.446522659140015, -32.45188877881546], [-55.44381644023844, -32.45964723440656], [-55.44368912980673, -32.465842280171174], [-55.44192074111218, -32.470549257448745], [-55.440372956247394, -32.471504695671186], [-55.44056911365523, -32.47394851033922], [-55.44138256272353, -32.476481342962835], [-55.444690558947286, -32.47954435665216], [-55.4447544992632, -32.48286081178243], [-55.450496843400195, -32.48872323751866], [-55.45714338962657, -32.50069598211136], [-55.462678787754044, -32.507342607354445], [-55.471302525404994, -32.51452064417903], [-55.47593044149766, -32.516277823665895], [-55.47798047145022, -32.51898810493447], [-55.47517785371321, -32.52508899675937], [-55.481861690922656, -32.5281601273711], [-55.48257285347024, -32.53095419489715], [-55.48493638418839, -32.53253078989967], [-55.48822944701907, -32.53341158082924], [-55.48263412140931, -32.54282148608441], [-55.48366365017362, -32.544561432719696], [-55.49133057985626, -32.54873504639036], [-55.48492312126223, -32.5549117908062], [-55.48380119755149, -32.558122872156055], [-55.480011057959196, -32.55678069038829], [-55.473826495918715, -32.55702202543787], [-55.471861617968685, -32.55902384666171], [-55.46619418599203, -32.55918344140145], [-55.46494741787853, -32.56197237940862], [-55.455767574294896, -32.5644780551796], [-55.45305700009615, -32.57267283668883], [-55.446224322705454, -32.580681494915765], [-55.4441325027939, -32.588441510404664], [-55.43712051255265, -32.589294030102096], [-55.43804039767513, -32.59121634715838], [-55.437456616264065, -32.596227204673674], [-55.43959352545201, -32.59963162983282], [-55.43971406720893, -32.60533622200003], [-55.44187352402899, -32.61280701218997], [-55.45342266485102, -32.61993881080809], [-55.45699484549984, -32.62334688465677], [-55.45597982645521, -32.62625690664695], [-55.45770019424004, -32.62711013762249], [-55.46025891184318, -32.63245824989491], [-55.46555820897528, -32.63417162128804], [-55.46767756509647, -32.64315834795501], [-55.46651831325252, -32.64631079700291], [-55.46878932034261, -32.65287058357474], [-55.466617627628914, -32.65820494119535], [-55.46688880657929, -32.66245347021028], [-55.460130392305814, -32.666440423245376], [-55.45835875305624, -32.67954310631818], [-55.44813308410806, -32.688981347771815], [-55.4438280954765, -32.68884783379501], [-55.44309458418488, -32.69285080242988], [-55.43878404297354, -32.69405211587388], [-55.43431155228159, -32.699743316198415], [-55.43014509994175, -32.70070201960595], [-55.42754938641943, -32.70360709723962], [-55.4283940194995, -32.70761464377789], [-55.42554679809342, -32.70999466392532], [-55.42477541630618, -32.71476438990129], [-55.42058093103726, -32.72215500866544], [-55.4218587042704, -32.72555707454915], [-55.42744698359071, -32.72824382270856], [-55.430015852568516, -32.732013726957035], [-55.43090016779847, -32.73951901872909], [-55.43326262503264, -32.74561606497919], [-55.436124389760586, -32.74817305251787], [-55.43622875963455, -32.751407480051746], [-55.44137669460997, -32.7634800532678], [-55.44105903513186, -32.76608745798285], [-55.434607509203474, -32.767950955372754], [-55.43128422834441, -32.772674401760476], [-55.43199348622585, -32.77486103161363], [-55.430665513776496, -32.78335256664528], [-55.4253437411058, -32.78479312256087], [-55.42001354321122, -32.788175237783655], [-55.42025911661283, -32.79800639686256], [-55.42323514712409, -32.80784578585852], [-55.41635939304474, -32.81617048804748], [-55.41484523341336, -32.820563343142744], [-55.406219097467165, -32.81942788848624], [-55.39240788674704, -32.824011811753536], [-55.39077930522272, -32.8269425708136], [-55.390166067602934, -32.842694267398876], [-55.38929008410273, -32.845604082664806], [-55.38553975248479, -32.848261679257355], [-55.38462454277459, -32.85954528662401], [-55.379433262746474, -32.8626833445516], [-55.38071598525128, -32.86511488053696], [-55.38717675905149, -32.86732087468111], [-55.38862149567842, -32.86586929575151], [-55.39350678613176, -32.86673479604345], [-55.397035548739616, -32.86892972333488], [-55.396932192368965, -32.87244987080571], [-55.40525648927108, -32.8762386228199], [-55.41155740020899, -32.88244778145175], [-55.411959260225366, -32.88924526115552], [-55.40820667771351, -32.892146228854315], [-55.407041478110784, -32.89541932258358], [-55.41276314814351, -32.902840195817376], [-55.41288905441909, -32.90696685716237], [-55.41919057689132, -32.91366105744586], [-55.42044299330313, -32.92361644399499], [-55.41755521829095, -32.92591349193348], [-55.42329668079441, -32.9293290239826], [-55.42406133650259, -32.932614198002234], [-55.41663844962115, -32.93828944596535], [-55.413714741473136, -32.9487174175823], [-55.41744132812296, -32.95236968576571], [-55.41555488101716, -32.95588333449248], [-55.41942267132618, -32.96026413483145], [-55.41983997692186, -32.96366348149166], [-55.41433531229065, -32.971534988371296], [-55.41329472921463, -32.97905606344314], [-55.41600308172917, -32.9853751116518], [-55.41959665818738, -32.986842423600976], [-55.421155722482254, -32.992672411071695], [-55.43018247104129, -33.0036218035489], [-55.434145463982915, -33.02050237669975], [-55.43240175153798, -33.02413801537975], [-55.43311247991229, -33.026445922185594], [-55.4408636623663, -33.03338591348676], [-55.44400618358988, -33.03811712289198], [-55.44556505053597, -33.04662743097079], [-55.4511530974578, -33.054652830226324], [-55.44955350706195, -33.05828909180029], [-55.44579444626382, -33.06131242577734], [-55.44696645676211, -33.06505201324952], [-55.445999009814315, -33.0729833547855], [-55.45288039471899, -33.07558939227488], [-55.457017811600565, -33.07507250899459], [-55.465502480127945, -33.069926540893775], [-55.467807231491314, -33.06682204425654], [-55.47315871786972, -33.06651439177474], [-55.48106603841392, -33.063960524445406], [-55.48604506014673, -33.06086249504933], [-55.485036718722256, -33.05785655303926], [-55.48974569352537, -33.0498932257014], [-55.49256924858732, -33.04752918692228], [-55.496444242576366, -33.048043977718066], [-55.50415594807654, -33.05404184819577], [-55.51087991581351, -33.06220970901286], [-55.51673089333873, -33.06490474334847], [-55.5260317232413, -33.06438919988539], [-55.53198896080041, -33.07736121663433], [-55.534241059194436, -33.0792167924259], [-55.54686885841319, -33.08331174219193], [-55.549791756375576, -33.08599924416269], [-55.552913352188106, -33.089451517741146], [-55.55128602651437, -33.09833758924241], [-55.55279992555898, -33.103811054963266], [-55.55674709067465, -33.1051059859622], [-55.55907731659649, -33.11143032080395], [-55.55798859763094, -33.117121931912415], [-55.5625472009536, -33.1208220137608], [-55.574669674076716, -33.12632899977597], [-55.5811727918973, -33.12274250571375], [-55.58449748781407, -33.11845775723766], [-55.58860332553703, -33.11628104365572], [-55.59520768010307, -33.11708139127573], [-55.60042318406845, -33.1217021894298], [-55.60426917959466, -33.121339911044686], [-55.60908849368342, -33.12289566645227], [-55.610983772261555, -33.13072879376487], [-55.631604074664544, -33.13336244249935], [-55.65606929337466, -33.124085638758515], [-55.65760858436848, -33.11948504928531], [-55.6703431894757, -33.12100570895365], [-55.674806731175664, -33.117820865349096], [-55.68015213568066, -33.12167217177706], [-55.68514228695865, -33.122681280869735], [-55.68711876086852, -33.121316004812556], [-55.686858068702065, -33.116013619412534], [-55.687839379906926, -33.11556432380565], [-55.6972178726796, -33.11575022579066], [-55.71468198656956, -33.10923300847011], [-55.72207595467959, -33.111855788990276], [-55.733770134332204, -33.11001180498188], [-55.74325454908176, -33.111210587371325], [-55.75016373610863, -33.11393392433892], [-55.75752112683671, -33.11271716757122], [-55.76242683330281, -33.10981074711064], [-55.767445680772234, -33.10146338857159], [-55.77258357244812, -33.10064614949624], [-55.787852213873784, -33.104071446116464], [-55.78994664572687, -33.1067136885813], [-55.79028224718218, -33.110437311149845], [-55.796979842693226, -33.11188011361898], [-55.80177288848582, -33.1161952269216], [-55.82252764159543, -33.11771361470398], [-55.82680966103688, -33.12541589129424], [-55.830228049871565, -33.12626545318032], [-55.83309859232709, -33.12350772730426], [-55.837223823580956, -33.12472604292041], [-55.843009798270295, -33.11972639795911], [-55.84617813835544, -33.119047885223885], [-55.848886653032785, -33.113653584364165], [-55.849375936635894, -33.109298147360164], [-55.845673301480595, -33.10570239400533], [-55.848281844279434, -33.1000351820731], [-55.84569913419785, -33.09819931832871], [-55.845668412033376, -33.096248530885845], [-55.84899746283399, -33.091250686200645], [-55.84841884193006, -33.08885775804813], [-55.84985496715138, -33.08243438590226], [-55.8528102557314, -33.07994395465054], [-55.850590836286024, -33.07662592057061], [-55.85194319362435, -33.071958082061364], [-55.856745387927965, -33.06884446580576], [-55.86056055964279, -33.0638642307266], [-55.87312087022971, -33.05981251365131], [-55.87558652351779, -33.06250770111257], [-55.88863975531428, -33.05959501508104], [-55.897993442954856, -33.05326124073914], [-55.90340113202712, -33.04361112273053], [-55.909311952668524, -33.043502365888116], [-55.91054586029071, -33.0454719173379], [-55.913255367119774, -33.04567692260292], [-55.915592868574656, -33.043911575820474], [-55.91903088943253, -33.03644065522845], [-55.924713481797006, -33.036065940687166], [-55.92629287850415, -33.034359156949996], [-55.93133897412104, -33.03279817781706], [-55.94181312944664, -33.037868891818796], [-55.948463375149444, -33.038379745207536], [-55.95696554767853, -33.04158459108187], [-55.96730611402534, -33.03980795044366], [-55.97370242907262, -33.03627280340538], [-55.98720008615317, -33.03854339940534], [-55.98823204165241, -33.04162263158084], [-55.990338472299456, -33.042264164240976], [-56.00425092604406, -33.04110126867251], [-56.00645109061853, -33.0423507945436], [-56.012957378231626, -33.039139423899], [-56.01612185331554, -33.044102164061485], [-56.01584233591228, -33.04771968040395], [-56.03014092540129, -33.05277627732398], [-56.05007764075277, -33.047552031147134], [-56.053526711761904, -33.047856221639854], [-56.057976126812015, -33.053344120546456], [-56.06253448392462, -33.05385319649094], [-56.066362685218884, -33.05726775019024], [-56.07263758506064, -33.05517984772301], [-56.07919320110631, -33.06408502140932], [-56.081659283951375, -33.06490921292348], [-56.08216058143573, -33.06760472250225], [-56.093868583207865, -33.06944458841355], [-56.10879029503294, -33.07428322434049], [-56.11174492719656, -33.073757288840774], [-56.12175651969502, -33.08296264196187], [-56.12360524675956, -33.083165290543796], [-56.12977303940324, -33.079271312923375], [-56.13172463723816, -33.080032455278406], [-56.13015649043783, -33.08300346868041], [-56.13174098979942, -33.08438850752149], [-56.13519136771808, -33.08458671213734], [-56.14518635886033, -33.088604381353484], [-56.14826608474237, -33.08849209980379], [-56.15601212836002, -33.0845289979669], [-56.16242020571953, -33.08492540087658], [-56.165022349774475, -33.090214735602665], [-56.17627249050279, -33.09753774250991], [-56.18293387479458, -33.099280629762745], [-56.18738753022368, -33.10331179181963], [-56.200144586261814, -33.107395684867754], [-56.20867332116718, -33.096294852196614], [-56.21520470061811, -33.09648070025214], [-56.2202683748598, -33.098952912211324], [-56.226178368262545, -33.097999403517775], [-56.230482885115116, -33.096325158924955], [-56.229177982509945, -33.092283020536854], [-56.234377043098384, -33.08936775620951], [-56.24338843774164, -33.088676052436405], [-56.2455956917804, -33.085029902166205], [-56.24737924256469, -33.07620382771263], [-56.24503145385603, -33.07342843099553], [-56.24899357035825, -33.056913823510804], [-56.246301383116474, -33.043282976778364], [-56.24725830434984, -33.0405684812792], [-56.25368855902524, -33.03571238601396], [-56.25782501070749, -33.02845470776063], [-56.26099034538558, -33.02618277630614], [-56.26535913680323, -33.019914099415566], [-56.27004156165597, -33.003880053231654], [-56.26564182710972, -32.99958192158841], [-56.26768746428931, -32.99241395495644], [-56.265816900470675, -32.986804832877624], [-56.26679937297882, -32.981478389106236], [-56.27270611649884, -32.975920480551046], [-56.270394432503274, -32.968690223374054], [-56.27274508360051, -32.9595261496132], [-56.2758790523202, -32.95525601417267], [-56.273688248377894, -32.94696077136517], [-56.28562880854311, -32.937120970290955], [-56.28660899651056, -32.93168789021828], [-56.28088018354646, -32.92276773024674], [-56.28389380302534, -32.919881775019796], [-56.28058344215862, -32.91457171942668], [-56.28107618067933, -32.91233423535549], [-56.28585043477585, -32.90837687592973], [-56.28181457577708, -32.905781286190525], [-56.278856784019546, -32.89860983501687], [-56.27901076184631, -32.89623678933924], [-56.2828606279836, -32.89231347990382], [-56.28372012931998, -32.88776000597376], [-56.28749357920024, -32.885801628519786], [-56.292764333278726, -32.879186587709505], [-56.291475095924675, -32.875672620819635], [-56.29297124849002, -32.87247301708931], [-56.30581835735373, -32.86890863954389], [-56.31046854863215, -32.86590894842943], [-56.310937088275246, -32.85962605675475], [-56.3193728510571, -32.857036346905446], [-56.32268297470108, -32.857532522096506], [-56.325696069630105, -32.85988428408371], [-56.333130050981836, -32.8585753405683], [-56.34550028314562, -32.860118873260355], [-56.35076613153894, -32.854985862831164], [-56.3584542224252, -32.85410012772132], [-56.36244306223512, -32.846630263126315], [-56.36826785897952, -32.8393826771796], [-56.37813291578151, -32.83516784393319], [-56.3835193920954, -32.83543574346689], [-56.40174083221114, -32.83000417904543], [-56.41565901720476, -32.82879210760828], [-56.42738564558203, -32.83373183504245], [-56.43248749619013, -32.82243027662928], [-56.43185653846826, -32.81939261669771], [-56.42957335547097, -32.817071053895354], [-56.4300409161145, -32.813580464203135], [-56.42736771728469, -32.81023754223788], [-56.41156641415475, -32.79963737964773], [-56.41081190852567, -32.796339765335645], [-56.40596397696829, -32.79204762699516], [-56.4028966959846, -32.786043492443916], [-56.408460992864796, -32.78052700265978], [-56.408341398930574, -32.77515927364853], [-56.41052933041353, -32.773218844507944], [-56.41678695880941, -32.77125840762], [-56.42762562814041, -32.77116949147828], [-56.4293965304624, -32.76905538869892], [-56.428396910747814, -32.7659224005796], [-56.42982970878787, -32.76273892263634], [-56.43552841828352, -32.757240506059986], [-56.44346061712146, -32.75558399540692], [-56.457644072948, -32.74189332598607], [-56.4570181653911, -32.738731786235626], [-56.46105746541595, -32.73187555468082], [-56.458770552552245, -32.73136128668783], [-56.457759376924415, -32.72933154351545], [-56.457420086384936, -32.72580600730199], [-56.46001971892989, -32.722030937600465], [-56.459886711703234, -32.719460876485236], [-56.4550496116934, -32.71089652878091], [-56.464088663571786, -32.698386361300855], [-56.465907378164246, -32.69742936233193], [-56.46712554075223, -32.69367796971378], [-56.47165376572912, -32.68980016346559], [-56.47828203437663, -32.68650567949412], [-56.48126783342587, -32.68197864712071], [-56.48028796682203, -32.67677625052986], [-56.483283756079565, -32.67270673493653], [-56.48811653936358, -32.67044272300353], [-56.49224708101469, -32.659525692746584], [-56.49124830529607, -32.65724850706411], [-56.485633007679716, -32.65485778168932], [-56.47958436147075, -32.64997781623531], [-56.479090018309925, -32.6428947177218], [-56.469436570102765, -32.62902360765093], [-56.46441911289202, -32.625942448522785], [-56.45750544307543, -32.62673729392499], [-56.45457462717581, -32.62562121379553], [-56.45100963292498, -32.62016999282045], [-56.44583731806769, -32.61812637533371], [-56.44245312793979, -32.61499292055786], [-56.44000237955393, -32.602928555622555], [-56.44011029941097, -32.59536342198136], [-56.435655263426, -32.58406838146581], [-56.431043996381284, -32.57987010293966], [-56.41474302186422, -32.57611147546122], [-56.415068667049376, -32.57358602218962], [-56.418804449331425, -32.57012656556863], [-56.41409036834319, -32.564911716056045], [-56.409510169062415, -32.565431656129775], [-56.40845994978477, -32.562080261658544], [-56.39773854234346, -32.56126150137394], [-56.39601568000277, -32.55432649756727], [-56.399698460027466, -32.544674940941334], [-56.39433246806249, -32.54525820370645], [-56.39271798301347, -32.54215690489026], [-56.38747489322317, -32.54054934450437], [-56.38522277674104, -32.53272800539614], [-56.38694892238123, -32.52737441407154], [-56.380736441301906, -32.5207993353456], [-56.374275246770125, -32.520512420765684], [-56.37292402524503, -32.51401302423417], [-56.3695960876373, -32.509339860301054], [-56.36573927292989, -32.50655076050419], [-56.36377498326828, -32.50364722175589], [-56.363800557648105, -32.50120025826592], [-56.358819486282506, -32.495123959376826], [-56.353195275232515, -32.4934482847647], [-56.35256646065193, -32.48298832396188], [-56.34333559777198, -32.47324428224067], [-56.34506090495981, -32.46751825995414], [-56.34223664536106, -32.46107389690242], [-56.32800452188584, -32.46194143096096], [-56.32364756093931, -32.45999464467393], [-56.32102147610529, -32.456742262601615], [-56.31945530775226, -32.45183825257526], [-56.31510038156293, -32.44781546860308], [-56.31194994224548, -32.446896297045896], [-56.310446804008016, -32.44177675990217], [-56.3073432225851, -32.43879990804728], [-56.30702648800863, -32.43335987526383], [-56.300349966505415, -32.41710666171415], [-56.296082810047395, -32.41401558236321], [-56.285200289510705, -32.41091195966538], [-56.27715663919848, -32.41011048772447], [-56.27441485147333, -32.406717163631264], [-56.269220633734626, -32.405789142174065], [-56.26523727207806, -32.39783868941628], [-56.26579086387495, -32.3942402324348], [-56.259425095459946, -32.38819803861501], [-56.25314227472467, -32.38471378128934], [-56.24988773099521, -32.378385162664145], [-56.24307164408984, -32.3726706108746], [-56.23253021219158, -32.36805541819604], [-56.231920859339326, -32.361636090395876], [-56.22502988763576, -32.35708844707927], [-56.21406063702952, -32.352467381007955], [-56.20364206483905, -32.35215025393022], [-56.19074800989395, -32.343313117728364], [-56.19119437217885, -32.3413817893192], [-56.18756142262578, -32.338546630914706], [-56.18657093307698, -32.32991231500978], [-56.19269088260126, -32.323865258158314], [-56.19352337044843, -32.32035373396556], [-56.19148702473252, -32.31496170786922], [-56.19188098969953, -32.308032583840635], [-56.197336448518, -32.295779220247496], [-56.224388275501916, -32.281745382534744], [-56.22659256101587, -32.277509222839164], [-56.230809992363476, -32.273536091182116], [-56.22982212097294, -32.26616165841579], [-56.22673361765998, -32.262393253980086], [-56.227749019509645, -32.25312256594492], [-56.22507950312383, -32.24827300965407], [-56.20918330238008, -32.24481651980138], [-56.211584947772494, -32.23743087997638], [-56.21717359006267, -32.2326439476984], [-56.21742740619447, -32.22824644038723], [-56.226110519933755, -32.21965790521454], [-56.22715542261129, -32.216775213744064], [-56.22926785698966, -32.215868318990246], [-56.236993635221275, -32.21571751873223], [-56.239966413128705, -32.2178109624874], [-56.24473288841804, -32.218604047677836], [-56.250005135546736, -32.214626541658795], [-56.26260302532152, -32.215390833966254], [-56.267169586526364, -32.21011328645549], [-56.27315163888202, -32.208693735897974], [-56.27281136328705, -32.2042862914625], [-56.27014092609935, -32.199437658193595], [-56.26600323481113, -32.197293598860966], [-56.263767990717014, -32.194692569545836], [-56.263749739749834, -32.191093673729654], [-56.25727012233846, -32.18598874053545], [-56.25628518941051, -32.17942417703169], [-56.25741514159821, -32.172672020301626], [-56.26176497933921, -32.16715921204941], [-56.26170680267681, -32.16365898689555], [-56.25915250187245, -32.160519173405945], [-56.26140356646661, -32.15146088153111], [-56.258773900075774, -32.14828399522558], [-56.2615166384475, -32.141465320625066], [-56.26596593452102, -32.1377107878904], [-56.26719780790646, -32.128426346000865], [-56.262241080402795, -32.122808484852776], [-56.25801564149696, -32.112586445565796], [-56.25765241742452, -32.098266089450675], [-56.26386751533404, -32.09650501110534], [-56.278916355378726, -32.09692363647791], [-56.286501039922086, -32.09212603964721], [-56.29281972019138, -32.09134584236324], [-56.29588444894091, -32.087860814169666], [-56.30642050860581, -32.081970737090124], [-56.31157846613004, -32.07749603785336], [-56.31385653323267, -32.07504767338326], [-56.31389381514552, -32.07156902026768], [-56.31159058492977, -32.06152552629015], [-56.30978001833668, -32.05892352687293], [-56.307311951280205, -32.05718032869639], [-56.300577215830394, -32.05689076376458], [-56.29927280106142, -32.05014772045597], [-56.29693268024543, -32.04718770998802], [-56.298182285023856, -32.04385369499781], [-56.296624475466686, -32.03614910482792], [-56.290907674134324, -32.02885560781906], [-56.29300247714732, -32.02344935497134], [-56.28928463223065, -32.01941481689525], [-56.28883644770254, -32.016240898344726], [-56.29646526468929, -31.9975515719063], [-56.29787460294873, -31.99092280318103], [-56.29554644470625, -31.98591921688367], [-56.29676282189106, -31.976556865785575], [-56.292314120703615, -31.973694935607266], [-56.291768130108956, -31.97027792458969], [-56.286991386704436, -31.965257872794158], [-56.286451330911135, -31.96283030763506], [-56.28316922725431, -31.960863342123407], [-56.28198763483817, -31.95690883297954], [-56.2810702769315, -31.94722976529334], [-56.28413399361223, -31.938509778335156], [-56.283685783624804, -31.93485267872786], [-56.27657906609133, -31.931375632985993], [-56.273280303639744, -31.92763523213312], [-56.27273303938599, -31.92203231441467], [-56.26248394973987, -31.918830832717042], [-56.261605432311754, -31.91190572041343], [-56.248379573487775, -31.903585107264846], [-56.241724897327565, -31.901538911353214], [-56.241714584676174, -31.899379467119886], [-56.2446495264645, -31.89559014144043], [-56.243303318161715, -31.88739778629485], [-56.23511456200336, -31.877017509256795], [-56.22595382558566, -31.87824577129325], [-56.22318445135495, -31.87579225779625], [-56.21673622754791, -31.873561034346814], [-56.19815349312804, -31.87894972460419], [-56.19170386586868, -31.87806932563445], [-56.18864122520474, -31.87650576165666], [-56.18853674024562, -31.874726148887355], [-56.18585937893433, -31.872457643870394], [-56.18178029818086, -31.871352324212346], [-56.177950762768404, -31.87194327825487]]]}}, {"id": "34", "type": "Feature", "properties": {"codcuenca": 55, "area": 5485, "nombre_cue": "RÍO NEGRO entre Rincón del Bonete y Río Yí", "cabecera": 54}, "geometry": {"type": "Polygon", "coordinates": [[[-56.286501039922086, -32.09212603964721], [-56.278916355378726, -32.09692363647791], [-56.26007885083412, -32.09730527976766], [-56.25765241742452, -32.098266089450675], [-56.25732586691451, -32.10104054269776], [-56.25801564149696, -32.112586445565796], [-56.262241080402795, -32.122808484852776], [-56.26719780790646, -32.128426346000865], [-56.26596593452102, -32.1377107878904], [-56.2615166384475, -32.141465320625066], [-56.258773900075774, -32.14828399522558], [-56.26140356646661, -32.15146088153111], [-56.25915250187245, -32.160519173405945], [-56.26170680267681, -32.16365898689555], [-56.26176497933921, -32.16715921204941], [-56.25741514159821, -32.172672020301626], [-56.25628518941051, -32.17942417703169], [-56.25727012233846, -32.18598874053545], [-56.263749739749834, -32.191093673729654], [-56.263767990717014, -32.194692569545836], [-56.26600323481113, -32.197293598860966], [-56.27014092609935, -32.199437658193595], [-56.27281136328705, -32.2042862914625], [-56.27315163888202, -32.208693735897974], [-56.267169586526364, -32.21011328645549], [-56.26260302532152, -32.215390833966254], [-56.250005135546736, -32.214626541658795], [-56.24473288841804, -32.218604047677836], [-56.239966413128705, -32.2178109624874], [-56.236993635221275, -32.21571751873223], [-56.22926785698966, -32.215868318990246], [-56.22715542261129, -32.216775213744064], [-56.226110519933755, -32.21965790521454], [-56.21742740619447, -32.22824644038723], [-56.21717359006267, -32.2326439476984], [-56.211584947772494, -32.23743087997638], [-56.20918330238008, -32.24481651980138], [-56.22507950312383, -32.24827300965407], [-56.227749019509645, -32.25312256594492], [-56.22673361765998, -32.262393253980086], [-56.22982212097294, -32.26616165841579], [-56.230809992363476, -32.273536091182116], [-56.22659256101587, -32.277509222839164], [-56.224388275501916, -32.281745382534744], [-56.197336448518, -32.295779220247496], [-56.19188098969953, -32.308032583840635], [-56.19148702473252, -32.31496170786922], [-56.19352337044843, -32.32035373396556], [-56.19269088260126, -32.323865258158314], [-56.18657093307698, -32.32991231500978], [-56.18756142262578, -32.338546630914706], [-56.19119437217885, -32.3413817893192], [-56.19074800989395, -32.343313117728364], [-56.20364206483905, -32.35215025393022], [-56.21406063702952, -32.352467381007955], [-56.22502988763576, -32.35708844707927], [-56.231920859339326, -32.361636090395876], [-56.23253021219158, -32.36805541819604], [-56.24307164408984, -32.3726706108746], [-56.24988773099521, -32.378385162664145], [-56.25314227472467, -32.38471378128934], [-56.259425095459946, -32.38819803861501], [-56.26579086387495, -32.3942402324348], [-56.26523727207806, -32.39783868941628], [-56.269220633734626, -32.405789142174065], [-56.27441485147333, -32.406717163631264], [-56.27715663919848, -32.41011048772447], [-56.285200289510705, -32.41091195966538], [-56.296082810047395, -32.41401558236321], [-56.300349966505415, -32.41710666171415], [-56.30702648800863, -32.43335987526383], [-56.3073432225851, -32.43879990804728], [-56.310446804008016, -32.44177675990217], [-56.31194994224548, -32.446896297045896], [-56.31510038156293, -32.44781546860308], [-56.31945530775226, -32.45183825257526], [-56.32102147610529, -32.456742262601615], [-56.32364756093931, -32.45999464467393], [-56.32800452188584, -32.46194143096096], [-56.34223664536106, -32.46107389690242], [-56.34506090495981, -32.46751825995414], [-56.34333559777198, -32.47324428224067], [-56.35256646065193, -32.48298832396188], [-56.353195275232515, -32.4934482847647], [-56.358819486282506, -32.495123959376826], [-56.363800557648105, -32.50120025826592], [-56.36377498326828, -32.50364722175589], [-56.36573927292989, -32.50655076050419], [-56.3695960876373, -32.509339860301054], [-56.37292402524503, -32.51401302423417], [-56.374275246770125, -32.520512420765684], [-56.380736441301906, -32.5207993353456], [-56.38694892238123, -32.52737441407154], [-56.38522277674104, -32.53272800539614], [-56.38747489322317, -32.54054934450437], [-56.39271798301347, -32.54215690489026], [-56.39433246806249, -32.54525820370645], [-56.399698460027466, -32.544674940941334], [-56.39601568000277, -32.55432649756727], [-56.39773854234346, -32.56126150137394], [-56.40845994978477, -32.562080261658544], [-56.409510169062415, -32.565431656129775], [-56.41409036834319, -32.564911716056045], [-56.418804449331425, -32.57012656556863], [-56.415068667049376, -32.57358602218962], [-56.41474302186422, -32.57611147546122], [-56.431043996381284, -32.57987010293966], [-56.435655263426, -32.58406838146581], [-56.44011029941097, -32.59536342198136], [-56.44000237955393, -32.602928555622555], [-56.44245312793979, -32.61499292055786], [-56.44583731806769, -32.61812637533371], [-56.45100963292498, -32.62016999282045], [-56.45457462717581, -32.62562121379553], [-56.45750544307543, -32.62673729392499], [-56.46441911289202, -32.625942448522785], [-56.469436570102765, -32.62902360765093], [-56.479090018309925, -32.6428947177218], [-56.47958436147075, -32.64997781623531], [-56.485633007679716, -32.65485778168932], [-56.49124830529607, -32.65724850706411], [-56.49224708101469, -32.659525692746584], [-56.48811653936358, -32.67044272300353], [-56.483283756079565, -32.67270673493653], [-56.48028796682203, -32.67677625052986], [-56.48126783342587, -32.68197864712071], [-56.47828203437663, -32.68650567949412], [-56.47165376572912, -32.68980016346559], [-56.46712554075223, -32.69367796971378], [-56.465907378164246, -32.69742936233193], [-56.464088663571786, -32.698386361300855], [-56.4550496116934, -32.71089652878091], [-56.459886711703234, -32.719460876485236], [-56.46001971892989, -32.722030937600465], [-56.457420086384936, -32.72580600730199], [-56.457759376924415, -32.72933154351545], [-56.458770552552245, -32.73136128668783], [-56.46105746541595, -32.73187555468082], [-56.4570181653911, -32.738731786235626], [-56.457644072948, -32.74189332598607], [-56.44346061712146, -32.75558399540692], [-56.43552841828352, -32.757240506059986], [-56.42982970878787, -32.76273892263634], [-56.428396910747814, -32.7659224005796], [-56.4293965304624, -32.76905538869892], [-56.42762562814041, -32.77116949147828], [-56.41678695880941, -32.77125840762], [-56.41052933041353, -32.773218844507944], [-56.408341398930574, -32.77515927364853], [-56.408460992864796, -32.78052700265978], [-56.4028966959846, -32.786043492443916], [-56.40596397696829, -32.79204762699516], [-56.41081190852567, -32.796339765335645], [-56.41156641415475, -32.79963737964773], [-56.42736771728469, -32.81023754223788], [-56.4300409161145, -32.813580464203135], [-56.42957335547097, -32.817071053895354], [-56.43185653846826, -32.81939261669771], [-56.43248749619013, -32.82243027662928], [-56.42738564558203, -32.83373183504245], [-56.41565901720476, -32.82879210760828], [-56.40174083221114, -32.83000417904543], [-56.3835193920954, -32.83543574346689], [-56.37813291578151, -32.83516784393319], [-56.36826785897952, -32.8393826771796], [-56.36244306223512, -32.846630263126315], [-56.3584542224252, -32.85410012772132], [-56.35076613153894, -32.854985862831164], [-56.34550028314562, -32.860118873260355], [-56.333130050981836, -32.8585753405683], [-56.325696069630105, -32.85988428408371], [-56.32268297470108, -32.857532522096506], [-56.3193728510571, -32.857036346905446], [-56.310937088275246, -32.85962605675475], [-56.31046854863215, -32.86590894842943], [-56.30229597015831, -32.87062614822166], [-56.2964944848373, -32.870862223955044], [-56.29297124849002, -32.87247301708931], [-56.291475095924675, -32.875672620819635], [-56.292764333278726, -32.879186587709505], [-56.28749357920024, -32.885801628519786], [-56.28372012931998, -32.88776000597376], [-56.2828606279836, -32.89231347990382], [-56.27901076184631, -32.89623678933924], [-56.278856784019546, -32.89860983501687], [-56.28181457577708, -32.905781286190525], [-56.28585043477585, -32.90837687592973], [-56.28107618067933, -32.91233423535549], [-56.28058344215862, -32.91457171942668], [-56.28389380302534, -32.919881775019796], [-56.28088018354646, -32.92276773024674], [-56.28660899651056, -32.93168789021828], [-56.28562880854311, -32.937120970290955], [-56.273688248377894, -32.94696077136517], [-56.2758790523202, -32.95525601417267], [-56.27274508360051, -32.9595261496132], [-56.270394432503274, -32.968690223374054], [-56.27270611649884, -32.975920480551046], [-56.26679937297882, -32.981478389106236], [-56.265816900470675, -32.986804832877624], [-56.26768746428931, -32.99241395495644], [-56.26564182710972, -32.99958192158841], [-56.27004156165597, -33.003880053231654], [-56.26535913680323, -33.019914099415566], [-56.26099034538558, -33.02618277630614], [-56.25782501070749, -33.02845470776063], [-56.25368855902524, -33.03571238601396], [-56.24725830434984, -33.0405684812792], [-56.246301383116474, -33.043282976778364], [-56.24899357035825, -33.056913823510804], [-56.24503145385603, -33.07342843099553], [-56.24737924256469, -33.07620382771263], [-56.24708132928482, -33.07874380072708], [-56.24338843774164, -33.088676052436405], [-56.24280592586604, -33.09659314073344], [-56.2508297265333, -33.09946841940971], [-56.2524924528793, -33.104180246243445], [-56.26596226632353, -33.11856701416212], [-56.271552652347054, -33.117373553706024], [-56.2831221298081, -33.11786257044355], [-56.28959175692825, -33.11587742513636], [-56.29268182493657, -33.11383016515024], [-56.29572608575508, -33.10728403368317], [-56.30090229348419, -33.10736705315925], [-56.3134547861484, -33.11007213397145], [-56.31682666905607, -33.11529877931238], [-56.332772425475596, -33.12344936146214], [-56.33980620603472, -33.121413562113354], [-56.34939296640298, -33.12357946790731], [-56.35080900673973, -33.12512306583764], [-56.35733096818944, -33.12507013584016], [-56.3628435939919, -33.119755912820025], [-56.36813244935226, -33.11807247795432], [-56.36995094841962, -33.11339701549512], [-56.37313690385686, -33.110582107831426], [-56.375694341853645, -33.105903158354316], [-56.38462021713329, -33.103213256983864], [-56.39253893963153, -33.10548658532751], [-56.407577724466165, -33.10261330799966], [-56.40993309330964, -33.10088979494871], [-56.42039612703316, -33.101953260301016], [-56.42357754063553, -33.09841277385081], [-56.434155314430306, -33.095766546586674], [-56.43945709865801, -33.09625803380914], [-56.44552170543694, -33.099960491088915], [-56.45513119959732, -33.099599809986145], [-56.45938465168206, -33.09179821399814], [-56.45850676166213, -33.08972856763383], [-56.463257877744475, -33.08254708846307], [-56.46576940534749, -33.08101852982412], [-56.46443052658395, -33.07465854332305], [-56.47191532525236, -33.07078099822017], [-56.46933704641332, -33.06489435321826], [-56.4703656765575, -33.06135130553259], [-56.47904800567475, -33.053214587444984], [-56.48179894807301, -33.053736277462754], [-56.489743413670766, -33.050770464902754], [-56.49449888882355, -33.04472862391536], [-56.500458041701904, -33.03989934518955], [-56.50960568017969, -33.039769017013015], [-56.52552004133911, -33.043411207949504], [-56.54492290999694, -33.03707399377987], [-56.553921242177324, -33.03796960264466], [-56.56129052695476, -33.03604176555346], [-56.56660369666526, -33.038187231435145], [-56.57190366983606, -33.034537063353454], [-56.574667222795256, -33.03766281905003], [-56.57549439922186, -33.04121961285299], [-56.5793368281892, -33.043916328103585], [-56.588543216818074, -33.04064334237491], [-56.59864072710987, -33.04068282423095], [-56.60297564153044, -33.04345527042595], [-56.60617992264351, -33.0437457455147], [-56.625567147914275, -33.03635900048204], [-56.63382413057497, -33.03713379850454], [-56.63811575379116, -33.035238199163054], [-56.64518409423472, -33.04047990049654], [-56.64080373359836, -33.046006307650934], [-56.64257206408983, -33.050661472853946], [-56.65011756571446, -33.054136521438245], [-56.650156439512585, -33.05818106536635], [-56.654583777343234, -33.05995098905448], [-56.660692630240554, -33.0680377478186], [-56.66629884561669, -33.0686771402783], [-56.673214126213075, -33.07337123180824], [-56.67482616413477, -33.071838987318124], [-56.686880736395054, -33.07479783411652], [-56.68845911858291, -33.08270135483945], [-56.70014804506192, -33.08692644508173], [-56.710139488636884, -33.08788462432082], [-56.71277131540863, -33.08950968348572], [-56.71927365871829, -33.08558597654373], [-56.729421653233196, -33.089713891445314], [-56.736169858064656, -33.087061443573546], [-56.74626839826229, -33.086484823845055], [-56.75393433742709, -33.080822201948216], [-56.76496977604535, -33.079036004312336], [-56.76868511126513, -33.07723208156063], [-56.77520124354715, -33.079349711779976], [-56.778637283264935, -33.07882939823695], [-56.78229626833787, -33.07649890570311], [-56.78941292432177, -33.075141664425225], [-56.792004076354324, -33.07301950831828], [-56.802112218348, -33.07166429531167], [-56.806842627994214, -33.07223067999517], [-56.81641859150874, -33.077226150805515], [-56.82525570743391, -33.0795176543263], [-56.8274126177901, -33.083569089024905], [-56.830185869699335, -33.08561945180207], [-56.836608057251325, -33.08586643704864], [-56.843666884153386, -33.08262669762657], [-56.85250961185175, -33.083531575514854], [-56.85759223285605, -33.08680355297006], [-56.86866971315641, -33.08972153085352], [-56.88118541024132, -33.09549511849354], [-56.88521488351525, -33.094459369683975], [-56.892419940602906, -33.09513834421523], [-56.90405821330701, -33.09919745665903], [-56.91954007169861, -33.091854122444786], [-56.93357430187577, -33.09232771895842], [-56.94040024167388, -33.086961616316856], [-56.94899471482476, -33.08968472154834], [-56.957758414616485, -33.096208395046716], [-56.961459282406004, -33.09737482782918], [-56.967156013583256, -33.09662110806484], [-56.973295785964375, -33.101157418651], [-56.98050597543084, -33.09291874690004], [-56.98298524683829, -33.08793930953257], [-56.98804201019603, -33.08534628042637], [-56.994103656376375, -33.08649385979589], [-56.99807365969621, -33.08358468251179], [-57.00229491109607, -33.083038597153255], [-57.00378998241342, -33.080149970061576], [-57.01832243248306, -33.07741923770586], [-57.02012883830371, -33.074883509956116], [-57.027161665403305, -33.07237663595587], [-57.03436998173618, -33.07592195384058], [-57.035397411567736, -33.0811355659952], [-57.03974325355047, -33.08470888877953], [-57.03963490891976, -33.08832642840698], [-57.04190736968245, -33.09151843898949], [-57.04264928182928, -33.09901184168382], [-57.040512062617616, -33.105462382236574], [-57.04075203722451, -33.11257240354149], [-57.054657493686605, -33.11536643888382], [-57.05894085775684, -33.114385639835575], [-57.067307769673704, -33.10961285441625], [-57.08000491133236, -33.10720606665704], [-57.08703557332571, -33.109142775969985], [-57.09209873374327, -33.10708867540785], [-57.113647402980824, -33.1056272826572], [-57.1274568618323, -33.10704396995737], [-57.141312827805145, -33.10010499918674], [-57.15457011759383, -33.10061534699054], [-57.15692778775221, -33.09968787914238], [-57.15988110366724, -33.09544363281683], [-57.16852243983785, -33.09264111572463], [-57.1979992418072, -33.094250788368115], [-57.20971283673699, -33.09773421594324], [-57.21624987839584, -33.094044740979484], [-57.222819641742475, -33.09242047553851], [-57.23604460291762, -33.08503809847938], [-57.24217644282927, -33.084838186715544], [-57.24912245601251, -33.07817253254948], [-57.24707623442505, -33.07496830845277], [-57.25001480590745, -33.05798209567035], [-57.25813599100296, -33.04973939035219], [-57.263818166091895, -33.04765539817546], [-57.27091356787317, -33.04844842467003], [-57.27475192402406, -33.04520578514024], [-57.27369267725982, -33.04328050322631], [-57.27388956406716, -33.03669306711689], [-57.27040046360035, -33.03285608518786], [-57.27010065813054, -33.03064371593314], [-57.271867950712306, -33.025741735403244], [-57.27413436644176, -33.02377817618647], [-57.27280027776287, -33.019391841329124], [-57.27165244192976, -33.01774151833025], [-57.268663900398984, -33.01738667475545], [-57.26590810520045, -33.01347228290283], [-57.26142795024986, -33.01292336964275], [-57.25975006521729, -33.011423524882346], [-57.26428296614228, -32.99975922491328], [-57.26874453728124, -32.99755957909618], [-57.270450907873105, -32.99515339215341], [-57.270697806882644, -32.99192157849131], [-57.26847606257496, -32.989320290075746], [-57.25449452174555, -32.98514327024147], [-57.250601799100416, -32.98131491840169], [-57.24216492085501, -32.98063792850662], [-57.23781112876404, -32.9768564975408], [-57.23808596991781, -32.972959618890634], [-57.236519843486846, -32.97133152208476], [-57.222730431273675, -32.97380391977396], [-57.22021392660691, -32.97322748285011], [-57.21870154989853, -32.967894754097976], [-57.214780065601595, -32.96689458298652], [-57.20564898307819, -32.967496501884106], [-57.19835542647319, -32.961509603768974], [-57.19317627738172, -32.95184736053023], [-57.19131918198217, -32.949883063064725], [-57.188366816075515, -32.94961256486689], [-57.18570774297561, -32.94386507324851], [-57.180113904200134, -32.942432055577676], [-57.1778639135872, -32.94017760876168], [-57.172367554955144, -32.927037232684256], [-57.162650034192424, -32.92977109649962], [-57.153398069800666, -32.92361521515881], [-57.14145804171925, -32.905964376725066], [-57.125593109557286, -32.90128826053399], [-57.12074640281174, -32.90119144641448], [-57.11908162387375, -32.89955267771689], [-57.11864639940811, -32.89536051417303], [-57.11279701107602, -32.89309779952844], [-57.104374922167665, -32.892798569322224], [-57.09880571235497, -32.888724494491235], [-57.094512751125514, -32.87766410180907], [-57.08534303917683, -32.873755576715205], [-57.07601001719442, -32.86676949909842], [-57.06967944013129, -32.856861758687955], [-57.06608258431514, -32.85449222724251], [-57.06177112072784, -32.84448413060598], [-57.05339935816772, -32.840722163824985], [-57.050811291043296, -32.84068474519107], [-57.0452627080849, -32.83555182697266], [-57.040215396401585, -32.83337269174822], [-57.0405891239917, -32.82562235378536], [-57.03660991205602, -32.81820518963268], [-57.03335259577929, -32.81487996021016], [-57.03301820391921, -32.80955155883225], [-57.025025735248626, -32.80440375436303], [-57.02756359145286, -32.795464779153264], [-57.021427475857124, -32.789026337349625], [-57.023954733942716, -32.784310270166046], [-57.01271112163687, -32.778286915893744], [-57.00792229739815, -32.77295840696522], [-57.004618377001236, -32.771970866344894], [-56.995129330624486, -32.754205648285414], [-56.99084618844452, -32.75088132224656], [-56.9845526773112, -32.750944194652845], [-56.97685645860973, -32.74610200567185], [-56.975916030126726, -32.7412920161068], [-56.971424367828526, -32.73523559794961], [-56.967418571717886, -32.73288800661086], [-56.959576633458404, -32.735419299068326], [-56.95203338777485, -32.73408533223346], [-56.950938167824965, -32.72902345871591], [-56.95215374585283, -32.726511718520875], [-56.95131870851405, -32.72109937194588], [-56.952689507420786, -32.71727045642644], [-56.94333215290566, -32.70038340613758], [-56.939432390821516, -32.68940365564272], [-56.937024014247946, -32.687265345676494], [-56.92864513172172, -32.6851932652471], [-56.91566871825884, -32.6620109652498], [-56.91576768827512, -32.65604212830717], [-56.91849353016392, -32.65250299301405], [-56.917372757542566, -32.6473888654617], [-56.912769330959534, -32.64109390648323], [-56.90083130025423, -32.63915042602789], [-56.88656763407718, -32.633774849277756], [-56.886294226082185, -32.62719856769227], [-56.87373601251228, -32.621556883494485], [-56.87133048648597, -32.618865748207675], [-56.86728090267723, -32.600605458401176], [-56.86263081166203, -32.59706902611527], [-56.85969838685171, -32.59262397297119], [-56.86109225774412, -32.58871126841679], [-56.8584625155915, -32.58436393036074], [-56.858274798681194, -32.58091708423292], [-56.86109300411076, -32.570215649121316], [-56.85023640345669, -32.56328374328], [-56.8365057155553, -32.54451941755069], [-56.83214346085846, -32.5420595158471], [-56.827926895538496, -32.54250041171272], [-56.822421655243716, -32.53929447467527], [-56.82085302585467, -32.52784804717286], [-56.81806758067344, -32.52144271618569], [-56.81935322492821, -32.51396288801433], [-56.82301264123335, -32.50741199901042], [-56.81846959994306, -32.50364862007848], [-56.81296525109699, -32.50123875787432], [-56.811121489811235, -32.498343988056085], [-56.81202215164621, -32.493135383845164], [-56.809745992826635, -32.48681450058743], [-56.81305346712873, -32.48248053330274], [-56.8119503383918, -32.47954267174467], [-56.80838538346854, -32.476585199464964], [-56.80929542523659, -32.47067784964979], [-56.80818440250877, -32.467736821865], [-56.80634810238963, -32.46567409747483], [-56.79781082512134, -32.46478644108711], [-56.79667321203813, -32.46383983902993], [-56.79742704176743, -32.46109167267014], [-56.78925951438541, -32.45479355625065], [-56.78881488601062, -32.44918927422564], [-56.79053565832242, -32.44535373906069], [-56.78934547618863, -32.436344098063344], [-56.79429845794418, -32.42484569910546], [-56.798553631230476, -32.41969188216799], [-56.79927350602286, -32.41546000856024], [-56.797334880932254, -32.40579805819496], [-56.791823580025635, -32.400077077679754], [-56.78398373430163, -32.392661432622226], [-56.77813505688049, -32.392138046650345], [-56.771177108931084, -32.39536149912905], [-56.737581387549056, -32.39468904794087], [-56.72525343251093, -32.39640530737527], [-56.713995928696356, -32.39529556383491], [-56.71255809837212, -32.3860925467602], [-56.7004064738879, -32.37807045135465], [-56.69213633943369, -32.370019747625946], [-56.68504734681776, -32.36787960179365], [-56.67270729533668, -32.36680215855646], [-56.67002944434719, -32.36474755083786], [-56.6652193257052, -32.365085516475595], [-56.66077813336289, -32.36746204026473], [-56.649537365629186, -32.36581948824441], [-56.64299292180102, -32.3621263830236], [-56.640937534834144, -32.3573841216503], [-56.64162421868952, -32.35396498605616], [-56.64850672362096, -32.344833713740464], [-56.648452099078625, -32.338980550326355], [-56.64232745255282, -32.334826192028096], [-56.63966325470771, -32.32830785670031], [-56.63460928915906, -32.32535363693967], [-56.63102174667744, -32.325373826591814], [-56.6310440296704, -32.32025530384519], [-56.62848434189753, -32.315150264706034], [-56.62773337465037, -32.30363096875161], [-56.62626440594197, -32.29998210437479], [-56.62615490259596, -32.29781811062117], [-56.6286696146412, -32.296063949123294], [-56.62830534892628, -32.29172686290831], [-56.620905743807455, -32.28828069312406], [-56.618915892799166, -32.28112775069782], [-56.61667896872489, -32.27980078617823], [-56.60496763009111, -32.28216642497875], [-56.59534137606418, -32.2774369970019], [-56.596074386238364, -32.270968999717375], [-56.593626511576176, -32.26084765042948], [-56.59459133482963, -32.257258879704395], [-56.59298627317801, -32.254220192245945], [-56.58272229649131, -32.253857374144495], [-56.57948226499242, -32.25187550577476], [-56.56120275308858, -32.254659603936304], [-56.556306805148076, -32.25149963020267], [-56.54421023546629, -32.24750472785852], [-56.5416778196397, -32.24489765655067], [-56.53577288227339, -32.2433808028142], [-56.53291675388004, -32.2395188253488], [-56.52401279986439, -32.23788482559837], [-56.52244010795116, -32.23493098034573], [-56.51692281071659, -32.23134623220599], [-56.51570268939085, -32.22626681281021], [-56.512442511117996, -32.22213884660871], [-56.50525781196181, -32.21675709467254], [-56.503879704806124, -32.21380191457496], [-56.49960903941975, -32.21234418947106], [-56.48335254202302, -32.21325612653482], [-56.47869623460304, -32.21196437957246], [-56.47252154018868, -32.21479564440009], [-56.45896652126097, -32.21453782124927], [-56.444496591305345, -32.207328321132934], [-56.43852743403712, -32.20710673484354], [-56.4305787571343, -32.20885398052327], [-56.41863884334592, -32.206346761338544], [-56.414515081824945, -32.2027418908121], [-56.405799862272566, -32.203487210553874], [-56.40184054696999, -32.20048044820306], [-56.40450904848667, -32.19166127882578], [-56.40293653116742, -32.18035664843232], [-56.39458529174467, -32.17777252247076], [-56.3866361648184, -32.17225178704826], [-56.37969050226114, -32.170318052035654], [-56.37792077837627, -32.16588177648852], [-56.38075554441474, -32.15516937075595], [-56.38034771156362, -32.151879107237804], [-56.37429206482988, -32.14268874303698], [-56.36420578334843, -32.1384543175733], [-56.360704522762305, -32.135342334889934], [-56.36316368512012, -32.12627800390183], [-56.36236504825565, -32.114172658507954], [-56.36069679419688, -32.11243546990447], [-56.353589430695024, -32.110353257064844], [-56.34294793766602, -32.11028818089929], [-56.34112240570997, -32.108167395138246], [-56.33890817092185, -32.101021324067396], [-56.33110958262719, -32.09392103146361], [-56.31014853732519, -32.088807322147495], [-56.30642050860581, -32.081970737090124], [-56.29841107842939, -32.08605139161234], [-56.29281972019138, -32.09134584236324], [-56.286501039922086, -32.09212603964721]]]}}, {"id": "35", "type": "Feature", "properties": {"codcuenca": 56, "area": 13720, "nombre_cue": "RÍO YÍ", "cabecera": 56}, "geometry": {"type": "Polygon", "coordinates": [[[-55.924713481797006, -33.036065940687166], [-55.91903088943253, -33.03644065522845], [-55.915592868574656, -33.043911575820474], [-55.913255367119774, -33.04567692260292], [-55.91054586029071, -33.0454719173379], [-55.909311952668524, -33.043502365888116], [-55.90340113202712, -33.04361112273053], [-55.897993442954856, -33.05326124073914], [-55.88863975531428, -33.05959501508104], [-55.87558652351779, -33.06250770111257], [-55.87312087022971, -33.05981251365131], [-55.86979584044118, -33.06043672429459], [-55.86056055964279, -33.0638642307266], [-55.856745387927965, -33.06884446580576], [-55.85194319362435, -33.071958082061364], [-55.850590836286024, -33.07662592057061], [-55.8528102557314, -33.07994395465054], [-55.84985496715138, -33.08243438590226], [-55.84841884193006, -33.08885775804813], [-55.84899746283399, -33.091250686200645], [-55.845668412033376, -33.096248530885845], [-55.84569913419785, -33.09819931832871], [-55.848281844279434, -33.1000351820731], [-55.845673301480595, -33.10570239400533], [-55.849375936635894, -33.109298147360164], [-55.848886653032785, -33.113653584364165], [-55.84617813835544, -33.119047885223885], [-55.843009798270295, -33.11972639795911], [-55.837223823580956, -33.12472604292041], [-55.83309859232709, -33.12350772730426], [-55.830228049871565, -33.12626545318032], [-55.82680966103688, -33.12541589129424], [-55.82252764159543, -33.11771361470398], [-55.80177288848582, -33.1161952269216], [-55.796979842693226, -33.11188011361898], [-55.79028224718218, -33.110437311149845], [-55.78994664572687, -33.1067136885813], [-55.787852213873784, -33.104071446116464], [-55.77258357244812, -33.10064614949624], [-55.767445680772234, -33.10146338857159], [-55.76242683330281, -33.10981074711064], [-55.75752112683671, -33.11271716757122], [-55.75016373610863, -33.11393392433892], [-55.74325454908176, -33.111210587371325], [-55.733770134332204, -33.11001180498188], [-55.72207595467959, -33.111855788990276], [-55.71468198656956, -33.10923300847011], [-55.6972178726796, -33.11575022579066], [-55.687839379906926, -33.11556432380565], [-55.686858068702065, -33.116013619412534], [-55.68711876086852, -33.121316004812556], [-55.68514228695865, -33.122681280869735], [-55.68015213568066, -33.12167217177706], [-55.674806731175664, -33.117820865349096], [-55.6703431894757, -33.12100570895365], [-55.65760858436848, -33.11948504928531], [-55.65606929337466, -33.124085638758515], [-55.631604074664544, -33.13336244249935], [-55.610983772261555, -33.13072879376487], [-55.60908849368342, -33.12289566645227], [-55.60426917959466, -33.121339911044686], [-55.60042318406845, -33.1217021894298], [-55.59520768010307, -33.11708139127573], [-55.58860332553703, -33.11628104365572], [-55.58449748781407, -33.11845775723766], [-55.5811727918973, -33.12274250571375], [-55.574669674076716, -33.12632899977597], [-55.5625472009536, -33.1208220137608], [-55.55798859763094, -33.117121931912415], [-55.55907731659649, -33.11143032080395], [-55.55674709067465, -33.1051059859622], [-55.55279992555898, -33.103811054963266], [-55.55128602651437, -33.09833758924241], [-55.552913352188106, -33.089451517741146], [-55.549791756375576, -33.08599924416269], [-55.54686885841319, -33.08331174219193], [-55.534241059194436, -33.0792167924259], [-55.53198896080041, -33.07736121663433], [-55.5260317232413, -33.06438919988539], [-55.51673089333873, -33.06490474334847], [-55.51087991581351, -33.06220970901286], [-55.49968149890146, -33.050299084486646], [-55.496444242576366, -33.048043977718066], [-55.49256924858732, -33.04752918692228], [-55.48726784335256, -33.053199724057826], [-55.485036718722256, -33.05785655303926], [-55.48604506014673, -33.06086249504933], [-55.48412938569049, -33.06225209323992], [-55.47660171465633, -33.0655579903694], [-55.467807231491314, -33.06682204425654], [-55.465502480127945, -33.069926540893775], [-55.457017811600565, -33.07507250899459], [-55.45288039471899, -33.07558939227488], [-55.445999009814315, -33.0729833547855], [-55.43821349420807, -33.08676654641518], [-55.41651175475609, -33.09206923644475], [-55.40629928505182, -33.09634644417801], [-55.40435067682989, -33.09903044600637], [-55.404976647962556, -33.10491532317842], [-55.40099087506067, -33.10931699446109], [-55.394618955245846, -33.10918916863105], [-55.39027377518754, -33.111749270003116], [-55.38632880726354, -33.110449082993256], [-55.378523836930526, -33.104170763180214], [-55.373107246838444, -33.10353967024486], [-55.37001666603377, -33.100020187256], [-55.3648427132461, -33.09964962426073], [-55.35692944673066, -33.102088794280206], [-55.34976945198212, -33.10667543792099], [-55.34975030504822, -33.11042956464705], [-55.347953384269374, -33.11289010139247], [-55.344256706494114, -33.112983900187416], [-55.33702735138425, -33.106199706234875], [-55.32505524838198, -33.10476024519062], [-55.30973646493901, -33.094457743699884], [-55.28876590112246, -33.09925355518945], [-55.284915419693604, -33.103957250808236], [-55.28424439104124, -33.10974664273689], [-55.276712951354305, -33.11175322976746], [-55.27043703453904, -33.116875301678945], [-55.25032027068124, -33.113355806492976], [-55.240428031575796, -33.105588917650216], [-55.23471040668285, -33.10288156531176], [-55.22673278272941, -33.09501499762905], [-55.22380832058705, -33.09403615517145], [-55.217284989895994, -33.09776000397862], [-55.212442724060764, -33.09773727326506], [-55.204000634374424, -33.10241671666992], [-55.1962564687738, -33.098088973284426], [-55.19272757062199, -33.09238695211905], [-55.18714789191522, -33.08849821775707], [-55.182921502774754, -33.091587963943454], [-55.17515050442642, -33.0913347314013], [-55.16663504925388, -33.08828842921152], [-55.1628080117182, -33.08891249781921], [-55.159975607757474, -33.091351951714664], [-55.15932193635109, -33.09522306795542], [-55.13110629644379, -33.102368623173376], [-55.132702597850795, -33.106961256610106], [-55.131273515522764, -33.116899067774575], [-55.12956064158921, -33.117826069473665], [-55.13515446477529, -33.12050252531827], [-55.13825730503411, -33.12972902826387], [-55.12260322385701, -33.13675466472303], [-55.117382942252064, -33.14363035338827], [-55.1243083904401, -33.14932648685891], [-55.127831461084945, -33.15961873862793], [-55.12385573526575, -33.164059905000805], [-55.12554842872819, -33.1651231624009], [-55.1252589929653, -33.17597212761088], [-55.12758806103805, -33.179207167725835], [-55.128450129142294, -33.183735764090514], [-55.126090542788354, -33.187864018701475], [-55.115674864935094, -33.19157173881561], [-55.11466996981732, -33.19412609925554], [-55.12262742620427, -33.20931754256482], [-55.127443489616795, -33.21000685151991], [-55.13038351304757, -33.21205555717069], [-55.13534097834782, -33.21976178921572], [-55.13561202242314, -33.22392045262138], [-55.140557305845704, -33.22889971429244], [-55.14080288868717, -33.23198792936229], [-55.139623026769954, -33.23401451585368], [-55.13404705136897, -33.23684582663607], [-55.12859483773645, -33.235160126845116], [-55.124309906251284, -33.24156279797246], [-55.12510783851905, -33.24590777720644], [-55.123471307007755, -33.248985786455194], [-55.11702360228293, -33.24849880278854], [-55.11400521454305, -33.25026452526333], [-55.10575400033003, -33.25724534200583], [-55.10062975529334, -33.263571924076196], [-55.091669380943664, -33.270266344219465], [-55.090039135707876, -33.27236515848741], [-55.09165500999414, -33.284266796262095], [-55.0912523075507, -33.286118732166806], [-55.08887959208313, -33.287453195868906], [-55.09776325427094, -33.29273724242727], [-55.107948056515106, -33.28779729471496], [-55.11053543444464, -33.287387898159686], [-55.1148228262588, -33.28936913982293], [-55.11875748949435, -33.2923039263011], [-55.12022056587925, -33.299202299948526], [-55.12656296576684, -33.30147965976514], [-55.127431768248336, -33.30509826664297], [-55.1307128723456, -33.30985922675737], [-55.141605897326095, -33.31601588264817], [-55.138231585228546, -33.32473679210888], [-55.131922276712075, -33.32763404744748], [-55.13197231339942, -33.33282927960307], [-55.12961221472176, -33.336505737046465], [-55.12967883651941, -33.339517665108914], [-55.13567912922029, -33.34075453353107], [-55.14147753792868, -33.34500161133531], [-55.143602267786626, -33.34799746417923], [-55.143455425443506, -33.35240943779449], [-55.148382635666074, -33.35731016984606], [-55.147103522084, -33.36209019441579], [-55.152212962844104, -33.37046439082902], [-55.158146834186496, -33.37361106615936], [-55.15962458730695, -33.37589904562626], [-55.1568043938696, -33.383253494110484], [-55.15865684048728, -33.387629831499446], [-55.15639369884686, -33.40244998666729], [-55.154446602984706, -33.405513122172856], [-55.15061109564798, -33.407539477102176], [-55.14701962788155, -33.41964206050065], [-55.15230130152648, -33.42170253633678], [-55.15344888200832, -33.4243436148061], [-55.14822642047473, -33.42634906595271], [-55.1459643540818, -33.42867109384192], [-55.136963548062376, -33.431559541780146], [-55.132078680025394, -33.436276479517424], [-55.12805381365872, -33.44527160975912], [-55.13209942028387, -33.458809511186665], [-55.14451809304647, -33.4636113637804], [-55.149368430520155, -33.46751147168666], [-55.149031145720656, -33.47827234381381], [-55.142095732645984, -33.489375066299246], [-55.142331868710535, -33.498040180046566], [-55.144218086573375, -33.503431473040344], [-55.14227510604717, -33.509567032176975], [-55.15133499721572, -33.51533405713523], [-55.15538164070291, -33.51524926959486], [-55.160185450155474, -33.513353434526685], [-55.15945127240862, -33.50986541999469], [-55.16057643052633, -33.508995796418155], [-55.16609611968162, -33.50674411077126], [-55.16840281012987, -33.50404266047706], [-55.1733632814521, -33.50267197195837], [-55.1781734668013, -33.5033476523136], [-55.18198275204687, -33.505997547125986], [-55.19201365784037, -33.50860284856324], [-55.197150280751956, -33.50889301377833], [-55.20571390012594, -33.50686532467049], [-55.21099014722815, -33.50903788039536], [-55.21682000874414, -33.51682470443339], [-55.220671217813305, -33.5194670952925], [-55.223288584280986, -33.53284777279373], [-55.22339113927639, -33.53644926870463], [-55.22171496950607, -33.53997664864115], [-55.223059397288104, -33.54830988670221], [-55.22656638558576, -33.54972507148297], [-55.227297748185634, -33.553770737142294], [-55.22980205774151, -33.55711728643913], [-55.23370811962269, -33.57043011119213], [-55.23286914375048, -33.574308419658266], [-55.23371643537954, -33.57915668494306], [-55.24120462617617, -33.590299910646976], [-55.248525571916524, -33.59232268412678], [-55.26082612604325, -33.58877440488993], [-55.26802614617061, -33.5928971784068], [-55.27045441220909, -33.595135109551784], [-55.27093467608996, -33.597381338129374], [-55.28654324974839, -33.59526197933288], [-55.30458237869325, -33.59988293783812], [-55.30688793758874, -33.602218112552976], [-55.312753312733946, -33.602632023528955], [-55.31549938747808, -33.603764897080204], [-55.31696003643472, -33.607609332345135], [-55.31886135544563, -33.60838448635556], [-55.325996506446636, -33.60717182877986], [-55.33346780202053, -33.609031007338096], [-55.33628971111093, -33.615961374894866], [-55.33577818902179, -33.62569383970011], [-55.337734581553086, -33.62948082499478], [-55.3397727351267, -33.631201083388454], [-55.355140962134946, -33.635509436950976], [-55.35582392288671, -33.64000023206029], [-55.35815185683547, -33.64110758539761], [-55.35942115479229, -33.64349614267831], [-55.357913748538735, -33.64468061207353], [-55.35855497372384, -33.648743073873014], [-55.351702566129376, -33.65102532993267], [-55.348708654843016, -33.653875007996184], [-55.353305116383844, -33.66118153918606], [-55.35329462514637, -33.66321158098389], [-55.34786632276871, -33.66725200067129], [-55.34762194630064, -33.67177264095003], [-55.339963442977826, -33.679956942771675], [-55.344343659932385, -33.686524766660355], [-55.34067836621032, -33.700062788300016], [-55.337087468918696, -33.70172330187376], [-55.3306904539428, -33.700591858023564], [-55.32559196612816, -33.704263408934175], [-55.31509928127112, -33.70505314784103], [-55.31133101256951, -33.70762201216844], [-55.306863540942835, -33.70863257818465], [-55.30274740633766, -33.71272059986816], [-55.304777053334504, -33.71563612288502], [-55.31060300705773, -33.71677098553075], [-55.311404627803654, -33.719767038133384], [-55.310281342283055, -33.7224731147614], [-55.31797737028804, -33.72511022321882], [-55.31790469296013, -33.7285146807766], [-55.320028514246665, -33.7330550205117], [-55.3105349494586, -33.746784948496924], [-55.30960107874758, -33.749004513094036], [-55.310903601104116, -33.75396928134239], [-55.308017819577195, -33.75737822566154], [-55.30041814577821, -33.76153770215273], [-55.300556135975995, -33.763537353604825], [-55.307182902477074, -33.77083900771727], [-55.30957299093072, -33.779014619388605], [-55.31249810281726, -33.77971414637721], [-55.309894841558496, -33.78731421698781], [-55.3104971107823, -33.789454354078906], [-55.316304082615396, -33.79486437486123], [-55.314489329659864, -33.80199850416301], [-55.320945882906464, -33.80464524511777], [-55.32543551628585, -33.8104626075661], [-55.32693012677988, -33.818078700812244], [-55.34257990732179, -33.82957904334766], [-55.344847670871175, -33.83935247081855], [-55.34924257735402, -33.841506349372146], [-55.35093313701788, -33.851346080728504], [-55.35612790136961, -33.85752155359746], [-55.35616979015618, -33.861633762257966], [-55.3584977672842, -33.86830348960554], [-55.35752715441319, -33.87441413883186], [-55.36242796680129, -33.877985731612426], [-55.369672329893646, -33.87827336433438], [-55.37337405077947, -33.88451322424375], [-55.37632804693492, -33.88478287452988], [-55.39002998503497, -33.88184545920686], [-55.39313455694748, -33.88315303961563], [-55.39593670326797, -33.882643344192196], [-55.40049948215528, -33.87811503923629], [-55.409455854109304, -33.88049446144852], [-55.41492751886427, -33.87933119645454], [-55.417337190714115, -33.882741679200066], [-55.42190244587116, -33.88480142196679], [-55.424742772307816, -33.88840616050586], [-55.4323375594693, -33.88603560657772], [-55.438569023826936, -33.87927307719888], [-55.44386737513217, -33.876823644812724], [-55.4481396047764, -33.87736599747968], [-55.45518768130024, -33.87469001470607], [-55.45978765582323, -33.876029748060205], [-55.465321268808076, -33.87237647252765], [-55.469550089511266, -33.8715762759116], [-55.474248680685484, -33.862896888331896], [-55.47967854682832, -33.86137835831511], [-55.48764419660001, -33.85683425248352], [-55.48704287242123, -33.853834863918614], [-55.494219393900195, -33.84949068372065], [-55.50455926062787, -33.85165292560687], [-55.507014275988695, -33.85277003947779], [-55.50890020892941, -33.85555264327559], [-55.51115263801271, -33.856028087820086], [-55.51968763239761, -33.85327883815513], [-55.52913632181122, -33.855214104926766], [-55.53270453307624, -33.860906388077545], [-55.540338735860274, -33.86279437830449], [-55.54795959171075, -33.86242100677949], [-55.553531382258186, -33.87077789711644], [-55.574170988171666, -33.872614764812184], [-55.578057000174624, -33.87574188104142], [-55.588042512510576, -33.87708487061588], [-55.60209454476357, -33.88254665729303], [-55.60802225912498, -33.88616216654018], [-55.61246886370696, -33.885374247394495], [-55.61499539695362, -33.886867396793264], [-55.62228638087891, -33.887250460893924], [-55.62626973319714, -33.88637260873487], [-55.62672431381004, -33.88320441876397], [-55.6287796915866, -33.88047770405458], [-55.64554809847106, -33.87501068598496], [-55.647632617623195, -33.875673182205794], [-55.649291175817886, -33.87318559361856], [-55.652360647764574, -33.87171194570757], [-55.651658622646856, -33.867134351799784], [-55.648921241146276, -33.86413589444531], [-55.64917305175269, -33.86272183431547], [-55.652418143311756, -33.860437812647675], [-55.65282061234922, -33.85835833865418], [-55.6607085069238, -33.852335629627724], [-55.662182193070215, -33.84902241104816], [-55.66555235005977, -33.847473903886126], [-55.666538121821425, -33.843672157059856], [-55.6750363276682, -33.83958002884943], [-55.67264788283917, -33.836624037384034], [-55.67295349947268, -33.83221482821468], [-55.679405727799754, -33.820476734256616], [-55.68458841618214, -33.816792903729166], [-55.68815132201951, -33.81606253535967], [-55.69086566504285, -33.81710104629921], [-55.705042776410956, -33.81061102753165], [-55.7058328477908, -33.80428951383691], [-55.703991224027035, -33.80241611611079], [-55.70753221675867, -33.799506853838814], [-55.71127437917267, -33.80084609748137], [-55.71609680054266, -33.79737175920396], [-55.71849648241569, -33.79714341001577], [-55.71974085099786, -33.798517011256074], [-55.72871381490575, -33.801307710694395], [-55.73698162538736, -33.79757023274221], [-55.74261077146407, -33.79940336043841], [-55.74853678765194, -33.80514671106648], [-55.75354538971174, -33.80225946559759], [-55.7704855248201, -33.800625685572754], [-55.77209858628763, -33.79129361972963], [-55.78082064468151, -33.79076308598917], [-55.7891615866842, -33.785436612173136], [-55.798093797193786, -33.78479016382443], [-55.80473118508648, -33.781469281459394], [-55.81452562224879, -33.76524030450761], [-55.820962740162535, -33.76492883676362], [-55.82590018268422, -33.76239732982177], [-55.83985969247238, -33.76268215558295], [-55.84105648946976, -33.760086573158496], [-55.84314913294023, -33.75950276271954], [-55.85253761127725, -33.76050081069798], [-55.85961218852474, -33.75693460886942], [-55.86037048700819, -33.755778573626], [-55.85917866215932, -33.75101586205063], [-55.857244497889575, -33.74841601908502], [-55.862606414397916, -33.74043178253976], [-55.865350742762196, -33.73840169571055], [-55.8688310263296, -33.73872452387623], [-55.87290836176935, -33.73674919350759], [-55.884224316418326, -33.73671311972708], [-55.89028941344603, -33.72911478635341], [-55.90066151641514, -33.73295810520855], [-55.90203465600245, -33.73870310052228], [-55.90413347930709, -33.741707595498035], [-55.90951860372766, -33.74255143457791], [-55.913918864591125, -33.740518280285116], [-55.91735211538032, -33.74048156839468], [-55.91993324521206, -33.74397665723806], [-55.93559320768438, -33.74595468618773], [-55.94974254512834, -33.74991835852484], [-55.956166056266284, -33.75019311676493], [-55.96019010460806, -33.75212556836146], [-55.95849769698706, -33.75679513906829], [-55.95941706285949, -33.759191333204804], [-55.9623828046768, -33.76154679075899], [-55.963454816841214, -33.767871535149986], [-55.96888619323899, -33.77071497552643], [-55.97365935986973, -33.76965121471541], [-55.98171119681169, -33.76475478174796], [-55.98604079617688, -33.7643608113558], [-56.001442098983375, -33.757322724944984], [-56.00816755175761, -33.760412568168555], [-56.019556490371635, -33.76008840761018], [-56.02662649512393, -33.76327212697648], [-56.040633447370794, -33.75841839840617], [-56.052174558813235, -33.75937917047046], [-56.06114109564742, -33.756582619610555], [-56.06596733543196, -33.7569315210639], [-56.07089901869738, -33.7546787780979], [-56.07448162440631, -33.75696211999764], [-56.08175508597097, -33.75851074771741], [-56.0874725298338, -33.75719089682712], [-56.093676641439, -33.75964880882449], [-56.10043275854574, -33.74896966583645], [-56.10512995081534, -33.74975615561398], [-56.11290765317254, -33.7478621645423], [-56.124372780925384, -33.75148034724736], [-56.12571865033305, -33.75072109544272], [-56.130232074323914, -33.75166044153856], [-56.13618614618672, -33.757567381172436], [-56.14684167750373, -33.758578670154755], [-56.150454952654705, -33.7549269619076], [-56.154970743961464, -33.75652830767307], [-56.16162623943205, -33.75339903416146], [-56.16173014741654, -33.74559777537406], [-56.162752284632326, -33.7445104417314], [-56.172054072687594, -33.740466582282615], [-56.181011537431665, -33.73830962152676], [-56.187223839093555, -33.741030573494136], [-56.185511173140306, -33.74352272472953], [-56.196958414213476, -33.75837339304426], [-56.20050935609977, -33.76006584726463], [-56.203640632194144, -33.76382221538431], [-56.21370962763563, -33.763743018762604], [-56.22160536215678, -33.770667521667235], [-56.228603591669, -33.77399977891878], [-56.23292798153381, -33.7801343882834], [-56.23424111920512, -33.780525210410495], [-56.240735390676306, -33.776202184039406], [-56.251390241149416, -33.77836432058766], [-56.254685870539085, -33.781841958698394], [-56.26259591602909, -33.78251509000239], [-56.27056095665764, -33.79346820474986], [-56.27416529173961, -33.79361275819324], [-56.277560216462035, -33.791717745689276], [-56.2854696900615, -33.784871241052926], [-56.29342299447475, -33.786277074541545], [-56.299570901641474, -33.78552933022098], [-56.305254077334986, -33.7883086896712], [-56.306214257272224, -33.79155266770642], [-56.310278299626525, -33.79078644524929], [-56.3131895541695, -33.791942433033284], [-56.31524927583366, -33.79341791033573], [-56.31604860147348, -33.79784030756183], [-56.313738589845244, -33.806728176662574], [-56.31905085950226, -33.81162926639666], [-56.324411734109745, -33.81296078630233], [-56.32485569529442, -33.81529054767377], [-56.322367491690805, -33.82442270286348], [-56.3288419505301, -33.82390881089569], [-56.333184333107425, -33.82490795725482], [-56.335405791182524, -33.833728755895464], [-56.33426887603333, -33.837997168491434], [-56.33708594145629, -33.84116802576709], [-56.33684358806769, -33.84307893834088], [-56.341073701789156, -33.84712081364356], [-56.34411606605968, -33.84697287024009], [-56.34628650471627, -33.84834261076795], [-56.3470683922111, -33.851310026632234], [-56.35101725145448, -33.85235346799542], [-56.356278196127974, -33.849370082182574], [-56.364687343226, -33.84954189427246], [-56.367753383151864, -33.85217498999093], [-56.37378670010425, -33.853310613916484], [-56.37749091346972, -33.85573367767706], [-56.38226096145061, -33.865260466593064], [-56.38095646070723, -33.87286521151029], [-56.391247459732384, -33.87537879883692], [-56.395113230075694, -33.88450967916933], [-56.39933589244417, -33.88693410896821], [-56.401908770641114, -33.8875096869476], [-56.410226481774345, -33.88386764393419], [-56.424941994250624, -33.88256402937372], [-56.427674920434576, -33.8843565049798], [-56.426832108069064, -33.89029409527659], [-56.43043326546962, -33.895580802044556], [-56.43910207830967, -33.89787036826335], [-56.44723885343911, -33.897479230914854], [-56.44992786551221, -33.89929914849552], [-56.45211988135199, -33.90310721134252], [-56.45637080183462, -33.90231112254144], [-56.46408173620197, -33.89776627131583], [-56.465121603308624, -33.89409365602477], [-56.473326974115594, -33.89042962020319], [-56.475286127568744, -33.8853074917361], [-56.48356033772521, -33.8842615574927], [-56.483345142194274, -33.88210921293438], [-56.48869191997398, -33.87574350771333], [-56.497378005740025, -33.87604915931617], [-56.50184323579927, -33.874682517740105], [-56.50845151580836, -33.869714554229596], [-56.513955216767755, -33.86265007574003], [-56.51652603882238, -33.862672500587045], [-56.52295325102764, -33.86818029289693], [-56.53077679836606, -33.868211260303454], [-56.53709684073032, -33.86548643723298], [-56.54594756250039, -33.858871746890365], [-56.551160510454295, -33.858731334816255], [-56.55384339356919, -33.862412560135354], [-56.55704696621205, -33.86177787890114], [-56.560332342770124, -33.858066590052836], [-56.56486110604757, -33.857392634164015], [-56.56704005299901, -33.85368802816114], [-56.57099467107618, -33.85460420307668], [-56.5741171229744, -33.85355151006442], [-56.57982932911514, -33.849270781121035], [-56.58591307462068, -33.84722972933011], [-56.591596762939986, -33.84249026187892], [-56.59518220131899, -33.83700551891031], [-56.594151490922755, -33.833674472814934], [-56.602691860872994, -33.82353024260605], [-56.605712052372596, -33.821788579108784], [-56.61345140791894, -33.82173777130514], [-56.618235680835284, -33.818948794143076], [-56.62493446257213, -33.817402101113075], [-56.62623556809368, -33.81561864452666], [-56.62643127888876, -33.80859336041993], [-56.63062098766731, -33.802988476525634], [-56.64008282029593, -33.79664178902512], [-56.64257829100883, -33.78665067012295], [-56.64434021179904, -33.784260457172095], [-56.650623226871836, -33.78343641118842], [-56.65696750808539, -33.78664154525632], [-56.66483984814204, -33.7856369738137], [-56.66895790986718, -33.77961536360744], [-56.67257889665708, -33.77837610400224], [-56.70368832698449, -33.77371737030555], [-56.70474224201189, -33.769196554192035], [-56.70846681585192, -33.76580998303893], [-56.71705507460574, -33.76457480287027], [-56.7212660509842, -33.75563952594893], [-56.72248533662467, -33.73978289786705], [-56.72416551114402, -33.735872185357685], [-56.722763571294806, -33.724645626081085], [-56.725466243051194, -33.71994044389153], [-56.73087981760897, -33.71893966113634], [-56.736356285457674, -33.7157786273244], [-56.75740774024921, -33.72259924920999], [-56.76663378607318, -33.71858894328018], [-56.77000411721759, -33.71896436780654], [-56.7838277053973, -33.72439706086209], [-56.789150317183086, -33.72346322356156], [-56.79183976947974, -33.72544711558483], [-56.79691288276052, -33.726000475262346], [-56.79802847174794, -33.73022521514769], [-56.8016262073738, -33.733835620208], [-56.81085841786412, -33.735378394853186], [-56.81987836044265, -33.73853657030164], [-56.821640699129176, -33.72977330983373], [-56.82432513327109, -33.727913414174836], [-56.82764191593129, -33.72010860690107], [-56.83635890664408, -33.721179040454224], [-56.84987721366228, -33.715937029611226], [-56.85669529363003, -33.71739781383733], [-56.862040168226464, -33.71163503183141], [-56.86049930631539, -33.70720648798549], [-56.86253291038206, -33.70535804128591], [-56.87116674766736, -33.704449750632605], [-56.8773978322576, -33.69752729591343], [-56.88803343924339, -33.69719569521044], [-56.90124988392844, -33.704835350571415], [-56.90422065562527, -33.70212360216999], [-56.908197227293016, -33.70145389238782], [-56.90845117689763, -33.69311746039488], [-56.91121808530511, -33.68836449968763], [-56.91051100376254, -33.68450267010694], [-56.91357665513021, -33.67937955973137], [-56.91128348065712, -33.669945283836825], [-56.91293650502188, -33.657123763799916], [-56.91561734508967, -33.65493253828991], [-56.92604634852392, -33.650799367630654], [-56.93133339019308, -33.64080233125755], [-56.93529814606519, -33.637810908085164], [-56.931469698001614, -33.633216373539284], [-56.932371666328315, -33.6301545296846], [-56.93010379891412, -33.62781120830414], [-56.93193600680591, -33.62385433425496], [-56.932004787495714, -33.620110592339586], [-56.93964380230027, -33.61905540479188], [-56.95817648249274, -33.613859600000644], [-56.96202401244397, -33.6110654355463], [-56.97130305652961, -33.609500372390954], [-56.97347676420235, -33.60485014548129], [-56.978888300612205, -33.60460168434479], [-56.98610746560519, -33.59881952505228], [-56.986885433294745, -33.59546297531946], [-56.98296948012891, -33.59313641768462], [-56.98439671966912, -33.5902533111882], [-56.98380466798653, -33.585346711196294], [-56.985859464883724, -33.58069740219503], [-56.99051112111236, -33.57906995123812], [-56.99233494566957, -33.56795902733307], [-56.995161071016256, -33.56396092814321], [-56.99947440683451, -33.561062616729444], [-57.00235262069771, -33.55650355495989], [-57.00622083784542, -33.55548089167576], [-57.009723282978, -33.545103898901694], [-57.01886427284083, -33.54265017130857], [-57.02674997546127, -33.542966298577035], [-57.02877782362064, -33.53664200495211], [-57.036703460423105, -33.53153945199162], [-57.04185525086091, -33.529911847231915], [-57.04368602003995, -33.52634737143241], [-57.0537689732589, -33.524177141155945], [-57.05716890672631, -33.521946370756154], [-57.06156852937391, -33.51348736343206], [-57.06302300367198, -33.50546608667044], [-57.06567531123324, -33.501892911561455], [-57.07283473886654, -33.501031535151746], [-57.07397854884722, -33.49885271579251], [-57.08412851241112, -33.493527278975826], [-57.091775299856224, -33.485961581716055], [-57.090965744395014, -33.48215917823875], [-57.09323125355679, -33.47919330777911], [-57.09904026163451, -33.47652787184718], [-57.1002888537951, -33.47355969355307], [-57.10779365599425, -33.47239719604908], [-57.11114522472894, -33.46861868125971], [-57.117682541828934, -33.46569277477172], [-57.12219197902557, -33.46081812319403], [-57.13744361975148, -33.451493766129474], [-57.14000491798809, -33.44230536582302], [-57.14744212106178, -33.43688215686017], [-57.151051789240555, -33.427311590250696], [-57.168734426299274, -33.41628241257268], [-57.17075265300347, -33.4110728322766], [-57.17741267820511, -33.40126185317903], [-57.16881012426088, -33.39453722303479], [-57.163829432626265, -33.38696962826539], [-57.163531063431414, -33.38189323911964], [-57.16532124572137, -33.37829789659879], [-57.160447873498974, -33.37381831687119], [-57.159445209817356, -33.37038362847722], [-57.16449900402277, -33.36323592701377], [-57.16348327084703, -33.35832191222877], [-57.16014818762121, -33.35520638149625], [-57.15986641575184, -33.3370847695804], [-57.15652466131513, -33.33347667063821], [-57.157263461333834, -33.32814937857506], [-57.1487456491421, -33.31602763340419], [-57.14926365460232, -33.311759120842986], [-57.14816272587605, -33.30864612402006], [-57.15404114551562, -33.3018838869028], [-57.1529323640566, -33.29844830441689], [-57.15486976814956, -33.29478252268595], [-57.155089218190696, -33.290886869350615], [-57.15156107165328, -33.28505691561604], [-57.15109606786451, -33.28118136365435], [-57.145761201426524, -33.274490979458], [-57.15006653361676, -33.2646922855536], [-57.14770671928698, -33.263732838372775], [-57.14420783049073, -33.26495278335024], [-57.13949347808389, -33.26250400361062], [-57.1366177670187, -33.25932130649528], [-57.13721727610084, -33.25141651936801], [-57.13339234457722, -33.23995032195043], [-57.137247344385464, -33.23335135534007], [-57.13705103512034, -33.230473018428754], [-57.13079003120875, -33.224454363364636], [-57.1299058249954, -33.21871034987976], [-57.125420539672625, -33.21659107977097], [-57.12133502452898, -33.209946318346496], [-57.120926853682384, -33.206098683099675], [-57.11621548838359, -33.204473997580145], [-57.11390419019722, -33.19878503544377], [-57.11616610025751, -33.193343260615634], [-57.12243987442166, -33.18982901687283], [-57.119612488947965, -33.182686287371965], [-57.12030227631027, -33.18009953229441], [-57.1191265043876, -33.17641618637169], [-57.12031412724968, -33.17137700496003], [-57.118400638699214, -33.165352568328956], [-57.11889191551109, -33.157829946229526], [-57.115842725621945, -33.155830468508675], [-57.116391851495194, -33.152167536165436], [-57.11332929328987, -33.14925384966569], [-57.11267565692013, -33.14590836809655], [-57.11313257932421, -33.13604959700477], [-57.11544857477487, -33.12942198870198], [-57.1274568618323, -33.10704396995737], [-57.113647402980824, -33.1056272826572], [-57.09209873374327, -33.10708867540785], [-57.08703557332571, -33.109142775969985], [-57.08000491133236, -33.10720606665704], [-57.067307769673704, -33.10961285441625], [-57.05894085775684, -33.114385639835575], [-57.054657493686605, -33.11536643888382], [-57.04075203722451, -33.11257240354149], [-57.040512062617616, -33.105462382236574], [-57.04264928182928, -33.09901184168382], [-57.04190736968245, -33.09151843898949], [-57.03963490891976, -33.08832642840698], [-57.03974325355047, -33.08470888877953], [-57.035397411567736, -33.0811355659952], [-57.03436998173618, -33.07592195384058], [-57.027161665403305, -33.07237663595587], [-57.02012883830371, -33.074883509956116], [-57.01832243248306, -33.07741923770586], [-57.00378998241342, -33.080149970061576], [-57.00229491109607, -33.083038597153255], [-56.99807365969621, -33.08358468251179], [-56.994103656376375, -33.08649385979589], [-56.98804201019603, -33.08534628042637], [-56.98298524683829, -33.08793930953257], [-56.98050597543084, -33.09291874690004], [-56.973295785964375, -33.101157418651], [-56.967156013583256, -33.09662110806484], [-56.961459282406004, -33.09737482782918], [-56.957758414616485, -33.096208395046716], [-56.94899471482476, -33.08968472154834], [-56.94040024167388, -33.086961616316856], [-56.93357430187577, -33.09232771895842], [-56.91954007169861, -33.091854122444786], [-56.90405821330701, -33.09919745665903], [-56.892419940602906, -33.09513834421523], [-56.88521488351525, -33.094459369683975], [-56.88118541024132, -33.09549511849354], [-56.86866971315641, -33.08972153085352], [-56.85759223285605, -33.08680355297006], [-56.85250961185175, -33.083531575514854], [-56.843666884153386, -33.08262669762657], [-56.836608057251325, -33.08586643704864], [-56.830185869699335, -33.08561945180207], [-56.8274126177901, -33.083569089024905], [-56.82525570743391, -33.0795176543263], [-56.81641859150874, -33.077226150805515], [-56.806842627994214, -33.07223067999517], [-56.802112218348, -33.07166429531167], [-56.792004076354324, -33.07301950831828], [-56.78941292432177, -33.075141664425225], [-56.78229626833787, -33.07649890570311], [-56.778637283264935, -33.07882939823695], [-56.77520124354715, -33.079349711779976], [-56.76868511126513, -33.07723208156063], [-56.76496977604535, -33.079036004312336], [-56.75393433742709, -33.080822201948216], [-56.74626839826229, -33.086484823845055], [-56.736169858064656, -33.087061443573546], [-56.729421653233196, -33.089713891445314], [-56.71927365871829, -33.08558597654373], [-56.71277131540863, -33.08950968348572], [-56.710139488636884, -33.08788462432082], [-56.70014804506192, -33.08692644508173], [-56.68845911858291, -33.08270135483945], [-56.686880736395054, -33.07479783411652], [-56.67482616413477, -33.071838987318124], [-56.673214126213075, -33.07337123180824], [-56.66629884561669, -33.0686771402783], [-56.660692630240554, -33.0680377478186], [-56.654583777343234, -33.05995098905448], [-56.650156439512585, -33.05818106536635], [-56.65011756571446, -33.054136521438245], [-56.64257206408983, -33.050661472853946], [-56.64080373359836, -33.046006307650934], [-56.64518409423472, -33.04047990049654], [-56.63811575379116, -33.035238199163054], [-56.63382413057497, -33.03713379850454], [-56.625567147914275, -33.03635900048204], [-56.60617992264351, -33.0437457455147], [-56.60297564153044, -33.04345527042595], [-56.59864072710987, -33.04068282423095], [-56.588543216818074, -33.04064334237491], [-56.5793368281892, -33.043916328103585], [-56.57549439922186, -33.04121961285299], [-56.574667222795256, -33.03766281905003], [-56.57190366983606, -33.034537063353454], [-56.56660369666526, -33.038187231435145], [-56.56129052695476, -33.03604176555346], [-56.553921242177324, -33.03796960264466], [-56.54492290999694, -33.03707399377987], [-56.52552004133911, -33.043411207949504], [-56.50553990240136, -33.03948093184944], [-56.500458041701904, -33.03989934518955], [-56.49449888882355, -33.04472862391536], [-56.489743413670766, -33.050770464902754], [-56.48179894807301, -33.053736277462754], [-56.47904800567475, -33.053214587444984], [-56.4703656765575, -33.06135130553259], [-56.46933704641332, -33.06489435321826], [-56.47191532525236, -33.07078099822017], [-56.46443052658395, -33.07465854332305], [-56.46576940534749, -33.08101852982412], [-56.463257877744475, -33.08254708846307], [-56.45850676166213, -33.08972856763383], [-56.45938465168206, -33.09179821399814], [-56.45513119959732, -33.099599809986145], [-56.44552170543694, -33.099960491088915], [-56.43945709865801, -33.09625803380914], [-56.434155314430306, -33.095766546586674], [-56.42357754063553, -33.09841277385081], [-56.42039612703316, -33.101953260301016], [-56.40993309330964, -33.10088979494871], [-56.407577724466165, -33.10261330799966], [-56.39253893963153, -33.10548658532751], [-56.38462021713329, -33.103213256983864], [-56.375694341853645, -33.105903158354316], [-56.37313690385686, -33.110582107831426], [-56.36995094841962, -33.11339701549512], [-56.36813244935226, -33.11807247795432], [-56.3628435939919, -33.119755912820025], [-56.36015260986635, -33.12298319141613], [-56.35536088304985, -33.12539007621389], [-56.35080900673973, -33.12512306583764], [-56.34939296640298, -33.12357946790731], [-56.33980620603472, -33.121413562113354], [-56.332772425475596, -33.12344936146214], [-56.31682666905607, -33.11529877931238], [-56.3134547861484, -33.11007213397145], [-56.30090229348419, -33.10736705315925], [-56.29572608575508, -33.10728403368317], [-56.29268182493657, -33.11383016515024], [-56.28959175692825, -33.11587742513636], [-56.2831221298081, -33.11786257044355], [-56.271552652347054, -33.117373553706024], [-56.26596226632353, -33.11856701416212], [-56.2524924528793, -33.104180246243445], [-56.2508297265333, -33.09946841940971], [-56.24280592586604, -33.09659314073344], [-56.24338843774164, -33.088676052436405], [-56.234377043098384, -33.08936775620951], [-56.231549585626816, -33.09078359793429], [-56.229177982509945, -33.092283020536854], [-56.230482885115116, -33.096325158924955], [-56.226178368262545, -33.097999403517775], [-56.2202683748598, -33.098952912211324], [-56.21520470061811, -33.09648070025214], [-56.20867332116718, -33.096294852196614], [-56.200144586261814, -33.107395684867754], [-56.18738753022368, -33.10331179181963], [-56.18293387479458, -33.099280629762745], [-56.17627249050279, -33.09753774250991], [-56.165022349774475, -33.090214735602665], [-56.16242020571953, -33.08492540087658], [-56.15601212836002, -33.0845289979669], [-56.14826608474237, -33.08849209980379], [-56.14518635886033, -33.088604381353484], [-56.13519136771808, -33.08458671213734], [-56.13174098979942, -33.08438850752149], [-56.13015649043783, -33.08300346868041], [-56.13172463723816, -33.080032455278406], [-56.12977303940324, -33.079271312923375], [-56.12360524675956, -33.083165290543796], [-56.12175651969502, -33.08296264196187], [-56.11174492719656, -33.073757288840774], [-56.10879029503294, -33.07428322434049], [-56.093868583207865, -33.06944458841355], [-56.08216058143573, -33.06760472250225], [-56.081659283951375, -33.06490921292348], [-56.07919320110631, -33.06408502140932], [-56.07263758506064, -33.05517984772301], [-56.066362685218884, -33.05726775019024], [-56.06253448392462, -33.05385319649094], [-56.057976126812015, -33.053344120546456], [-56.053526711761904, -33.047856221639854], [-56.05007764075277, -33.047552031147134], [-56.03014092540129, -33.05277627732398], [-56.02237344520545, -33.049367689557606], [-56.02028166748207, -33.05009742336254], [-56.01584233591228, -33.04771968040395], [-56.01612185331554, -33.044102164061485], [-56.012957378231626, -33.039139423899], [-56.00645109061853, -33.0423507945436], [-56.00425092604406, -33.04110126867251], [-55.990338472299456, -33.042264164240976], [-55.98823204165241, -33.04162263158084], [-55.98720008615317, -33.03854339940534], [-55.97370242907262, -33.03627280340538], [-55.96730611402534, -33.03980795044366], [-55.95696554767853, -33.04158459108187], [-55.948463375149444, -33.038379745207536], [-55.94181312944664, -33.037868891818796], [-55.93133897412104, -33.03279817781706], [-55.92629287850415, -33.034359156949996], [-55.924713481797006, -33.036065940687166]]]}}, {"id": "36", "type": "Feature", "properties": {"codcuenca": 57, "area": 3795, "nombre_cue": "RÍO NEGRO entre Río Yí y Rincón de Palmar", "cabecera": 54}, "geometry": {"type": "Polygon", "coordinates": [[[-57.38839797860088, -33.02697304149577], [-57.36923871301794, -33.03078428030579], [-57.35366772655552, -33.028691491089], [-57.346566910038746, -33.03262303440915], [-57.34460074992865, -33.03200684191837], [-57.33802324469203, -33.034833336276584], [-57.331917133363746, -33.03353585609518], [-57.328380325617594, -33.03632447072867], [-57.316934455989454, -33.04039902335855], [-57.304899236114856, -33.041825919281514], [-57.29912047494587, -33.040614392084066], [-57.2931801963453, -33.04269882511052], [-57.28730980824464, -33.04249443744674], [-57.27475192402406, -33.04520578514024], [-57.27091356787317, -33.04844842467003], [-57.263818166091895, -33.04765539817546], [-57.256338355180546, -33.05071506094498], [-57.25001480590745, -33.05798209567035], [-57.24707623442505, -33.07496830845277], [-57.24912245601251, -33.07817253254948], [-57.24217644282927, -33.084838186715544], [-57.23604460291762, -33.08503809847938], [-57.222819641742475, -33.09242047553851], [-57.21624987839584, -33.094044740979484], [-57.20971283673699, -33.09773421594324], [-57.1979992418072, -33.094250788368115], [-57.16852243983785, -33.09264111572463], [-57.15988110366724, -33.09544363281683], [-57.15692778775221, -33.09968787914238], [-57.15457011759383, -33.10061534699054], [-57.141312827805145, -33.10010499918674], [-57.1274568618323, -33.10704396995737], [-57.11544857477487, -33.12942198870198], [-57.11313257932421, -33.13604959700477], [-57.11267565692013, -33.14590836809655], [-57.11332929328987, -33.14925384966569], [-57.116391851495194, -33.152167536165436], [-57.115842725621945, -33.155830468508675], [-57.11889191551109, -33.157829946229526], [-57.118400638699214, -33.165352568328956], [-57.12031412724968, -33.17137700496003], [-57.1191265043876, -33.17641618637169], [-57.12030227631027, -33.18009953229441], [-57.119612488947965, -33.182686287371965], [-57.12243987442166, -33.18982901687283], [-57.11616610025751, -33.193343260615634], [-57.11390419019722, -33.19878503544377], [-57.11621548838359, -33.204473997580145], [-57.120926853682384, -33.206098683099675], [-57.12133502452898, -33.209946318346496], [-57.125420539672625, -33.21659107977097], [-57.1299058249954, -33.21871034987976], [-57.13079003120875, -33.224454363364636], [-57.13705103512034, -33.230473018428754], [-57.137247344385464, -33.23335135534007], [-57.13339234457722, -33.23995032195043], [-57.13721727610084, -33.25141651936801], [-57.1366177670187, -33.25932130649528], [-57.13949347808389, -33.26250400361062], [-57.14420783049073, -33.26495278335024], [-57.14770671928698, -33.263732838372775], [-57.15006653361676, -33.2646922855536], [-57.145761201426524, -33.274490979458], [-57.15109606786451, -33.28118136365435], [-57.15156107165328, -33.28505691561604], [-57.155089218190696, -33.290886869350615], [-57.15486976814956, -33.29478252268595], [-57.1529323640566, -33.29844830441689], [-57.15404114551562, -33.3018838869028], [-57.14816272587605, -33.30864612402006], [-57.14926365460232, -33.311759120842986], [-57.1487456491421, -33.31602763340419], [-57.157263461333834, -33.32814937857506], [-57.15652466131513, -33.33347667063821], [-57.15986641575184, -33.3370847695804], [-57.16014818762121, -33.35520638149625], [-57.16348327084703, -33.35832191222877], [-57.16449900402277, -33.36323592701377], [-57.159445209817356, -33.37038362847722], [-57.160447873498974, -33.37381831687119], [-57.16532124572137, -33.37829789659879], [-57.163531063431414, -33.38189323911964], [-57.163829432626265, -33.38696962826539], [-57.16881012426088, -33.39453722303479], [-57.17741267820511, -33.40126185317903], [-57.17075265300347, -33.4110728322766], [-57.168734426299274, -33.41628241257268], [-57.151051789240555, -33.427311590250696], [-57.14744212106178, -33.43688215686017], [-57.14000491798809, -33.44230536582302], [-57.13744361975148, -33.451493766129474], [-57.12219197902557, -33.46081812319403], [-57.117682541828934, -33.46569277477172], [-57.11114522472894, -33.46861868125971], [-57.10779365599425, -33.47239719604908], [-57.1002888537951, -33.47355969355307], [-57.09904026163451, -33.47652787184718], [-57.09323125355679, -33.47919330777911], [-57.090965744395014, -33.48215917823875], [-57.091775299856224, -33.485961581716055], [-57.08412851241112, -33.493527278975826], [-57.07397854884722, -33.49885271579251], [-57.07283473886654, -33.501031535151746], [-57.06567531123324, -33.501892911561455], [-57.06302300367198, -33.50546608667044], [-57.06156852937391, -33.51348736343206], [-57.05716890672631, -33.521946370756154], [-57.0537689732589, -33.524177141155945], [-57.04368602003995, -33.52634737143241], [-57.04185525086091, -33.529911847231915], [-57.036703460423105, -33.53153945199162], [-57.02877782362064, -33.53664200495211], [-57.02674997546127, -33.542966298577035], [-57.01886427284083, -33.54265017130857], [-57.009723282978, -33.545103898901694], [-57.00622083784542, -33.55548089167576], [-57.00235262069771, -33.55650355495989], [-56.99947440683451, -33.561062616729444], [-56.995161071016256, -33.56396092814321], [-56.99233494566957, -33.56795902733307], [-56.99051112111236, -33.57906995123812], [-56.985859464883724, -33.58069740219503], [-56.98380466798653, -33.585346711196294], [-56.98439671966912, -33.5902533111882], [-56.98296948012891, -33.59313641768462], [-56.986885433294745, -33.59546297531946], [-56.98610746560519, -33.59881952505228], [-56.978888300612205, -33.60460168434479], [-56.97347676420235, -33.60485014548129], [-56.97130305652961, -33.609500372390954], [-56.96202401244397, -33.6110654355463], [-56.95817648249274, -33.613859600000644], [-56.93964380230027, -33.61905540479188], [-56.932004787495714, -33.620110592339586], [-56.93193600680591, -33.62385433425496], [-56.93010379891412, -33.62781120830414], [-56.932371666328315, -33.6301545296846], [-56.931469698001614, -33.633216373539284], [-56.93529814606519, -33.637810908085164], [-56.93133339019308, -33.64080233125755], [-56.92604634852392, -33.650799367630654], [-56.91561734508967, -33.65493253828991], [-56.91293650502188, -33.657123763799916], [-56.91128348065712, -33.669945283836825], [-56.91357665513021, -33.67937955973137], [-56.91051100376254, -33.68450267010694], [-56.91121808530511, -33.68836449968763], [-56.90845117689763, -33.69311746039488], [-56.908197227293016, -33.70145389238782], [-56.912318775790844, -33.703263627417], [-56.918631203291866, -33.71206500621608], [-56.9163228018528, -33.717865742691664], [-56.92198944733459, -33.722538760216224], [-56.92843886076666, -33.725259030874724], [-56.930781116078435, -33.73168819311772], [-56.933843534352725, -33.7352140393563], [-56.93971309170985, -33.73710531613268], [-56.93988857421878, -33.74119136481626], [-56.936466959548476, -33.74861030907482], [-56.936796988117045, -33.75198080190387], [-56.943884236038734, -33.75421727642734], [-56.9471384809796, -33.75946720549241], [-56.95092577622585, -33.761893357944416], [-56.95861739149141, -33.76126558843926], [-56.96398809901814, -33.76341430654993], [-56.97014625745016, -33.77193792745903], [-56.975888989088986, -33.77474174607929], [-57.000546336618974, -33.7801348836996], [-57.00972928696797, -33.786103639659714], [-57.011097995819156, -33.790963355089815], [-57.01677363949744, -33.79734753988735], [-57.01610005003898, -33.80180982607135], [-57.01294772241471, -33.80634497922652], [-57.013191092211066, -33.812430182121986], [-57.011630388942706, -33.81526607693187], [-57.01772903548103, -33.82389830107368], [-57.01584868162584, -33.82999173268903], [-57.01315795209574, -33.833709046757804], [-57.012383245465394, -33.83987143193674], [-57.01491450473426, -33.842704874664484], [-57.01679921415857, -33.85117474609238], [-57.023358596545286, -33.85179088834014], [-57.02899928713911, -33.85495145591054], [-57.03141280410851, -33.865962672839686], [-57.03588089680245, -33.8714263933242], [-57.04153488277347, -33.87466097479036], [-57.04731403247797, -33.88164612138077], [-57.04613405286613, -33.88388247492717], [-57.042476198820175, -33.88567126921662], [-57.03998660347334, -33.88966116496378], [-57.040000007681776, -33.90089105720374], [-57.04269365976866, -33.90444521401316], [-57.04009326205735, -33.91006050289226], [-57.036182840161985, -33.91395186324213], [-57.038869734099116, -33.92193663943198], [-57.03338597649913, -33.92766117053413], [-57.05264209035189, -33.93891797557943], [-57.05385897864239, -33.94127083750281], [-57.05284374629211, -33.9491304913284], [-57.055393990655745, -33.94917877327619], [-57.05875011436335, -33.95382958640268], [-57.064561626051876, -33.956233101260715], [-57.06800539286143, -33.954680958349805], [-57.07252199168977, -33.95454444109018], [-57.08247351051266, -33.960092308211095], [-57.08542718939776, -33.95881842045265], [-57.08983087809683, -33.95943762517048], [-57.09042102178303, -33.955981938282896], [-57.093469540562914, -33.95279586948479], [-57.09659267728729, -33.95195705163004], [-57.111155234172514, -33.95432913127328], [-57.117767989122825, -33.95363725292672], [-57.11999766066807, -33.956910780444694], [-57.123482946969496, -33.956672671692004], [-57.1286651632732, -33.95321133330105], [-57.14407253597599, -33.95198399238758], [-57.147261257948365, -33.95013579174127], [-57.14806423361592, -33.94176752421635], [-57.15036126664286, -33.9390760921284], [-57.153956654820995, -33.940612367044636], [-57.166151864578715, -33.93985322009385], [-57.170834327726325, -33.93861652235367], [-57.17731033320332, -33.93172946812595], [-57.180789368133574, -33.931316069251714], [-57.18739555154455, -33.9333030354419], [-57.199659260127895, -33.930851616089164], [-57.20774753602774, -33.923922143532245], [-57.21797012661703, -33.92214580198463], [-57.22125870255869, -33.92044884900019], [-57.22755238304968, -33.91454427822842], [-57.23358578794287, -33.91625477797813], [-57.23863869148286, -33.92076504101835], [-57.242144155925445, -33.92166394007116], [-57.24455432014709, -33.928427982711085], [-57.25436332610577, -33.92107632327265], [-57.25892002296554, -33.92131971633747], [-57.264249801092724, -33.92341809023011], [-57.273519236579546, -33.92213661784966], [-57.27866799278534, -33.9235836220935], [-57.288348034569246, -33.92341490878553], [-57.29469079343972, -33.92531706141916], [-57.29842235962464, -33.92792771216037], [-57.30078645716666, -33.93244882653981], [-57.304881447004036, -33.929153915427094], [-57.31029001947236, -33.92038846083577], [-57.3134607136849, -33.91792663389704], [-57.31411921225461, -33.915459963700606], [-57.31308680485873, -33.912662853038924], [-57.32609232813243, -33.90179000794526], [-57.33048203865288, -33.90189588049296], [-57.3327435529961, -33.89969326656364], [-57.33173192536258, -33.89458940213916], [-57.33713314457548, -33.887870731085826], [-57.34719557045005, -33.88454697903686], [-57.35642143987298, -33.87875652924634], [-57.354798781238614, -33.87514889001871], [-57.35691473692732, -33.87114043240274], [-57.36629712854065, -33.87383131034287], [-57.37608406361854, -33.87177477384633], [-57.383554357812834, -33.87349363986596], [-57.38758016996245, -33.873140370969715], [-57.39207886804789, -33.85842105993979], [-57.419957677128465, -33.850546739110015], [-57.42089369308936, -33.84426234973889], [-57.42422107540277, -33.8368582670431], [-57.434455745530705, -33.825610252724026], [-57.43863207486166, -33.824524563651295], [-57.45231287772733, -33.82548874438462], [-57.457241142618855, -33.82464515205632], [-57.458777210039315, -33.82354246993105], [-57.45929982757132, -33.82005289301718], [-57.4614724833761, -33.81675527872065], [-57.46698465249381, -33.81303393009637], [-57.47843621947346, -33.80067107734842], [-57.478848821286554, -33.79435418827137], [-57.48599032627955, -33.79000656197719], [-57.492195740279016, -33.78893493128939], [-57.49224443536054, -33.78573653645647], [-57.48845715682976, -33.78091161075074], [-57.48702131004608, -33.776165736055134], [-57.48755507862469, -33.76915031540179], [-57.48563540239206, -33.765392166449445], [-57.485413191422225, -33.75404201966287], [-57.482825737697, -33.75043309157867], [-57.48290312883812, -33.74580665551953], [-57.48583185602735, -33.74114130678252], [-57.486738378378696, -33.7340785209069], [-57.49430650246507, -33.72993405325383], [-57.49573097230485, -33.72615758164528], [-57.49625958767904, -33.71689039779057], [-57.501446514618664, -33.71625838125723], [-57.50440928354887, -33.713414257902464], [-57.50648086589483, -33.70791928315133], [-57.51762469347815, -33.70327957515077], [-57.522063851395366, -33.69876499431164], [-57.528203341727995, -33.69922824168597], [-57.537268893261654, -33.696136841156786], [-57.53736157306208, -33.69343645513987], [-57.540190333918254, -33.69054922455361], [-57.549062902322014, -33.69064422118689], [-57.55097772396181, -33.68585157204939], [-57.54862606502535, -33.67958346814672], [-57.549608688758894, -33.6751368462887], [-57.554793270821946, -33.67176931161884], [-57.55870457829177, -33.660726462162025], [-57.564654927315196, -33.652237662351816], [-57.56649641303723, -33.644701498742876], [-57.574876790834196, -33.63726142725485], [-57.574638597059746, -33.62972932574893], [-57.57121972345616, -33.62641444197312], [-57.57082164716144, -33.62333655602293], [-57.57230055600062, -33.61086611008889], [-57.567989789504416, -33.60669008492092], [-57.565128257925906, -33.588356588456236], [-57.553646702403526, -33.582846799016934], [-57.54983483153934, -33.57814269405513], [-57.54665430297298, -33.57721258575028], [-57.542580031644654, -33.57787138216055], [-57.540000132512056, -33.571089146467855], [-57.53914748497461, -33.557613956649234], [-57.53660945788986, -33.55090837547498], [-57.53187502206516, -33.540479487284415], [-57.5268221286571, -33.53649897477817], [-57.5353796812537, -33.53012893749364], [-57.548362727419594, -33.51594214675498], [-57.54502769490839, -33.510560343868676], [-57.53644663193198, -33.50204403883311], [-57.539280029357165, -33.49450379969891], [-57.534858489566936, -33.48923711978847], [-57.534350616017164, -33.48536775160262], [-57.52890695926314, -33.48442103887337], [-57.52827661196478, -33.47999770815817], [-57.52131056781037, -33.47748085631846], [-57.52219802109209, -33.46341989409975], [-57.52775717380026, -33.45748629085865], [-57.52547908263123, -33.44832985243802], [-57.52148820473847, -33.445316924430315], [-57.52301561057282, -33.44029532330285], [-57.52092681223826, -33.437483207270105], [-57.52522096908469, -33.4284455617105], [-57.524566625831774, -33.42277240023048], [-57.532890002096636, -33.41879243309704], [-57.53111767623964, -33.411430241193194], [-57.526433054238915, -33.40751794523352], [-57.523404340761125, -33.39824111809606], [-57.532493039129584, -33.39197765833358], [-57.53374373358014, -33.379913740036706], [-57.531532709861054, -33.37716623304141], [-57.530890451924776, -33.37117248726737], [-57.528570857533765, -33.36941405953584], [-57.52168661028134, -33.36804948217758], [-57.51304811317126, -33.36764233795248], [-57.508992516272556, -33.36888328021822], [-57.504548571490226, -33.36631099050899], [-57.499454370165395, -33.362562407132174], [-57.500961563078675, -33.35938167113232], [-57.496519383982275, -33.34877713949492], [-57.4906847219219, -33.33911307908255], [-57.487360902346246, -33.33757823862034], [-57.47905037980378, -33.337900921988165], [-57.47060788848573, -33.33042523761683], [-57.46601160350173, -33.32851782194489], [-57.464207829555576, -33.3221441861188], [-57.45529624275696, -33.31760063116524], [-57.45379561896257, -33.312880407806055], [-57.450273455185105, -33.30829966003741], [-57.44007625444524, -33.31130458413461], [-57.435988153359034, -33.3082443139613], [-57.43262471350294, -33.304470037570056], [-57.435343336837796, -33.29890399970147], [-57.43190675786152, -33.29118044653561], [-57.43387572891686, -33.287467710110604], [-57.43144625456663, -33.28328607007215], [-57.43229840835764, -33.278534622086916], [-57.43140882758461, -33.27382352660666], [-57.42605505411459, -33.27472828245215], [-57.42351049574975, -33.269564213530685], [-57.423275834438535, -33.26535369986106], [-57.42532678681772, -33.260102047419224], [-57.42979749391925, -33.261406739553394], [-57.432935833437284, -33.260353424004855], [-57.436023453882925, -33.256389648843594], [-57.45031353721098, -33.24452343614248], [-57.452663276703994, -33.241424342721935], [-57.4526129224534, -33.23874877099392], [-57.45732997297036, -33.236752829798206], [-57.45783025348233, -33.23513480068677], [-57.45507242574636, -33.22912075366366], [-57.457088208638304, -33.22687458844388], [-57.46059252332566, -33.21298970701493], [-57.46033989001197, -33.20783640509489], [-57.45686420016438, -33.202411400266456], [-57.456802156319824, -33.19911811255835], [-57.45883432645003, -33.198000047228824], [-57.459974768476464, -33.19403574106383], [-57.46047365657932, -33.18201855032595], [-57.45839280580761, -33.17251619214261], [-57.45436905219791, -33.16558001888112], [-57.45803360832448, -33.15472252894021], [-57.457782608520894, -33.150333987409724], [-57.453546074069585, -33.147461893844174], [-57.451961898717705, -33.14418877579731], [-57.45604387416692, -33.13220753135716], [-57.47063268067672, -33.11602031935207], [-57.47370853461411, -33.114608258156856], [-57.47452008383853, -33.11120760100692], [-57.47876102497077, -33.10640534553148], [-57.47673567885805, -33.101153571326925], [-57.47265630805465, -33.099807639089754], [-57.46929713543983, -33.09463693584292], [-57.47408657390421, -33.08350066476652], [-57.47291156737053, -33.078849712001585], [-57.468442352541, -33.0772433100084], [-57.464827912710305, -33.07350581866183], [-57.46193797743859, -33.072369416577914], [-57.45997529384696, -33.06136220967199], [-57.452200922504694, -33.05656884568165], [-57.43734531665502, -33.0510052137728], [-57.43554376479858, -33.050612903531814], [-57.42855707242955, -33.054730587133626], [-57.42671611259119, -33.06097700053888], [-57.424907888304375, -33.06310520717981], [-57.419049504826404, -33.063638944105975], [-57.41507145150306, -33.060030302839], [-57.414573413731524, -33.056559529214], [-57.41228204816914, -33.05604014034926], [-57.40841158472414, -33.05233837431133], [-57.401203819747856, -33.05032648446492], [-57.40105710550964, -33.04822372434586], [-57.39536163824138, -33.04011325787489], [-57.396184515148136, -33.031082965474404], [-57.38839797860088, -33.02697304149577]]]}}, {"id": "37", "type": "Feature", "properties": {"codcuenca": 58, "area": 8647, "nombre_cue": "RÍO NEGRO entre Rincón de Palmar y Río Uruguay", "cabecera": 54}, "geometry": {"type": "Polygon", "coordinates": [[[-57.027330009473275, -32.34966305250424], [-57.01946926403203, -32.35379510564351], [-57.010122021356224, -32.35298560149139], [-56.994146662116, -32.34834034343104], [-56.98890066393379, -32.345233624953515], [-56.98325165251553, -32.34541299672719], [-56.96009080823615, -32.35453342716993], [-56.955313718290626, -32.35880216668213], [-56.946057370380636, -32.37268879146974], [-56.939308700383954, -32.37487325423599], [-56.937681349280496, -32.378117129660644], [-56.934539533870826, -32.37857749272003], [-56.92749961382599, -32.37674883613155], [-56.92574781406445, -32.37840120139126], [-56.92651867818213, -32.381711969188345], [-56.9196713995064, -32.3886736956754], [-56.91062899377204, -32.38676310217781], [-56.902821845494564, -32.38780483122713], [-56.901023153838366, -32.38994385931405], [-56.897689074389504, -32.390149881725016], [-56.892168288030064, -32.38798831500524], [-56.87630452042664, -32.39422074494298], [-56.870794288431604, -32.39407130236271], [-56.86287665795076, -32.3911783863799], [-56.859095201340985, -32.385907602945146], [-56.85213821362748, -32.38326903863572], [-56.83258878373817, -32.38398122009618], [-56.82564924766533, -32.388709248747304], [-56.815413847295034, -32.39268433891816], [-56.797334880932254, -32.40579805819496], [-56.79927350602286, -32.41546000856024], [-56.798553631230476, -32.41969188216799], [-56.79429845794418, -32.42484569910546], [-56.78934547618863, -32.436344098063344], [-56.79053565832242, -32.44535373906069], [-56.78881488601062, -32.44918927422564], [-56.78925951438541, -32.45479355625065], [-56.79742704176743, -32.46109167267014], [-56.79667321203813, -32.46383983902993], [-56.79781082512134, -32.46478644108711], [-56.80634810238963, -32.46567409747483], [-56.80818440250877, -32.467736821865], [-56.80929542523659, -32.47067784964979], [-56.80838538346854, -32.476585199464964], [-56.8119503383918, -32.47954267174467], [-56.81305346712873, -32.48248053330274], [-56.809745992826635, -32.48681450058743], [-56.81202215164621, -32.493135383845164], [-56.811121489811235, -32.498343988056085], [-56.81296525109699, -32.50123875787432], [-56.81846959994306, -32.50364862007848], [-56.82301264123335, -32.50741199901042], [-56.81935322492821, -32.51396288801433], [-56.81806758067344, -32.52144271618569], [-56.82085302585467, -32.52784804717286], [-56.822421655243716, -32.53929447467527], [-56.827926895538496, -32.54250041171272], [-56.83214346085846, -32.5420595158471], [-56.8365057155553, -32.54451941755069], [-56.85023640345669, -32.56328374328], [-56.86109300411076, -32.570215649121316], [-56.858274798681194, -32.58091708423292], [-56.8584625155915, -32.58436393036074], [-56.86109225774412, -32.58871126841679], [-56.85969838685171, -32.59262397297119], [-56.86263081166203, -32.59706902611527], [-56.86728090267723, -32.600605458401176], [-56.87133048648597, -32.618865748207675], [-56.87373601251228, -32.621556883494485], [-56.886294226082185, -32.62719856769227], [-56.88656763407718, -32.633774849277756], [-56.90083130025423, -32.63915042602789], [-56.912769330959534, -32.64109390648323], [-56.917372757542566, -32.6473888654617], [-56.91849353016392, -32.65250299301405], [-56.91576768827512, -32.65604212830717], [-56.91566871825884, -32.6620109652498], [-56.92864513172172, -32.6851932652471], [-56.937024014247946, -32.687265345676494], [-56.939432390821516, -32.68940365564272], [-56.94333215290566, -32.70038340613758], [-56.952689507420786, -32.71727045642644], [-56.95131870851405, -32.72109937194588], [-56.95215374585283, -32.726511718520875], [-56.950938167824965, -32.72902345871591], [-56.95203338777485, -32.73408533223346], [-56.959576633458404, -32.735419299068326], [-56.967418571717886, -32.73288800661086], [-56.971424367828526, -32.73523559794961], [-56.975916030126726, -32.7412920161068], [-56.97685645860973, -32.74610200567185], [-56.9845526773112, -32.750944194652845], [-56.99084618844452, -32.75088132224656], [-56.995129330624486, -32.754205648285414], [-57.004618377001236, -32.771970866344894], [-57.00792229739815, -32.77295840696522], [-57.01271112163687, -32.778286915893744], [-57.023954733942716, -32.784310270166046], [-57.021427475857124, -32.789026337349625], [-57.02756359145286, -32.795464779153264], [-57.025025735248626, -32.80440375436303], [-57.03301820391921, -32.80955155883225], [-57.03335259577929, -32.81487996021016], [-57.03660991205602, -32.81820518963268], [-57.0405891239917, -32.82562235378536], [-57.040215396401585, -32.83337269174822], [-57.0452627080849, -32.83555182697266], [-57.050811291043296, -32.84068474519107], [-57.05339935816772, -32.840722163824985], [-57.06177112072784, -32.84448413060598], [-57.06608258431514, -32.85449222724251], [-57.06967944013129, -32.856861758687955], [-57.07601001719442, -32.86676949909842], [-57.08534303917683, -32.873755576715205], [-57.094512751125514, -32.87766410180907], [-57.09880571235497, -32.888724494491235], [-57.104374922167665, -32.892798569322224], [-57.11279701107602, -32.89309779952844], [-57.11864639940811, -32.89536051417303], [-57.11908162387375, -32.89955267771689], [-57.12074640281174, -32.90119144641448], [-57.125593109557286, -32.90128826053399], [-57.14145804171925, -32.905964376725066], [-57.153398069800666, -32.92361521515881], [-57.162650034192424, -32.92977109649962], [-57.172367554955144, -32.927037232684256], [-57.1778639135872, -32.94017760876168], [-57.180113904200134, -32.942432055577676], [-57.18570774297561, -32.94386507324851], [-57.188366816075515, -32.94961256486689], [-57.19131918198217, -32.949883063064725], [-57.19317627738172, -32.95184736053023], [-57.19835542647319, -32.961509603768974], [-57.20564898307819, -32.967496501884106], [-57.214780065601595, -32.96689458298652], [-57.21870154989853, -32.967894754097976], [-57.22021392660691, -32.97322748285011], [-57.222730431273675, -32.97380391977396], [-57.236519843486846, -32.97133152208476], [-57.23808596991781, -32.972959618890634], [-57.23781112876404, -32.9768564975408], [-57.24216492085501, -32.98063792850662], [-57.24753831051058, -32.980282417494685], [-57.250601799100416, -32.98131491840169], [-57.25449452174555, -32.98514327024147], [-57.26847606257496, -32.989320290075746], [-57.270697806882644, -32.99192157849131], [-57.270450907873105, -32.99515339215341], [-57.26874453728124, -32.99755957909618], [-57.26428296614228, -32.99975922491328], [-57.25975006521729, -33.011423524882346], [-57.26142795024986, -33.01292336964275], [-57.26590810520045, -33.01347228290283], [-57.268663900398984, -33.01738667475545], [-57.27165244192976, -33.01774151833025], [-57.27280027776287, -33.019391841329124], [-57.27413436644176, -33.02377817618647], [-57.271867950712306, -33.025741735403244], [-57.27010065813054, -33.03064371593314], [-57.27040046360035, -33.03285608518786], [-57.27388956406716, -33.03669306711689], [-57.27369267725982, -33.04328050322631], [-57.27475192402406, -33.04520578514024], [-57.28730980824464, -33.04249443744674], [-57.2931801963453, -33.04269882511052], [-57.29912047494587, -33.040614392084066], [-57.304899236114856, -33.041825919281514], [-57.316934455989454, -33.04039902335855], [-57.328380325617594, -33.03632447072867], [-57.331917133363746, -33.03353585609518], [-57.33802324469203, -33.034833336276584], [-57.34460074992865, -33.03200684191837], [-57.346566910038746, -33.03262303440915], [-57.35366772655552, -33.028691491089], [-57.36923871301794, -33.03078428030579], [-57.38839797860088, -33.02697304149577], [-57.396184515148136, -33.031082965474404], [-57.39536163824138, -33.04011325787489], [-57.40105710550964, -33.04822372434586], [-57.401203819747856, -33.05032648446492], [-57.40841158472414, -33.05233837431133], [-57.41228204816914, -33.05604014034926], [-57.414573413731524, -33.056559529214], [-57.41507145150306, -33.060030302839], [-57.419049504826404, -33.063638944105975], [-57.424907888304375, -33.06310520717981], [-57.42671611259119, -33.06097700053888], [-57.42855707242955, -33.054730587133626], [-57.43554376479858, -33.050612903531814], [-57.43734531665502, -33.0510052137728], [-57.452200922504694, -33.05656884568165], [-57.45997529384696, -33.06136220967199], [-57.46193797743859, -33.072369416577914], [-57.464827912710305, -33.07350581866183], [-57.468442352541, -33.0772433100084], [-57.47291156737053, -33.078849712001585], [-57.47408657390421, -33.08350066476652], [-57.46929713543983, -33.09463693584292], [-57.47265630805465, -33.099807639089754], [-57.47673567885805, -33.101153571326925], [-57.47876102497077, -33.10640534553148], [-57.47452008383853, -33.11120760100692], [-57.47370853461411, -33.114608258156856], [-57.47063268067672, -33.11602031935207], [-57.45604387416692, -33.13220753135716], [-57.451961898717705, -33.14418877579731], [-57.453546074069585, -33.147461893844174], [-57.457782608520894, -33.150333987409724], [-57.45803360832448, -33.15472252894021], [-57.45436905219791, -33.16558001888112], [-57.45839280580761, -33.17251619214261], [-57.46047365657932, -33.18201855032595], [-57.459974768476464, -33.19403574106383], [-57.45883432645003, -33.198000047228824], [-57.456802156319824, -33.19911811255835], [-57.45686420016438, -33.202411400266456], [-57.46033989001197, -33.20783640509489], [-57.46059252332566, -33.21298970701493], [-57.457088208638304, -33.22687458844388], [-57.45507242574636, -33.22912075366366], [-57.45783025348233, -33.23513480068677], [-57.45732997297036, -33.236752829798206], [-57.4526129224534, -33.23874877099392], [-57.452663276703994, -33.241424342721935], [-57.45031353721098, -33.24452343614248], [-57.436023453882925, -33.256389648843594], [-57.432935833437284, -33.260353424004855], [-57.42979749391925, -33.261406739553394], [-57.42532678681772, -33.260102047419224], [-57.423275834438535, -33.26535369986106], [-57.42351049574975, -33.269564213530685], [-57.42605505411459, -33.27472828245215], [-57.43140882758461, -33.27382352660666], [-57.43229840835764, -33.278534622086916], [-57.43144625456663, -33.28328607007215], [-57.43387572891686, -33.287467710110604], [-57.43190675786152, -33.29118044653561], [-57.435343336837796, -33.29890399970147], [-57.43262471350294, -33.304470037570056], [-57.435988153359034, -33.3082443139613], [-57.44007625444524, -33.31130458413461], [-57.450273455185105, -33.30829966003741], [-57.45379561896257, -33.312880407806055], [-57.45529624275696, -33.31760063116524], [-57.464207829555576, -33.3221441861188], [-57.46601160350173, -33.32851782194489], [-57.47060788848573, -33.33042523761683], [-57.47905037980378, -33.337900921988165], [-57.487360902346246, -33.33757823862034], [-57.4906847219219, -33.33911307908255], [-57.496519383982275, -33.34877713949492], [-57.500961563078675, -33.35938167113232], [-57.499454370165395, -33.362562407132174], [-57.504548571490226, -33.36631099050899], [-57.508992516272556, -33.36888328021822], [-57.51304811317126, -33.36764233795248], [-57.52168661028134, -33.36804948217758], [-57.528570857533765, -33.36941405953584], [-57.530890451924776, -33.37117248726737], [-57.531532709861054, -33.37716623304141], [-57.53374373358014, -33.379913740036706], [-57.532493039129584, -33.39197765833358], [-57.523404340761125, -33.39824111809606], [-57.526433054238915, -33.40751794523352], [-57.53111767623964, -33.411430241193194], [-57.532890002096636, -33.41879243309704], [-57.524566625831774, -33.42277240023048], [-57.52522096908469, -33.4284455617105], [-57.52092681223826, -33.437483207270105], [-57.52301561057282, -33.44029532330285], [-57.52148820473847, -33.445316924430315], [-57.52547908263123, -33.44832985243802], [-57.52775717380026, -33.45748629085865], [-57.52219802109209, -33.46341989409975], [-57.52131056781037, -33.47748085631846], [-57.52827661196478, -33.47999770815817], [-57.52890695926314, -33.48442103887337], [-57.534350616017164, -33.48536775160262], [-57.534858489566936, -33.48923711978847], [-57.539280029357165, -33.49450379969891], [-57.53644663193198, -33.50204403883311], [-57.54502769490839, -33.510560343868676], [-57.548362727419594, -33.51594214675498], [-57.5353796812537, -33.53012893749364], [-57.5268221286571, -33.53649897477817], [-57.53187502206516, -33.540479487284415], [-57.53660945788986, -33.55090837547498], [-57.53914748497461, -33.557613956649234], [-57.540000132512056, -33.571089146467855], [-57.542580031644654, -33.57787138216055], [-57.54665430297298, -33.57721258575028], [-57.54983483153934, -33.57814269405513], [-57.553646702403526, -33.582846799016934], [-57.565128257925906, -33.588356588456236], [-57.567989789504416, -33.60669008492092], [-57.57230055600062, -33.61086611008889], [-57.58173654750675, -33.6059575158], [-57.59044474608343, -33.60459193922811], [-57.597491443361825, -33.60552272443316], [-57.60605991896399, -33.60993191825618], [-57.617990722949116, -33.61171936614375], [-57.62898626242177, -33.606540939930206], [-57.63179472738157, -33.60209737696282], [-57.64941030981381, -33.600461052493], [-57.66007851409198, -33.60357262804237], [-57.66973828368028, -33.60149162039291], [-57.67301210980215, -33.60189745826261], [-57.67668139509778, -33.60590225566378], [-57.684677714820246, -33.60657755519274], [-57.68779728336427, -33.60197624129488], [-57.69237087023202, -33.601364069964355], [-57.696267503610535, -33.5986302259474], [-57.69920181625812, -33.59136198746886], [-57.70158967217562, -33.58929796945508], [-57.719356676655984, -33.58243607243332], [-57.726892196789684, -33.57162244303245], [-57.726379656437665, -33.56606074091606], [-57.72830073593241, -33.562954995518716], [-57.731483647583254, -33.56304551433608], [-57.737863450946925, -33.55635828297333], [-57.74204630646271, -33.556702706991345], [-57.744528928594455, -33.55499229701619], [-57.74488514692507, -33.5521122655553], [-57.750865969221756, -33.54525141629985], [-57.75032113068664, -33.54104914705121], [-57.75146053880023, -33.539323548602425], [-57.76186147015547, -33.5367784237105], [-57.766911489910385, -33.533935773408984], [-57.76907347533685, -33.53007645216037], [-57.77581122600856, -33.52464307401481], [-57.78912142256664, -33.516059901813115], [-57.797603136552276, -33.516236595079974], [-57.799376030300046, -33.512565042415034], [-57.801937945152794, -33.51168881131873], [-57.80527357872784, -33.51489830260129], [-57.809430409967256, -33.51638675045985], [-57.81268794458546, -33.510338192112656], [-57.833327367823735, -33.50768625067192], [-57.835337749906465, -33.504405972390316], [-57.8328694236409, -33.49778959316024], [-57.84300774550488, -33.48988047073698], [-57.84487145822325, -33.48694079641777], [-57.84165141386331, -33.47802383947148], [-57.83669816608949, -33.47362032192908], [-57.84269412409861, -33.46819685741878], [-57.842502723238475, -33.46441452630327], [-57.850902718942024, -33.461594443374814], [-57.86045213729509, -33.45380868117676], [-57.878734824583034, -33.448114480420514], [-57.88734275664688, -33.44884126687049], [-57.8914443948051, -33.447879578961754], [-57.89987325723518, -33.44973182187523], [-57.907548341802794, -33.4452905634311], [-57.92574321720572, -33.44325733000559], [-57.93358847144723, -33.43746560503775], [-57.94347759951251, -33.439233179845054], [-57.94803513133924, -33.437241259992454], [-57.9494793123731, -33.43555528968925], [-57.94931001935536, -33.428690652968186], [-57.95748352280871, -33.42126065630062], [-57.95654394862414, -33.418553519930725], [-57.95821891529926, -33.41045595942876], [-57.95743280858798, -33.40692648280852], [-57.96422118143906, -33.403355090633475], [-57.971072214636564, -33.40232463906952], [-57.98360276737028, -33.396416665616954], [-57.99045524468311, -33.39498487878415], [-57.997789097153465, -33.39919377809961], [-58.01109516490186, -33.39999405111749], [-58.01584271650901, -33.40271237567151], [-58.01933942743801, -33.402229393891396], [-58.02691451260427, -33.40471169031053], [-58.03158921971158, -33.40212967080645], [-58.03411304027608, -33.40493536566028], [-58.03745626486254, -33.40498721188665], [-58.04125706608741, -33.406867035572354], [-58.04381026008541, -33.40515271447592], [-58.050730377054876, -33.407830339689845], [-58.05409452727427, -33.4060799721764], [-58.057712781790045, -33.40644205542432], [-58.05935385295951, -33.41173790097492], [-58.064354863822004, -33.41268525238693], [-58.06535874091261, -33.414753903799024], [-58.06372001733413, -33.41893751826493], [-58.06921025619944, -33.4201855267828], [-58.073864135222735, -33.4181960325271], [-58.079239140979375, -33.41810118803982], [-58.083543577789094, -33.422927226725065], [-58.0898651603822, -33.42272753350139], [-58.104108646857775, -33.42955417880336], [-58.10661432898183, -33.43581426832724], [-58.10863403945948, -33.43633726174294], [-58.1166902440417, -33.43128176615486], [-58.11957876906587, -33.433049675042746], [-58.12292754009058, -33.43326726173982], [-58.12435747231101, -33.43674415364808], [-58.12844756534444, -33.439619626538615], [-58.145240666593544, -33.435849015412124], [-58.14862038689773, -33.437688264906214], [-58.15056020097602, -33.44143545542876], [-58.15680648498194, -33.4436993260447], [-58.17227935078512, -33.43485522596795], [-58.175410451112334, -33.43577187618579], [-58.17818777986192, -33.43916402262498], [-58.181555793689796, -33.43985822981412], [-58.190029263265586, -33.436861808293386], [-58.20258675998207, -33.43679408066064], [-58.20468815786937, -33.44025694401619], [-58.21395948616445, -33.44147002071953], [-58.22112160224917, -33.44623903223896], [-58.235049281323846, -33.44670369143984], [-58.23901686366856, -33.454598421083965], [-58.24941405489336, -33.45535972256854], [-58.25555016460405, -33.45996052023276], [-58.259947829405235, -33.46094937012372], [-58.26496815980014, -33.465198326147856], [-58.273380827012915, -33.468489877929436], [-58.27856522697614, -33.47567124375543], [-58.283257348121126, -33.47816534011543], [-58.28765956815399, -33.472475796670246], [-58.29493992703459, -33.46726077690226], [-58.30752622763068, -33.46390752554471], [-58.332801702679824, -33.45204039858732], [-58.3549829467976, -33.44913597936421], [-58.39229871302196, -33.44907169127048], [-58.41026830389135, -33.433306726462824], [-58.41349035633688, -33.42456303523446], [-58.41585655766765, -33.41194207231141], [-58.41895222066201, -33.40768592944604], [-58.42292282020921, -33.40572745375484], [-58.42209783159705, -33.400338078551826], [-58.4167629447484, -33.393808238142896], [-58.41346588306787, -33.384162542128536], [-58.41351651892863, -33.37149922308937], [-58.41719281439266, -33.362634743626764], [-58.41940907148164, -33.360614283348305], [-58.416700614616595, -33.35516492312814], [-58.411015687590734, -33.35071543415139], [-58.40825816518902, -33.35007046296195], [-58.40832059785069, -33.34856409211405], [-58.40211659342012, -33.34504433524683], [-58.39954249649244, -33.345143342328846], [-58.392254088689256, -33.34051923426512], [-58.38089464638385, -33.34144812507743], [-58.363907454368785, -33.34630977511818], [-58.35482241766971, -33.343067299194324], [-58.35208383553524, -33.34087865742911], [-58.350652789729814, -33.33766531525158], [-58.34690407146778, -33.33649507715579], [-58.33935746033188, -33.33705433982805], [-58.333522357217234, -33.335266451692334], [-58.326962288254556, -33.32943872033983], [-58.32573305264291, -33.32370708539278], [-58.32757545317874, -33.318057066855026], [-58.32685203775569, -33.31358177025464], [-58.324771196059004, -33.31010365934975], [-58.31877563612823, -33.30574456253878], [-58.311599810690765, -33.2940476068195], [-58.31049059526092, -33.28664456492262], [-58.30532275307643, -33.283164189785396], [-58.305185143606, -33.27835000573731], [-58.30138917552333, -33.27618604409395], [-58.29942742022543, -33.272864848442524], [-58.30206892511362, -33.267623889177045], [-58.297832436355286, -33.25900610025314], [-58.2878695888804, -33.255621210248655], [-58.28896724536525, -33.25201448746923], [-58.285014216814616, -33.24895693343471], [-58.28358987279186, -33.24573672063409], [-58.28655927473136, -33.23761165938185], [-58.28143398451774, -33.22606359436543], [-58.272932751856786, -33.21806264442802], [-58.275868789855586, -33.20990166064573], [-58.27439245469483, -33.20857532378869], [-58.26628717934844, -33.20877711429545], [-58.2613130368378, -33.20522530174101], [-58.25192104191778, -33.20475376112841], [-58.24442569963111, -33.20853657008452], [-58.23834590687634, -33.206877041318926], [-58.238673812740736, -33.20331223307372], [-58.23707570550255, -33.19988868980674], [-58.23831696959109, -33.196131504594284], [-58.237719552303034, -33.19399399063228], [-58.22614658860988, -33.189016838397166], [-58.225346491868976, -33.18439461981936], [-58.22678178377658, -33.182782986329684], [-58.22730119028899, -33.17723009276918], [-58.22304951126923, -33.174258779997224], [-58.22023022639417, -33.16956269320137], [-58.214846876332196, -33.169441038261446], [-58.212881198993614, -33.1664249742613], [-58.20829839245196, -33.16606126947209], [-58.20308669968809, -33.16729319996225], [-58.20020021462969, -33.169950633326], [-58.19657980914624, -33.17035976521588], [-58.19250382221268, -33.16885453085289], [-58.17782947377509, -33.16834394652469], [-58.158070359623686, -33.158765342675515], [-58.15667834272744, -33.15629594625604], [-58.15271930668166, -33.15479426989978], [-58.15019127389035, -33.150769686758046], [-58.146676398041606, -33.139976401288365], [-58.13861232286834, -33.13503768109521], [-58.13596177791998, -33.13396339426724], [-58.12177551841435, -33.13388218789095], [-58.116994815139954, -33.13103006778407], [-58.112954519732725, -33.13076581382532], [-58.108292672516356, -33.13243602928766], [-58.102351634640335, -33.12707882374961], [-58.104758552384205, -33.124467628975836], [-58.104651031990365, -33.1203535598937], [-58.09757640742215, -33.111085005207364], [-58.097884929243534, -33.100182080659344], [-58.095464250880326, -33.098221406193225], [-58.08873183053975, -33.09836349246714], [-58.08334742012477, -33.095552635758665], [-58.082652985575315, -33.09152022699459], [-58.07408509923404, -33.08758078463082], [-58.07161889788939, -33.07806710700046], [-58.07614954009587, -33.068563095111436], [-58.06999298861999, -33.06376020624479], [-58.06422172926184, -33.06242247708293], [-58.0605055748219, -33.05997547802881], [-58.05821185799676, -33.05318166888135], [-58.05305142758591, -33.04673013843666], [-58.03064838487463, -33.043205976852974], [-58.02367657781941, -33.04407849397425], [-58.02083611457037, -33.045905604198786], [-58.01738679982037, -33.045592993663455], [-58.01120879205368, -33.0429174384441], [-58.008203510127686, -33.03729315443931], [-58.007927117675216, -33.02962499382804], [-58.009504904721666, -33.02613773387095], [-58.00560965821027, -33.021251426548005], [-58.001532946421776, -33.0187660230966], [-58.00109631045575, -33.01577309737222], [-57.998028402991466, -33.01091374527702], [-57.99710594709404, -33.00497877655706], [-57.99412633980649, -32.99964378982331], [-57.999965447467744, -32.99507883503305], [-57.99827842920897, -32.989685805656606], [-57.98673462421608, -32.980445489407764], [-57.99063627965602, -32.976730721285875], [-57.997036978505434, -32.95736538808674], [-57.98923976096323, -32.951604678890625], [-57.982273774115384, -32.9434053912348], [-57.98301932693778, -32.938308036737446], [-57.98646329747162, -32.931362839548676], [-57.98688245057407, -32.927877935890145], [-57.98369517218352, -32.92488194681409], [-57.983514454954886, -32.922344361044416], [-57.986305456856236, -32.917997205221795], [-57.98111828263732, -32.905372231378855], [-57.974026707004874, -32.900914422997424], [-57.974643148410514, -32.895360711731485], [-57.97786800435836, -32.89311763896382], [-57.97912473588003, -32.88947620015819], [-57.97800290812529, -32.884882616564475], [-57.97173597892207, -32.87716853860439], [-57.97126499329489, -32.87209130008546], [-57.974115527961615, -32.870053134537756], [-57.975137292689084, -32.86735836079257], [-57.96660528190543, -32.855485478807175], [-57.96494191983675, -32.85025013838504], [-57.96110314075311, -32.84549719077196], [-57.96016387738255, -32.84038882791041], [-57.95505160970016, -32.83504646062115], [-57.955164206062804, -32.830913866033946], [-57.94965333978775, -32.825786532866346], [-57.94408588663402, -32.812288802877774], [-57.92464803390829, -32.80237098568737], [-57.92838344588237, -32.793614680662024], [-57.92797141115384, -32.790427890228614], [-57.92324803804067, -32.78417974379295], [-57.924434006141595, -32.781952413784616], [-57.91902669840274, -32.77156519662944], [-57.92040568480025, -32.76821234848207], [-57.918110145023746, -32.76568762686999], [-57.910583844790224, -32.76291163062852], [-57.90187289137411, -32.765888190088354], [-57.895218551013414, -32.76393449900892], [-57.887981620912775, -32.768032766487664], [-57.872677168936306, -32.76782805385327], [-57.86339183234143, -32.76561021470411], [-57.862276478796396, -32.76042731731047], [-57.85848092563697, -32.75284081462003], [-57.85368556555198, -32.752943295188025], [-57.84930781129734, -32.75543888119915], [-57.84407466693396, -32.74825786178442], [-57.833856045635635, -32.74069868299366], [-57.8249859470985, -32.74062204807866], [-57.81959090575149, -32.74222976468803], [-57.81283912151455, -32.739814229494066], [-57.80590811691864, -32.73342367645479], [-57.803262172941366, -32.72841761408993], [-57.795167736238604, -32.72677894876527], [-57.77245650798794, -32.72668800558577], [-57.76379569804949, -32.72376435221551], [-57.755505295805904, -32.72534732053948], [-57.75308163622264, -32.72209596617241], [-57.74649954287213, -32.72044567038809], [-57.73737037268309, -32.71109545710923], [-57.7331883920892, -32.71016561802397], [-57.722257344503525, -32.71515273554794], [-57.716475002017184, -32.71554724411324], [-57.71278835431909, -32.71239086289474], [-57.70788725148743, -32.71071841565429], [-57.70342884761669, -32.71156811892528], [-57.69395711059747, -32.71721823499713], [-57.68446072640101, -32.7206222038918], [-57.6755318943105, -32.721420222336036], [-57.66802701141063, -32.7179614483106], [-57.66367372313375, -32.71313066133368], [-57.65845291018682, -32.71007192808454], [-57.648187934702754, -32.708081850166934], [-57.63910446008677, -32.71073973285591], [-57.63057987865739, -32.700920246861514], [-57.62349119828474, -32.69934066165905], [-57.62114941090207, -32.69539698143086], [-57.61830555737058, -32.69344939161341], [-57.6172893954813, -32.687822904311076], [-57.61509968306544, -32.68381286004033], [-57.60943558997229, -32.68175494764986], [-57.60796811366109, -32.6786853479269], [-57.60468365686796, -32.6761173846167], [-57.594559620621745, -32.675906006704295], [-57.59270728227877, -32.66761117239563], [-57.58858102581661, -32.66089975221323], [-57.58463937815194, -32.65903396171245], [-57.579845421173076, -32.65898102785054], [-57.57644617293317, -32.66072361765371], [-57.5744817243874, -32.65905699920159], [-57.574117964227774, -32.65512867319194], [-57.57098287930645, -32.650712989896235], [-57.56788569724761, -32.64894310726717], [-57.559461985299734, -32.64929925011035], [-57.55751956678396, -32.64338259867172], [-57.55182219126101, -32.63942041451537], [-57.54873610652417, -32.63244965919533], [-57.537762877881384, -32.62840542554872], [-57.51485345907562, -32.60902244259637], [-57.503887620762214, -32.6084584381311], [-57.50128151021368, -32.60433298707268], [-57.504019891546335, -32.60061059331921], [-57.50297242671182, -32.59632445152427], [-57.5000542465494, -32.593217127907096], [-57.5016644573671, -32.58744687321061], [-57.4993748212146, -32.57772970476564], [-57.49513698460029, -32.576360391383375], [-57.49496480423758, -32.56720892738754], [-57.49241260918619, -32.56449366921049], [-57.485746406318846, -32.56222106226031], [-57.48048057274383, -32.55836851815166], [-57.478546867056295, -32.55380269432278], [-57.47808915401898, -32.550554320252765], [-57.48315917891008, -32.54394807011316], [-57.48306824975869, -32.53907515903257], [-57.479481066182174, -32.52880118017488], [-57.47195124940427, -32.52343056001128], [-57.46763599083024, -32.524182833864955], [-57.46144373421464, -32.523194863618954], [-57.45433061140622, -32.52554740566984], [-57.44796336904514, -32.52265895385387], [-57.44502556383833, -32.515445583924176], [-57.44056047717397, -32.509084238217234], [-57.438868771412764, -32.50090336856395], [-57.43559995484015, -32.498568249871084], [-57.42870637106268, -32.4974688549529], [-57.426297717209664, -32.48834598772181], [-57.42414083556157, -32.48540175691461], [-57.419496263452984, -32.484510551439406], [-57.41630926558121, -32.47884510111293], [-57.41610319440325, -32.47516234338083], [-57.41287405526285, -32.47496600106247], [-57.410558682247725, -32.47095358988131], [-57.41498162670988, -32.46733038790147], [-57.414119458717124, -32.45830624002527], [-57.41209755509533, -32.45500338424846], [-57.41414304879847, -32.451767293106656], [-57.416709483536366, -32.442053654879615], [-57.405868017090775, -32.43498930829891], [-57.406541126463296, -32.430321754970706], [-57.40527304772055, -32.42596378583698], [-57.39809379393905, -32.42188289803798], [-57.379390986995325, -32.418729436850356], [-57.36399805873069, -32.412420893007464], [-57.35842470155315, -32.4149684789944], [-57.35694480744722, -32.4173719794576], [-57.35753911341003, -32.42244784539709], [-57.35488532432313, -32.42361458024021], [-57.34571593629512, -32.42118582723872], [-57.3401726570365, -32.41818064004103], [-57.33618288421234, -32.41850332502116], [-57.33205279073956, -32.41463034890228], [-57.32336900423297, -32.413637686037575], [-57.319816048061945, -32.41204415928349], [-57.31689600314014, -32.417977908830714], [-57.31135797633777, -32.42040999663118], [-57.30014573003138, -32.41674302297917], [-57.298307901523835, -32.41658175833431], [-57.29542744391662, -32.418782027587895], [-57.293207044208856, -32.421115393326744], [-57.289717153103375, -32.429885203431475], [-57.287688989728096, -32.431498057851165], [-57.28602882435665, -32.438796240794254], [-57.28328202523358, -32.44281703794676], [-57.27931213031421, -32.445050513964524], [-57.274849409014934, -32.4446958551638], [-57.272651485702866, -32.44277019023882], [-57.26819513127421, -32.44189929125528], [-57.26087265750428, -32.445013386971326], [-57.2579863937992, -32.43967816463733], [-57.253427125674, -32.43563128042656], [-57.25029151349499, -32.43503621067618], [-57.25055528839033, -32.43225665346091], [-57.24907722696527, -32.42902114623372], [-57.24450371647765, -32.42555446096975], [-57.227910374994885, -32.42228878815038], [-57.22379749718736, -32.41636648418738], [-57.21883525596348, -32.414467334206606], [-57.216629011306836, -32.408978673994795], [-57.212899059331285, -32.40833388575253], [-57.20390457987974, -32.40993410536089], [-57.199627818944165, -32.401106353605236], [-57.20103515970164, -32.39759398679747], [-57.199171991152944, -32.39256485898748], [-57.19176533032942, -32.38446392259506], [-57.19275110701574, -32.378900938580934], [-57.191653359990816, -32.37463429137819], [-57.185782800295506, -32.375055208583696], [-57.17676102642711, -32.37325572467615], [-57.162477496305485, -32.37655482864855], [-57.15690044386976, -32.371691346696466], [-57.14940366360997, -32.36773189705736], [-57.14727651825314, -32.36472470697671], [-57.14192244640769, -32.36478180365585], [-57.13722644957189, -32.36912411538201], [-57.12878892685312, -32.37191266453228], [-57.12217296986762, -32.36999129038189], [-57.11349759586342, -32.371274860226904], [-57.10067860726887, -32.3683025769924], [-57.09047581817138, -32.376681221936444], [-57.08695720037984, -32.377527846703444], [-57.0818413444865, -32.37626432046292], [-57.072921724010364, -32.36684994812418], [-57.07166491893936, -32.361343750991765], [-57.06192776383379, -32.356391596832445], [-57.05688809889308, -32.35175500338103], [-57.052475812656716, -32.350955828440924], [-57.047154636078744, -32.35287732000924], [-57.03855380524303, -32.34553122061825], [-57.0373354749771, -32.34173777717513], [-57.030092215560906, -32.344964881042664], [-57.027330009473275, -32.34966305250424]]]}}, {"id": "38", "type": "Feature", "properties": {"codcuenca": 60, "area": 5171, "nombre_cue": "RÍO SANTA LUCÍA entre nacientes y Río Santa Lucía Chico", "cabecera": 60}, "geometry": {"type": "Polygon", "coordinates": [[[-55.48704287242121, -33.85383486391863], [-55.48764419659996, -33.85683425248352], [-55.479678546828254, -33.86137835831511], [-55.474248680685434, -33.8628968883319], [-55.469550089511266, -33.87157627591155], [-55.46532126880808, -33.87237647252766], [-55.45978765582323, -33.87602974806017], [-55.45518768130024, -33.87469001470606], [-55.44813960477639, -33.87736599747965], [-55.44386737513216, -33.876823644812724], [-55.43856902382691, -33.87927307719887], [-55.432337559469254, -33.88603560657772], [-55.4247427723078, -33.88840616050586], [-55.421902445871105, -33.8848014219668], [-55.41733719071412, -33.882741679200024], [-55.41492751886424, -33.87933119645451], [-55.40945585410929, -33.88049446144851], [-55.40049948215523, -33.87811503923629], [-55.3959367032679, -33.882643344192154], [-55.39313455694747, -33.88315303961559], [-55.39002998503501, -33.88184545920688], [-55.37632804693487, -33.88478287452986], [-55.37337405077945, -33.884513224243726], [-55.36967232989359, -33.87827336433434], [-55.36242796680128, -33.877985731612426], [-55.3575271544132, -33.87441413883188], [-55.353619127501986, -33.87709933518705], [-55.353040786904494, -33.879918085272145], [-55.34802456081641, -33.87887402640986], [-55.33679143928415, -33.88908866235161], [-55.32856949564976, -33.892648834881626], [-55.32640817510788, -33.89605979424113], [-55.316479634425605, -33.89975106938467], [-55.315684603010894, -33.91020936140927], [-55.31786425752891, -33.917547997427555], [-55.30838417542335, -33.924531958055155], [-55.302547886630094, -33.92543442348876], [-55.29314950068564, -33.93007648443221], [-55.29221090095762, -33.932722471771854], [-55.286662464839, -33.934537266238515], [-55.2858565813953, -33.93669447199532], [-55.280161506535286, -33.94117735507502], [-55.28237192089131, -33.94875155403384], [-55.27975160551802, -33.94955255742395], [-55.276814955078905, -33.95603677508366], [-55.27542140358915, -33.956802424705806], [-55.27586352852939, -33.96019926191901], [-55.27955500453166, -33.96222103483304], [-55.276796090240744, -33.97159353355946], [-55.27767890396664, -33.978221867082574], [-55.27201931524007, -33.98089028340303], [-55.26611197078439, -33.979678286399626], [-55.26397266559927, -33.9811349823182], [-55.26012326410012, -33.98937401968055], [-55.26167889182297, -33.99238998118941], [-55.26069538046587, -33.9949724622938], [-55.257763074195935, -33.9963849751581], [-55.256916628185444, -33.99838733546328], [-55.258243619079444, -34.0012596856142], [-55.25656632563874, -34.00647608641455], [-55.254481318016694, -34.00789262890817], [-55.24090889376835, -34.009734905835124], [-55.23624857761555, -34.01395727895813], [-55.230038971175475, -34.014237287769085], [-55.22706069063054, -34.01622953418525], [-55.21926897315875, -34.017504658834326], [-55.21478348131573, -34.02303869824323], [-55.21289363131115, -34.02835351564058], [-55.208173063200185, -34.02755931803984], [-55.205905026429946, -34.03387523812958], [-55.20367120270343, -34.035253245677474], [-55.200420606804535, -34.03624047430971], [-55.19459642411762, -34.03420586099522], [-55.19153386587011, -34.034807996859726], [-55.190334174777966, -34.04237021118601], [-55.1917182501096, -34.04792552813906], [-55.19085703854206, -34.051701930869044], [-55.186783113060336, -34.051064424020296], [-55.18360821920192, -34.054289113767304], [-55.17914827288212, -34.055732638778466], [-55.17704677746354, -34.05155556345232], [-55.17298262526338, -34.04960599109116], [-55.17078262862405, -34.04627702538586], [-55.16701552653662, -34.04471576107885], [-55.15792806588239, -34.04242989792729], [-55.157540475246606, -34.04466540768725], [-55.154936032471085, -34.04588627072856], [-55.15176199395976, -34.05978344232991], [-55.14950500051373, -34.0594527718859], [-55.146122781510066, -34.06102855588924], [-55.151898998464766, -34.07479908821454], [-55.15051798940039, -34.077419729780175], [-55.153106567245885, -34.08127996618041], [-55.15117528248911, -34.08445534959967], [-55.145758220523, -34.08435506994193], [-55.14228937958512, -34.08690018260475], [-55.14390488829246, -34.090498889626275], [-55.14852271569694, -34.093656911760355], [-55.145720854464784, -34.099917298657246], [-55.150298470323584, -34.10412511029363], [-55.150147512138204, -34.10820821722327], [-55.15191248881171, -34.112301445877236], [-55.146931888793084, -34.113719370006855], [-55.14271640698494, -34.11683451090228], [-55.14306141843972, -34.11867909028847], [-55.151947526965785, -34.12340784198003], [-55.152209330101, -34.12833977712645], [-55.15098630570308, -34.130444087150146], [-55.140534447173394, -34.135648547495386], [-55.139561875273365, -34.137486047236244], [-55.14120520313631, -34.141827773619475], [-55.14698506112404, -34.14574331853923], [-55.14580619887927, -34.15243022405218], [-55.13973968597852, -34.15312526220219], [-55.13566340337347, -34.15656339393933], [-55.13198025956197, -34.155425619575546], [-55.126856808073306, -34.15778991295525], [-55.1229631303948, -34.15628158296721], [-55.11982147137583, -34.15685135750636], [-55.11180056457092, -34.16893412190587], [-55.109049171224434, -34.16609656640874], [-55.10373222825737, -34.16482461086192], [-55.09983824744128, -34.16824350751917], [-55.09509730807032, -34.169162625646905], [-55.09525593671422, -34.17170348955404], [-55.09218656571489, -34.17332932263062], [-55.091145510388564, -34.176012672708715], [-55.082526749342435, -34.17702031940952], [-55.06868472322026, -34.17507059938407], [-55.065166257064746, -34.17989388019202], [-55.06512818773233, -34.184874161246995], [-55.067255095376844, -34.18667080446638], [-55.06783269208828, -34.191483473213204], [-55.0668635232764, -34.19394517252018], [-55.06396719717061, -34.19526300450716], [-55.06478668062076, -34.20060537751546], [-55.072781108587684, -34.205102824152966], [-55.07462564051261, -34.20944327201236], [-55.076862036521376, -34.210298329571316], [-55.082376512443844, -34.21631002809794], [-55.07870957585137, -34.22281671399857], [-55.07231124171937, -34.2260861813738], [-55.07150774786041, -34.23138798003258], [-55.06890009747595, -34.23298072912601], [-55.07240692524597, -34.24152844484057], [-55.072089299497, -34.24446999106239], [-55.07735513503026, -34.25425778618633], [-55.0795999114446, -34.254270999153796], [-55.08146882646106, -34.25590552912266], [-55.083292933880955, -34.254292647186055], [-55.09154945138104, -34.25416024759157], [-55.093608197491356, -34.25910294629739], [-55.09311738061941, -34.26416534042894], [-55.09448281995014, -34.26696491109591], [-55.09186954995771, -34.267812031967345], [-55.08944820212318, -34.271526187820776], [-55.089548547641925, -34.276818362002686], [-55.086871638419915, -34.28383757411136], [-55.08855000191512, -34.29098998853591], [-55.08405762893305, -34.291859420366045], [-55.075487752065364, -34.28623682879648], [-55.07004959421873, -34.28680586712542], [-55.0664786187989, -34.28924993190789], [-55.05873209164009, -34.28866212683737], [-55.05573867148304, -34.29128976215653], [-55.05745135459821, -34.30248458602634], [-55.04551402620604, -34.30547311244023], [-55.04087412484842, -34.30253918038043], [-55.03657457228074, -34.3034987525286], [-55.03172674977587, -34.302746870308866], [-55.027425597977185, -34.305606113674614], [-55.019735214474565, -34.306120639682426], [-55.016297494479836, -34.31010538174684], [-55.0080292737544, -34.31089403389715], [-55.00656933578166, -34.3120270734958], [-55.007986358910486, -34.31546370787511], [-55.00143477290183, -34.320960326280115], [-55.00535493600497, -34.32554864694871], [-55.00606603908465, -34.33469313563438], [-55.00786729935726, -34.33584728548733], [-55.00707345365184, -34.343178090242], [-55.00318962139497, -34.34969947769338], [-55.001453299957895, -34.359955696868134], [-55.00311358033275, -34.36394777036515], [-55.00909168934548, -34.36772792295073], [-55.00710524037439, -34.370597809600085], [-55.002305275862405, -34.372069876987155], [-54.99970455426592, -34.376007382919305], [-54.99258237986178, -34.37631835191418], [-54.99171056377993, -34.37724275239966], [-54.992656963365626, -34.38000393235447], [-54.99117710399829, -34.38306079957399], [-54.9836292057551, -34.38745657892473], [-54.98505538636954, -34.391687550531415], [-54.9878636556707, -34.393962618421845], [-54.98965899104355, -34.39760223842052], [-54.991652687514346, -34.40497994542913], [-54.98494849866231, -34.4116135428958], [-54.983593349640515, -34.417164257882995], [-54.990661061759404, -34.42429035981415], [-54.99406456871101, -34.435274822182755], [-54.998570970850764, -34.44107265056623], [-54.997088385171324, -34.44548905522177], [-54.998404940213675, -34.448944170375235], [-55.02108090747569, -34.457784037614104], [-55.02569905996242, -34.46154366673897], [-55.02533903198223, -34.464182575706594], [-55.02755660035283, -34.46940948234495], [-55.034400262830616, -34.47355333423092], [-55.04159728279752, -34.47582236476784], [-55.046649094469004, -34.483360142689705], [-55.05941142632403, -34.48288211338989], [-55.0665789208104, -34.488694253788566], [-55.06679301533411, -34.49300484405661], [-55.06915852442146, -34.497536640892235], [-55.0773353084284, -34.497859781435345], [-55.08157845042551, -34.50232826991633], [-55.08366108448108, -34.501761552025854], [-55.087891825616445, -34.50380449303716], [-55.09181392377703, -34.49955629260415], [-55.09466826912078, -34.499676162061746], [-55.09959497266256, -34.50578816098627], [-55.10198273874132, -34.511341813905965], [-55.1054408163628, -34.51366488608484], [-55.11877723859766, -34.5123404186979], [-55.12111429284006, -34.511020231950845], [-55.12176218102024, -34.508357435254844], [-55.12454409163516, -34.505852535869714], [-55.124667429862825, -34.503612637861515], [-55.13042679880887, -34.49892470016783], [-55.13705422265974, -34.497997972648335], [-55.140549879335076, -34.494238637549785], [-55.14904429220341, -34.49186766474342], [-55.1528574928156, -34.49288899083099], [-55.155621907160494, -34.49615975546555], [-55.16151309149814, -34.49741359967953], [-55.167634602551935, -34.50180341995703], [-55.17228000162237, -34.50085043793481], [-55.17853892829336, -34.50561574938318], [-55.188678105482055, -34.503775958939926], [-55.192724141516855, -34.5053099761821], [-55.198127141275684, -34.50888477308303], [-55.198731608576985, -34.512246577370284], [-55.20260497263985, -34.51651364676412], [-55.20504835775257, -34.51601479194133], [-55.211302390997794, -34.51862334695477], [-55.21241631655757, -34.515807454087266], [-55.215478611143034, -34.512988861808054], [-55.219403383310095, -34.511733260410566], [-55.22139430314722, -34.50905041504957], [-55.22660949428165, -34.508956461458965], [-55.22867208219887, -34.51122675091636], [-55.232910119081595, -34.51081719701196], [-55.237967452382236, -34.504800227244225], [-55.24534665087382, -34.50195948000348], [-55.25299646995725, -34.505649841596544], [-55.25687202966476, -34.50450255030771], [-55.25912016869593, -34.50128558791022], [-55.259810838036245, -34.49433941786558], [-55.26244612214976, -34.49277192580761], [-55.26667900217718, -34.49252485030125], [-55.2663244974329, -34.48925217577811], [-55.26882661754486, -34.48303817232432], [-55.26770774544888, -34.47434348003211], [-55.27030612485879, -34.471427713391655], [-55.27650160064701, -34.47093578802941], [-55.275889471238095, -34.46868581989694], [-55.277088391125105, -34.46609786347355], [-55.284037726693484, -34.46739512901823], [-55.29288180144078, -34.466049157875645], [-55.29808172634827, -34.4690670850009], [-55.305400938226725, -34.466734323185385], [-55.30494727057666, -34.46108529777177], [-55.31138607216348, -34.45995871516768], [-55.31341208088903, -34.45779074112018], [-55.31541868642331, -34.4548461892307], [-55.318104309938136, -34.443119679986545], [-55.31224338169124, -34.43864106028492], [-55.31783066601263, -34.43459491762938], [-55.31746476276817, -34.42839558564695], [-55.31058225797686, -34.421147854433904], [-55.314222839931574, -34.417578795320026], [-55.309422625177234, -34.413003056217974], [-55.312670099775936, -34.409573232946194], [-55.31064391237803, -34.406458178633436], [-55.309504983900766, -34.399531649777025], [-55.30695316850754, -34.39548879181825], [-55.30244408778916, -34.39343051599143], [-55.30173863707073, -34.39011833028519], [-55.309429823542, -34.387890482352255], [-55.31827092835136, -34.38189791528614], [-55.31808218807583, -34.37909556639822], [-55.32014890147747, -34.375792696963266], [-55.3265217686875, -34.37140285999198], [-55.33164938632554, -34.36989443712783], [-55.335388159917734, -34.37558816893028], [-55.33744680967172, -34.37687806534216], [-55.340178179710925, -34.37654523383122], [-55.340852055169414, -34.37205174072115], [-55.343446639464126, -34.37048020123354], [-55.34513337848967, -34.363806952687646], [-55.351563425999316, -34.35938234222235], [-55.35597285567978, -34.36154724091574], [-55.36443090076115, -34.36009937069624], [-55.37237126235545, -34.36238504943146], [-55.381071450273815, -34.35933619574793], [-55.39406549344951, -34.36173424411105], [-55.395523965064044, -34.36047981238384], [-55.39480804170192, -34.35834217764038], [-55.3907911483354, -34.35624829866326], [-55.39025005564368, -34.352231532566165], [-55.39121355002234, -34.35082941240009], [-55.39696529457721, -34.34941189414326], [-55.40224440379298, -34.33694915159448], [-55.41152826084644, -34.33680140780413], [-55.41555576685978, -34.33546350139316], [-55.42090722238605, -34.32885812360695], [-55.43179469673241, -34.32429459007134], [-55.44064624547775, -34.322240349558584], [-55.44455099147254, -34.31986717482828], [-55.455513201586086, -34.320045503116525], [-55.458071467536534, -34.321249970810044], [-55.4581310172656, -34.32283791360788], [-55.4614205810479, -34.325310842653096], [-55.465031697399965, -34.32558610521141], [-55.4774976154526, -34.3110560291739], [-55.48949567283046, -34.30536451100874], [-55.49603602640155, -34.30568056360013], [-55.4978385746567, -34.30681167432671], [-55.4984419119502, -34.315445554663405], [-55.50352902912781, -34.3178284596918], [-55.50318644459574, -34.323137204646244], [-55.507690303441976, -34.325470334388505], [-55.5094009819327, -34.329103036173194], [-55.524101329046935, -34.32714539144876], [-55.52727322431196, -34.32419495814599], [-55.52814456860794, -34.32143016485978], [-55.5338449566715, -34.31872365527978], [-55.542280848824625, -34.32375043625771], [-55.551429437945515, -34.32531489975576], [-55.551272739456756, -34.33555147882541], [-55.558225230815715, -34.337425788810876], [-55.55964707375742, -34.33936843526056], [-55.55774963165624, -34.34564001200916], [-55.571208009705664, -34.35405350659236], [-55.57187260330837, -34.35714414461669], [-55.57080065397729, -34.360691839890805], [-55.57419898741575, -34.365326733080536], [-55.57349576010915, -34.367382578110345], [-55.580689335795334, -34.373567108625394], [-55.582857653325576, -34.374059431655986], [-55.58634109482556, -34.37823213841365], [-55.59463569636955, -34.37808281982653], [-55.601833103362615, -34.37613514618922], [-55.60558450242909, -34.377502632345475], [-55.606026960047444, -34.38058580711138], [-55.61446293885929, -34.38007402478083], [-55.617308785226186, -34.378211145346846], [-55.6255887452631, -34.36654398834281], [-55.62804963747518, -34.3689330017742], [-55.6330196116314, -34.37875659166477], [-55.63453667216121, -34.37919263429725], [-55.63710782292931, -34.37589781870039], [-55.63998809645112, -34.375077051844265], [-55.644593099412766, -34.3755603666145], [-55.64757374514518, -34.3787054674342], [-55.64847275604612, -34.384463734181615], [-55.64563530559214, -34.388694447818494], [-55.6472900202226, -34.389669259108324], [-55.65067366745464, -34.38875791979427], [-55.65405138287099, -34.39122244251567], [-55.65321633548196, -34.395615514139735], [-55.655021077520615, -34.398003187267264], [-55.663162492344476, -34.397194670642264], [-55.67065137337397, -34.40366825408318], [-55.67121616737671, -34.4054321837621], [-55.67638835852369, -34.40531951689181], [-55.67746759520646, -34.406515247254575], [-55.67670698036442, -34.41234007531248], [-55.67843641626675, -34.41586437698606], [-55.681757414009354, -34.41456104103134], [-55.68718696122476, -34.415165316817635], [-55.689957957267964, -34.41764389345958], [-55.695399675341996, -34.41782552890333], [-55.69657582443549, -34.41588105928073], [-55.699671145918366, -34.41508776308294], [-55.70484429327413, -34.416206304607456], [-55.71065500210331, -34.421109548852655], [-55.71076011405881, -34.422612942124736], [-55.717656824039366, -34.42504133107752], [-55.725459686410495, -34.424817457837136], [-55.7284685784229, -34.42916842590451], [-55.7365817926782, -34.425812549934385], [-55.741277136730275, -34.425991755184754], [-55.751945794258624, -34.431036940309255], [-55.754716746470685, -34.43811241600799], [-55.76554254248515, -34.4463511104946], [-55.7659811948636, -34.45149964312199], [-55.77261103280522, -34.454762801196374], [-55.77946429416014, -34.4549127236929], [-55.7817277574732, -34.45991422619627], [-55.78459716670272, -34.46111163527423], [-55.78697689625146, -34.46540793066291], [-55.79345763631454, -34.46907111206257], [-55.79579113035641, -34.46865553241015], [-55.80293504765103, -34.46237597800691], [-55.80991213415394, -34.461688982233085], [-55.814747010735566, -34.45745427983437], [-55.817648405383366, -34.45825496329356], [-55.819614343539186, -34.46049202309757], [-55.82292381030645, -34.46022615771858], [-55.82324305809876, -34.45651204206902], [-55.82121358661335, -34.45200248362257], [-55.82398126885182, -34.45067141499722], [-55.829219448740226, -34.451204962517295], [-55.83263468098856, -34.44943549852389], [-55.83878370193776, -34.45304314239662], [-55.846588333824975, -34.45189603387365], [-55.85052427845111, -34.44994901815937], [-55.862407528507376, -34.454120530017555], [-55.86688171501415, -34.4503636832505], [-55.872418865660656, -34.44902250289721], [-55.87697841819609, -34.45004966272375], [-55.881125976821124, -34.45348013133506], [-55.88361159530586, -34.45244851184], [-55.88520539592286, -34.44841112979615], [-55.88505371016117, -34.44415073277042], [-55.887813587548614, -34.441516696244854], [-55.887880494446875, -34.43945675430525], [-55.8927151443834, -34.43973928058278], [-55.899006075633814, -34.445055739093256], [-55.90272684227986, -34.43784304341634], [-55.905418982485934, -34.436868024215485], [-55.91419361711157, -34.439835547445945], [-55.92027936946149, -34.445608855140385], [-55.92380178159726, -34.44560533936471], [-55.92794213133757, -34.443197870255865], [-55.928531906089034, -34.439374646339594], [-55.934423784681144, -34.43666792227018], [-55.94119315577839, -34.437575801869144], [-55.94458065523497, -34.43963173663793], [-55.94920668471569, -34.43899676783475], [-55.95239281795794, -34.437641034017425], [-55.95422385179351, -34.433711062020926], [-55.962055060189485, -34.43165493612545], [-55.97180842905913, -34.43500977460108], [-55.97911590032133, -34.43582280655373], [-55.98245778448816, -34.442736123005105], [-55.99086642460234, -34.44596633151973], [-56.00069248336793, -34.439743616962915], [-56.013441126140165, -34.43579864854281], [-56.015781197294665, -34.436655456640466], [-56.01810677772009, -34.431916297739974], [-56.025975431196834, -34.42802789100769], [-56.03896565755616, -34.42805120185785], [-56.043214873468635, -34.43151022594359], [-56.04693202352085, -34.4294939751632], [-56.050034827995866, -34.42475263608187], [-56.059629507585896, -34.425364056201424], [-56.06849287495077, -34.43016596938908], [-56.07169475361401, -34.4296566978146], [-56.07647499977322, -34.42519573566188], [-56.07642079514376, -34.418741181648564], [-56.07892082548801, -34.41557881387711], [-56.08681108175057, -34.417730506111994], [-56.09198122374026, -34.421742124636005], [-56.094854125265634, -34.42156351836821], [-56.09680573074153, -34.42702208757939], [-56.10451031797289, -34.43000984849585], [-56.115568497948495, -34.428811907126786], [-56.12773825194385, -34.43047539989808], [-56.1301918496985, -34.42959754629418], [-56.13539637893963, -34.42411788031132], [-56.14240802646401, -34.42388322298768], [-56.15229010857387, -34.42686835221893], [-56.162660777937916, -34.434164860126856], [-56.16495997633954, -34.43364675011958], [-56.166813271554624, -34.43150602663757], [-56.16624058537831, -34.429481849931996], [-56.16836050220307, -34.4264978214374], [-56.171263055400715, -34.42738389101877], [-56.17495275726462, -34.42633649687851], [-56.17748620438445, -34.420959624248695], [-56.179073233794, -34.42001277171931], [-56.19599724305716, -34.41751009532942], [-56.197424819154534, -34.41439027594379], [-56.20130888092649, -34.412010084902136], [-56.21361142121928, -34.41688663490779], [-56.21809149115399, -34.414987517034035], [-56.220233490055335, -34.411494985674125], [-56.22910085789038, -34.41306363275104], [-56.24069753151327, -34.412520204213486], [-56.24720219815614, -34.4177574740532], [-56.24959090322521, -34.424468837481946], [-56.2530538461291, -34.4244560585526], [-56.256402145012316, -34.41927815425111], [-56.27231056056821, -34.416603296969264], [-56.274630808026735, -34.417523968111304], [-56.27876865284755, -34.42230059006494], [-56.27929787558846, -34.425406916466045], [-56.281064845652324, -34.426294820774295], [-56.28860735945796, -34.4234391042297], [-56.296391428277595, -34.423078080651614], [-56.299495284837874, -34.42043392847171], [-56.30449276127593, -34.40162703343314], [-56.309977458695705, -34.39729179136137], [-56.31379773018006, -34.395962627353995], [-56.31746465981762, -34.391186893116554], [-56.31898333703429, -34.382511883448906], [-56.314494283221194, -34.371031923688776], [-56.31626884120325, -34.36672349121357], [-56.323769087682756, -34.36007490451459], [-56.33811539334888, -34.35220003787382], [-56.33590607266618, -34.35147031022062], [-56.33788880587193, -34.34478688108953], [-56.33587258038378, -34.340994895577445], [-56.33595357763919, -34.33645767219003], [-56.33848486518203, -34.33436598012941], [-56.33974766401395, -34.32940013523988], [-56.33240538302075, -34.322736953909896], [-56.327523281929054, -34.3137310697558], [-56.32130115559355, -34.310125744146326], [-56.313551808610505, -34.30661525738747], [-56.30182033368837, -34.305773442704705], [-56.29390508358786, -34.30218026443329], [-56.28753851403388, -34.300910621588585], [-56.284596862905175, -34.29822397534998], [-56.27763101976542, -34.28043325647926], [-56.280207002029805, -34.278828902903], [-56.279893306338835, -34.277558073610365], [-56.26554232785134, -34.27328842930055], [-56.261582635522466, -34.27132957149729], [-56.25863649685563, -34.267473018946774], [-56.257202733152965, -34.258107040943564], [-56.257901737541474, -34.252517292564164], [-56.26330603484876, -34.250852934690286], [-56.265882537652715, -34.24814799673987], [-56.26500280769471, -34.24485986661895], [-56.25884073939697, -34.2402414907349], [-56.25742089795408, -34.23027769551964], [-56.251210334201154, -34.232842656041086], [-56.23889180891444, -34.23087029018088], [-56.236040002668325, -34.22908156064302], [-56.23554890119982, -34.22512375000116], [-56.23287971113596, -34.21974279242439], [-56.22718396434587, -34.21764470448337], [-56.220792343919406, -34.21148304954786], [-56.21723392239552, -34.203400102969255], [-56.208969915325305, -34.20140415451966], [-56.20706095496627, -34.19837483507878], [-56.20028389423681, -34.19592362515782], [-56.19403796325023, -34.19122168611469], [-56.19038289380315, -34.19078364069593], [-56.18725413892111, -34.187083284267274], [-56.186001197303554, -34.17932938394283], [-56.19180148933015, -34.17571315627315], [-56.19111579554868, -34.17369155468971], [-56.19272443208185, -34.17053830019934], [-56.188234493645425, -34.16481851008157], [-56.175640909708086, -34.161484709558216], [-56.165858417805346, -34.164816244447735], [-56.16523703231763, -34.16710785426816], [-56.16420405529511, -34.16711092394482], [-56.162254606731686, -34.16231197895564], [-56.15779370947365, -34.162887229234464], [-56.154580430026435, -34.157598431668646], [-56.14649503403095, -34.15493872683402], [-56.14410129488506, -34.152892455779586], [-56.14330829712562, -34.14955426883569], [-56.144123690059615, -34.14627938719671], [-56.14246183035669, -34.14089981514971], [-56.12661872503655, -34.130777203458464], [-56.12164261644822, -34.12897206670629], [-56.12014160009076, -34.12624858022622], [-56.11409239119688, -34.1251622193856], [-56.111494092094524, -34.12585757563022], [-56.109397202251365, -34.12313546522852], [-56.10818580479254, -34.11793163139594], [-56.11061736084703, -34.11489974538823], [-56.111470938735515, -34.111229044629425], [-56.11317564156358, -34.11023431107765], [-56.112312545228725, -34.10519326143726], [-56.115788433053424, -34.10286421693088], [-56.09880974813891, -34.092306794212135], [-56.098251052237416, -34.09026869855146], [-56.08630191252642, -34.08178423458426], [-56.08381905575058, -34.07800991843052], [-56.0712765677683, -34.07338806886227], [-56.06511441210913, -34.06978074948562], [-56.06067176190048, -34.07289386343817], [-56.05678788540332, -34.07191163339543], [-56.053777636216836, -34.06706142320144], [-56.047910607095154, -34.06442860468893], [-56.04628306701846, -34.06249252470449], [-56.047328953544756, -34.05767776542941], [-56.04933959550526, -34.05526227107873], [-56.03239808525546, -34.05693777554462], [-56.02482456792075, -34.05190658725087], [-56.01957381032383, -34.051258502387846], [-56.0157418923215, -34.05453175008005], [-56.01164129984648, -34.05565286676377], [-56.00834412720096, -34.05462334109158], [-56.0032855039315, -34.04946821501398], [-55.998812804194245, -34.04749192691344], [-55.9775544423901, -34.04240015505466], [-55.97558094752061, -34.03756232029175], [-55.9706154431096, -34.03756931088306], [-55.96873972505749, -34.036934883852034], [-55.968128102774216, -34.03524741545918], [-55.948481976291085, -34.0401386612081], [-55.945478383999365, -34.04162412606674], [-55.94264541394004, -34.04518376564884], [-55.93814459708842, -34.044930536595224], [-55.935758839127566, -34.041014598391634], [-55.92768968098752, -34.04110936656068], [-55.92159157314879, -34.0450341452222], [-55.917796303190066, -34.04966250713923], [-55.90301998758669, -34.04423294170488], [-55.89971990273222, -34.04505008372167], [-55.89465522679464, -34.04406228362667], [-55.89286188817131, -34.03836077603603], [-55.890477461501916, -34.03670954544279], [-55.8789618952953, -34.037213382582536], [-55.87575478970564, -34.03548788500956], [-55.87595418565445, -34.03086049642943], [-55.87496113778728, -34.02978728683996], [-55.870521648201915, -34.02853840457829], [-55.868450893793515, -34.026041999740116], [-55.86526981430332, -34.02586980823243], [-55.85800444161026, -34.02243060798939], [-55.85472553601734, -34.017225117872435], [-55.85164732741365, -34.014994879243694], [-55.84698221784359, -34.01441819446841], [-55.84381226024992, -34.01093149034214], [-55.83378059758162, -34.011033846598465], [-55.8319912511812, -34.00326514397143], [-55.82768918455581, -33.99979026702318], [-55.82232415386881, -33.99896548531525], [-55.81858999426737, -34.00091158633749], [-55.81839555167353, -34.00235876824242], [-55.80264072945531, -34.00514525059323], [-55.80152547660569, -34.00682328289723], [-55.79904444071877, -34.00690593951568], [-55.78981578086186, -34.00021079751522], [-55.78544923005835, -34.001780726563204], [-55.77850340932857, -33.999134878326785], [-55.769472683490505, -33.998249703458974], [-55.766694780744196, -33.99904959716125], [-55.761436064415825, -33.997725645422584], [-55.75687457995637, -33.99152530391146], [-55.74923667450176, -33.987637788273986], [-55.74447475142823, -33.98672656912722], [-55.74129966231789, -33.9868903975817], [-55.73171939709787, -33.99084266619939], [-55.73127377128754, -33.992918734633996], [-55.72849477460617, -33.99374366116792], [-55.724329036597126, -33.991757544673796], [-55.72314043465114, -33.98944257813578], [-55.718082141519595, -33.98737303709665], [-55.717533311649305, -33.979440526575075], [-55.7118430548646, -33.976045514242294], [-55.69953943614396, -33.97785441218025], [-55.69636238701727, -33.97983540626191], [-55.689912042070354, -33.981152223323164], [-55.67841317411819, -33.97436400066477], [-55.676427311763625, -33.975601791029554], [-55.67364994213608, -33.97535101710412], [-55.67086346689394, -33.981133707080645], [-55.66491039864906, -33.981375268991], [-55.661936858660255, -33.979636294736515], [-55.655216220414026, -33.9790905811661], [-55.652311610724695, -33.97670323951724], [-55.64641861140515, -33.97634088297881], [-55.63748130340482, -33.96426412892627], [-55.63276828025848, -33.96122327998619], [-55.628664554083706, -33.96143133569852], [-55.62179704088082, -33.95877170784393], [-55.618980179308444, -33.9568442993441], [-55.617322446628826, -33.95155610480186], [-55.610833575894326, -33.9499202296262], [-55.60872869667554, -33.94698421413051], [-55.60773190054931, -33.942596969296304], [-55.60501065399585, -33.939194658860565], [-55.60424609135156, -33.93322591845039], [-55.58996513093608, -33.918024090018555], [-55.589210741234, -33.90842283351283], [-55.591705823170685, -33.906091948332204], [-55.59093392297821, -33.90362578062758], [-55.58323569683237, -33.89464236911204], [-55.5858030646027, -33.89272354268177], [-55.58658118281106, -33.88896373833117], [-55.5828865621123, -33.88674700496977], [-55.581338030572624, -33.88401993962076], [-55.581736587659684, -33.87955235583476], [-55.58023652174516, -33.87829814926764], [-55.58114075617926, -33.87669990571564], [-55.57202035647439, -33.87209791904127], [-55.553531382258164, -33.87077789711643], [-55.54795959171078, -33.86242100677946], [-55.54033873586025, -33.86279437830449], [-55.53270453307621, -33.86090638807749], [-55.52913632181118, -33.85521410492672], [-55.51968763239753, -33.853278838155084], [-55.51115263801267, -33.85602808782008], [-55.50890020892941, -33.85555264327554], [-55.50701427598867, -33.85277003947774], [-55.50455926062784, -33.85165292560687], [-55.494219393900195, -33.84949068372063], [-55.48704287242121, -33.85383486391863]]]}}, {"id": "39", "type": "Feature", "properties": {"codcuenca": 61, "area": 2570, "nombre_cue": "RÍO SANTA LUCÍA CHICO", "cabecera": 61}, "geometry": {"type": "Polygon", "coordinates": [[[-55.884224316418326, -33.73671311972708], [-55.87290836176935, -33.73674919350759], [-55.8688310263296, -33.73872452387623], [-55.865350742762196, -33.73840169571055], [-55.862606414397916, -33.74043178253976], [-55.857244497889575, -33.74841601908502], [-55.86037048700819, -33.755778573626], [-55.85253761127725, -33.76050081069798], [-55.84314913294023, -33.75950276271954], [-55.84105648946976, -33.760086573158496], [-55.83985969247238, -33.76268215558295], [-55.82590018268422, -33.76239732982177], [-55.820962740162535, -33.76492883676362], [-55.81452562224879, -33.76524030450761], [-55.80473118508648, -33.781469281459394], [-55.798093797193786, -33.78479016382443], [-55.7891615866842, -33.785436612173136], [-55.78082064468151, -33.79076308598917], [-55.77209858628763, -33.79129361972963], [-55.7704855248201, -33.800625685572754], [-55.75354538971174, -33.80225946559759], [-55.74853678765194, -33.80514671106648], [-55.74261077146407, -33.79940336043841], [-55.73698162538736, -33.79757023274221], [-55.72871381490575, -33.801307710694395], [-55.71974085099786, -33.798517011256074], [-55.71849648241569, -33.79714341001577], [-55.71609680054266, -33.79737175920396], [-55.71127437917267, -33.80084609748137], [-55.70753221675867, -33.799506853838814], [-55.703991224027035, -33.80241611611079], [-55.7058328477908, -33.80428951383691], [-55.705042776410956, -33.81061102753165], [-55.69086566504285, -33.81710104629921], [-55.68815132201951, -33.81606253535967], [-55.68458841618214, -33.816792903729166], [-55.679405727799754, -33.820476734256616], [-55.67295349947268, -33.83221482821468], [-55.67264788283917, -33.836624037384034], [-55.6750363276682, -33.83958002884943], [-55.666538121821425, -33.843672157059856], [-55.66555235005977, -33.847473903886126], [-55.662182193070215, -33.84902241104816], [-55.6607085069238, -33.852335629627724], [-55.65282061234922, -33.85835833865418], [-55.652418143311756, -33.860437812647675], [-55.64917305175269, -33.86272183431547], [-55.648921241146276, -33.86413589444531], [-55.651658622646856, -33.867134351799784], [-55.652360647764574, -33.87171194570757], [-55.649291175817886, -33.87318559361856], [-55.647632617623195, -33.875673182205794], [-55.64554809847106, -33.87501068598496], [-55.6287796915866, -33.88047770405458], [-55.62672431381004, -33.88320441876397], [-55.62626973319714, -33.88637260873487], [-55.62228638087891, -33.887250460893924], [-55.61499539695362, -33.886867396793264], [-55.61246886370696, -33.885374247394495], [-55.60802225912498, -33.88616216654018], [-55.60209454476357, -33.88254665729303], [-55.588042512510576, -33.87708487061588], [-55.58114075617926, -33.876699905715675], [-55.58023652174515, -33.87829814926766], [-55.58173658765971, -33.87955235583478], [-55.581338030572624, -33.884019939620735], [-55.582886562112364, -33.886747004969784], [-55.58658118281107, -33.88896373833122], [-55.58580306460274, -33.8927235426818], [-55.5832356968324, -33.89464236911204], [-55.59093392297821, -33.90362578062756], [-55.59170582317072, -33.906091948332204], [-55.589210741234034, -33.90842283351285], [-55.58996513093612, -33.91802409001856], [-55.6042460913516, -33.93322591845039], [-55.60501065399589, -33.9391946588606], [-55.610833575894375, -33.94992022962622], [-55.61732244662885, -33.95155610480189], [-55.61898017930845, -33.95684429934415], [-55.62179704088085, -33.958771707843965], [-55.62866455408371, -33.96143133569857], [-55.63276828025852, -33.96122327998621], [-55.637481303404854, -33.96426412892632], [-55.64641861140516, -33.976340882978825], [-55.65231161072472, -33.97670323951722], [-55.655216220414054, -33.979090581166105], [-55.66193685866026, -33.97963629473655], [-55.66491039864905, -33.98137526899099], [-55.67086346689399, -33.981133707080645], [-55.6736499421361, -33.975351017104146], [-55.67642731176362, -33.9756017910296], [-55.6784131741182, -33.97436400066477], [-55.689912042070354, -33.98115222332316], [-55.69636238701731, -33.97983540626195], [-55.699539436143944, -33.97785441218027], [-55.711843054864644, -33.97604551424231], [-55.717533311649284, -33.97944052657511], [-55.718082141519616, -33.98737303709665], [-55.72314043465117, -33.98944257813578], [-55.72432903659712, -33.991757544673796], [-55.728494774606204, -33.99374366116793], [-55.73127377128757, -33.992918734634024], [-55.7317193970979, -33.99084266619937], [-55.7412996623179, -33.98689039758169], [-55.744474751428235, -33.986726569127235], [-55.749236674501745, -33.98763778827402], [-55.756874579956374, -33.991525303911494], [-55.76143606441586, -33.997725645422626], [-55.76669478074422, -33.999049597161296], [-55.769472683490534, -33.998249703459024], [-55.77850340932858, -33.99913487832681], [-55.785449230058376, -34.00178072656324], [-55.78981578086188, -34.000210797515265], [-55.79904444071877, -34.00690593951568], [-55.80152547660568, -34.00682328289727], [-55.8026407294553, -34.00514525059325], [-55.818395551673575, -34.00235876824246], [-55.818589994267384, -34.00091158633753], [-55.822324153868806, -33.99896548531526], [-55.82768918455581, -33.99979026702318], [-55.83199125118121, -34.00326514397141], [-55.833780597581665, -34.011033846598494], [-55.84381226024996, -34.01093149034214], [-55.84698221784361, -34.01441819446842], [-55.85164732741369, -34.01499487924371], [-55.854725536017376, -34.017225117872435], [-55.85800444161026, -34.02243060798945], [-55.865269814303296, -34.02586980823242], [-55.86845089379354, -34.026041999740166], [-55.870521648201894, -34.02853840457829], [-55.874961137787274, -34.02978728683999], [-55.875954185654486, -34.03086049642949], [-55.875754789705645, -34.035487885009566], [-55.87896189529531, -34.03721338258254], [-55.89047746150195, -34.03670954544279], [-55.89286188817136, -34.038360776036065], [-55.89465522679462, -34.04406228362672], [-55.899719902732244, -34.045050083721705], [-55.90301998758671, -34.044232941704905], [-55.91779630319004, -34.049662507139274], [-55.92159157314882, -34.04503414522226], [-55.9276896809875, -34.04110936656068], [-55.93575883912755, -34.04101459839167], [-55.93814459708842, -34.044930536595274], [-55.942645413940035, -34.04518376564884], [-55.945478383999436, -34.041624126066765], [-55.948481976291085, -34.0401386612081], [-55.96812810277423, -34.0352474154592], [-55.96873972505746, -34.03693488385208], [-55.97061544310957, -34.03756931088309], [-55.97558094752065, -34.03756232029176], [-55.977554442390144, -34.042400155054686], [-55.998812804194245, -34.04749192691344], [-56.00328550393154, -34.04946821501396], [-56.00834412720096, -34.0546233410916], [-56.011641299846474, -34.0556528667638], [-56.015741892321536, -34.05453175008004], [-56.01957381032382, -34.051258502387896], [-56.024824567920746, -34.0519065872509], [-56.0323980852555, -34.05693777554467], [-56.04933959550531, -34.0552622710787], [-56.04732895354476, -34.05767776542944], [-56.04628306701847, -34.062492524704496], [-56.047910607095176, -34.06442860468896], [-56.05377763621688, -34.06706142320145], [-56.056787885403345, -34.07191163339545], [-56.06067176190047, -34.07289386343819], [-56.065114412109146, -34.069780749485645], [-56.07127656776833, -34.07338806886225], [-56.08381905575061, -34.07800991843053], [-56.08630191252647, -34.08178423458428], [-56.09825105223742, -34.090268698551476], [-56.09880974813896, -34.09230679421214], [-56.11578843305344, -34.102864216930904], [-56.11231254522876, -34.10519326143725], [-56.113175641563586, -34.110234311077676], [-56.111470938735515, -34.111229044629454], [-56.11061736084707, -34.114899745388236], [-56.108185804792555, -34.11793163139598], [-56.109397202251394, -34.12313546522852], [-56.11149409209451, -34.12585757563024], [-56.11409239119685, -34.125162219385636], [-56.12014160009079, -34.126248580226225], [-56.12164261644825, -34.128972066706325], [-56.12661872503652, -34.13077720345847], [-56.142461830356744, -34.14089981514974], [-56.14412369005967, -34.146279387196735], [-56.14330829712565, -34.149554268835715], [-56.14410129488508, -34.1528924557796], [-56.146495034031, -34.15493872683402], [-56.15458043002649, -34.15759843166866], [-56.157793709473715, -34.16288722923445], [-56.16225460673171, -34.162311978955664], [-56.164204055295144, -34.167110923944826], [-56.165237032317634, -34.16710785426816], [-56.16585841780538, -34.16481624444774], [-56.17564090970813, -34.161484709558195], [-56.18823449364543, -34.16481851008157], [-56.192724432081924, -34.17053830019937], [-56.1911157955487, -34.17369155468974], [-56.19180148933015, -34.17571315627312], [-56.186001197303575, -34.17932938394283], [-56.18725413892113, -34.18708328426731], [-56.190382893803175, -34.19078364069596], [-56.194037963250246, -34.1912216861147], [-56.20028389423681, -34.19592362515785], [-56.2070609549663, -34.19837483507878], [-56.208969915325305, -34.20140415451967], [-56.217233922395586, -34.2034001029693], [-56.22079234391939, -34.2114830495479], [-56.22718396434586, -34.21764470448339], [-56.23287971113599, -34.21974279242443], [-56.235548901199834, -34.225123750001174], [-56.23604000266837, -34.229081560643024], [-56.238891808914424, -34.23087029018091], [-56.251210334201176, -34.232842656041115], [-56.2574208979541, -34.23027769551964], [-56.25884073939699, -34.2402414907349], [-56.2650028076947, -34.24485986661895], [-56.26588253765273, -34.24814799673992], [-56.263306034848824, -34.250852934690286], [-56.257901737541495, -34.252517292564185], [-56.25720273315298, -34.258107040943614], [-56.258636496855644, -34.26747301894679], [-56.26158263552249, -34.27132957149729], [-56.26554232785133, -34.273288429300614], [-56.2798933063389, -34.277558073610415], [-56.28020700202985, -34.27882890290303], [-56.277631019765444, -34.28043325647924], [-56.279213570503146, -34.28538314942698], [-56.28459686290519, -34.29822397534998], [-56.28753851403388, -34.30091062158857], [-56.30596504773825, -34.30677403397578], [-56.31355180861048, -34.30661525738747], [-56.32752328192907, -34.3137310697558], [-56.33240538302078, -34.32273695390988], [-56.339747664013956, -34.32940013523988], [-56.33848486518205, -34.33436598012942], [-56.33595357763919, -34.33645767219003], [-56.33587258038382, -34.34099489557743], [-56.337888805871934, -34.344786881089554], [-56.3359060726662, -34.35147031022064], [-56.343637969561975, -34.351537750703535], [-56.34706102702285, -34.3492273677855], [-56.3538686400011, -34.338279771103224], [-56.35855262899916, -34.333956379218954], [-56.358006709011434, -34.32966572888912], [-56.36080658058245, -34.32702935250424], [-56.361538308522185, -34.319672771034746], [-56.36448400456813, -34.31809225757621], [-56.365495766164955, -34.31465307184569], [-56.3815927773019, -34.306373012765334], [-56.383302570369416, -34.30287235980496], [-56.39021168800407, -34.302533027664985], [-56.39476266104293, -34.29425196595461], [-56.39093466440067, -34.286098363014034], [-56.38645782835558, -34.28159632304556], [-56.387622352747826, -34.27971715568487], [-56.38205790033308, -34.274665075260074], [-56.38225535372847, -34.27292538136086], [-56.38370638239996, -34.27074503342014], [-56.39092724383597, -34.26728286650959], [-56.39183375539191, -34.262556780806825], [-56.38620865520851, -34.25000189227215], [-56.389083541268796, -34.245941982263005], [-56.387931389668, -34.24184104061217], [-56.390186523911986, -34.2389816219951], [-56.39322089359309, -34.23879310180419], [-56.39529787615414, -34.23643570285064], [-56.39128143417911, -34.2308910854423], [-56.396436146800305, -34.22800428954133], [-56.3983103634608, -34.2238300074632], [-56.401532674828644, -34.22177954608889], [-56.404644733706206, -34.21143865446412], [-56.40396107389738, -34.203617548322704], [-56.40204680474338, -34.19928002329608], [-56.40294759752183, -34.19353764053407], [-56.39727303325072, -34.19000090405446], [-56.39827744141787, -34.18408416329792], [-56.402823901233745, -34.17615046208707], [-56.4065713756224, -34.17361076321176], [-56.410048149564226, -34.16255226012424], [-56.413839783781015, -34.1603767264266], [-56.40841482498668, -34.15461441401854], [-56.40925555700547, -34.14999885071587], [-56.40329803851815, -34.14580525376263], [-56.40005153260379, -34.13912789469997], [-56.39230800050979, -34.13820915972521], [-56.39218525675761, -34.135601561707134], [-56.38368693358258, -34.12812812159174], [-56.37456999728237, -34.12812149082629], [-56.37056919490125, -34.1222158148227], [-56.37179689747305, -34.11675477123338], [-56.37020500419749, -34.115053271599194], [-56.36609860678264, -34.115466629535455], [-56.36395154010221, -34.11343897033371], [-56.36652978382903, -34.10902339456727], [-56.365965742868916, -34.10738281850182], [-56.36295716846141, -34.10647646508475], [-56.358591102512804, -34.10178839318941], [-56.35999724840569, -34.097405696516304], [-56.35421416304865, -34.09064160395244], [-56.35675066025252, -34.08850816005538], [-56.356863589405016, -34.08627957302466], [-56.35967375754981, -34.087009496219025], [-56.36183448486529, -34.08593864671502], [-56.36355148187261, -34.0756391911562], [-56.36899827672227, -34.06685586895531], [-56.3682920547892, -34.061233477390864], [-56.370457063264354, -34.055513039852045], [-56.36636413249851, -34.045792509908374], [-56.36816976666915, -34.04166616856272], [-56.37121921773901, -34.040272744217894], [-56.37209422731031, -34.03772228652648], [-56.369258659144535, -34.03296096451286], [-56.370395844873016, -34.03160370344093], [-56.37478700474731, -34.031269348703674], [-56.37907968921626, -34.02607402890761], [-56.381661624733724, -34.02038315301959], [-56.38220808916314, -34.01477327131312], [-56.38479021761612, -34.012092527405635], [-56.383992398387484, -34.007215719569466], [-56.38550947536747, -34.005510907149976], [-56.38851292785072, -34.00500813107755], [-56.39488040891471, -33.99497065591633], [-56.400052028041635, -33.9901624160049], [-56.39976449643186, -33.98549540790671], [-56.39814547443179, -33.982894101896996], [-56.40476449487911, -33.9746679677547], [-56.40429917435214, -33.971590733565314], [-56.406349990871, -33.96891172768236], [-56.40560978070377, -33.96562600137279], [-56.411823246396274, -33.965902391964406], [-56.41868879125796, -33.96057422409503], [-56.438291818070866, -33.959837523088744], [-56.442991993111036, -33.9569643258785], [-56.45206438086717, -33.96110830428203], [-56.45828458759752, -33.960156620406906], [-56.45528948922227, -33.95188796813189], [-56.45717251221198, -33.94792691909326], [-56.45653421671476, -33.94550122407317], [-56.45812569871745, -33.94053067360776], [-56.45149773842915, -33.93504612738246], [-56.446074188272675, -33.92817893149697], [-56.448960308771795, -33.92159164522434], [-56.44809646070785, -33.909494521002784], [-56.45211988135199, -33.90310721134252], [-56.44992786551221, -33.89929914849552], [-56.44723885343911, -33.897479230914854], [-56.43910207830967, -33.89787036826335], [-56.43043326546962, -33.895580802044556], [-56.426832108069064, -33.89029409527659], [-56.427674920434576, -33.8843565049798], [-56.424941994250624, -33.88256402937372], [-56.410226481774345, -33.88386764393419], [-56.401908770641114, -33.8875096869476], [-56.39933589244417, -33.88693410896821], [-56.395113230075694, -33.88450967916933], [-56.391247459732384, -33.87537879883692], [-56.38095646070723, -33.87286521151029], [-56.38226096145061, -33.865260466593064], [-56.37749091346972, -33.85573367767706], [-56.37378670010425, -33.853310613916484], [-56.367753383151864, -33.85217498999093], [-56.364687343226, -33.84954189427246], [-56.356278196127974, -33.849370082182574], [-56.35101725145448, -33.85235346799542], [-56.3470683922111, -33.851310026632234], [-56.34628650471627, -33.84834261076795], [-56.34411606605968, -33.84697287024009], [-56.341073701789156, -33.84712081364356], [-56.33684358806769, -33.84307893834088], [-56.33708594145629, -33.84116802576709], [-56.33426887603333, -33.837997168491434], [-56.335405791182524, -33.833728755895464], [-56.333184333107425, -33.82490795725482], [-56.3288419505301, -33.82390881089569], [-56.322367491690805, -33.82442270286348], [-56.32485569529442, -33.81529054767377], [-56.324411734109745, -33.81296078630233], [-56.31905085950226, -33.81162926639666], [-56.313738589845244, -33.806728176662574], [-56.31604860147348, -33.79784030756183], [-56.31524927583366, -33.79341791033573], [-56.3131895541695, -33.791942433033284], [-56.310278299626525, -33.79078644524929], [-56.306214257272224, -33.79155266770642], [-56.305254077334986, -33.7883086896712], [-56.299570901641474, -33.78552933022098], [-56.29342299447475, -33.786277074541545], [-56.2854696900615, -33.784871241052926], [-56.277560216462035, -33.791717745689276], [-56.27416529173961, -33.79361275819324], [-56.27056095665764, -33.79346820474986], [-56.26259591602909, -33.78251509000239], [-56.254685870539085, -33.781841958698394], [-56.251390241149416, -33.77836432058766], [-56.240735390676306, -33.776202184039406], [-56.23424111920512, -33.780525210410495], [-56.23292798153381, -33.7801343882834], [-56.228603591669, -33.77399977891878], [-56.22160536215678, -33.770667521667235], [-56.21370962763563, -33.763743018762604], [-56.203640632194144, -33.76382221538431], [-56.20050935609977, -33.76006584726463], [-56.196958414213476, -33.75837339304426], [-56.185511173140306, -33.74352272472953], [-56.187223839093555, -33.741030573494136], [-56.181011537431665, -33.73830962152676], [-56.172054072687594, -33.740466582282615], [-56.162752284632326, -33.7445104417314], [-56.16173014741654, -33.74559777537406], [-56.16162623943205, -33.75339903416146], [-56.154970743961464, -33.75652830767307], [-56.150454952654705, -33.7549269619076], [-56.14684167750373, -33.758578670154755], [-56.13618614618672, -33.757567381172436], [-56.130232074323914, -33.75166044153856], [-56.12571865033305, -33.75072109544272], [-56.124372780925384, -33.75148034724736], [-56.11290765317254, -33.7478621645423], [-56.10512995081534, -33.74975615561398], [-56.10043275854574, -33.74896966583645], [-56.093676641439, -33.75964880882449], [-56.0874725298338, -33.75719089682712], [-56.08175508597097, -33.75851074771741], [-56.07448162440631, -33.75696211999764], [-56.07089901869738, -33.7546787780979], [-56.06596733543196, -33.7569315210639], [-56.06114109564742, -33.756582619610555], [-56.052174558813235, -33.75937917047046], [-56.040633447370794, -33.75841839840617], [-56.02662649512393, -33.76327212697648], [-56.019556490371635, -33.76008840761018], [-56.00816755175761, -33.760412568168555], [-56.001442098983375, -33.757322724944984], [-55.98604079617688, -33.7643608113558], [-55.98171119681169, -33.76475478174796], [-55.97365935986973, -33.76965121471541], [-55.96888619323899, -33.77071497552643], [-55.963454816841214, -33.767871535149986], [-55.9623828046768, -33.76154679075899], [-55.95941706285949, -33.759191333204804], [-55.95849769698706, -33.75679513906829], [-55.96019010460806, -33.75212556836146], [-55.956166056266284, -33.75019311676493], [-55.94974254512834, -33.74991835852484], [-55.92600070901293, -33.7441607091496], [-55.91993324521206, -33.74397665723806], [-55.91735211538032, -33.74048156839468], [-55.913918864591125, -33.740518280285116], [-55.90951860372766, -33.74255143457791], [-55.90413347930709, -33.741707595498035], [-55.90203465600245, -33.73870310052228], [-55.90066151641514, -33.73295810520855], [-55.89028941344603, -33.72911478635341], [-55.884224316418326, -33.73671311972708]]]}}, {"id": "40", "type": "Feature", "properties": {"codcuenca": 62, "area": 667, "nombre_cue": "RÍO SANTA LUCÍA entre Río Santa Lucía Chico y Ao. Canelón Grande", "cabecera": 60}, "geometry": {"type": "Polygon", "coordinates": [[[-56.438291818070866, -33.959837523088744], [-56.41868879125796, -33.96057422409503], [-56.411823246396274, -33.965902391964406], [-56.40560978070377, -33.96562600137279], [-56.406349990871, -33.96891172768236], [-56.40429917435214, -33.971590733565314], [-56.40476449487911, -33.9746679677547], [-56.39814547443179, -33.982894101896996], [-56.39976449643186, -33.98549540790671], [-56.400052028041635, -33.9901624160049], [-56.39488040891471, -33.99497065591633], [-56.38851292785072, -34.00500813107755], [-56.38550947536747, -34.005510907149976], [-56.383992398387484, -34.007215719569466], [-56.38479021761612, -34.012092527405635], [-56.38220808916314, -34.01477327131312], [-56.381661624733724, -34.02038315301959], [-56.37907968921626, -34.02607402890761], [-56.37478700474731, -34.031269348703674], [-56.370395844873016, -34.03160370344093], [-56.369258659144535, -34.03296096451286], [-56.37209422731031, -34.03772228652648], [-56.37121921773901, -34.040272744217894], [-56.36816976666915, -34.04166616856272], [-56.36636413249851, -34.045792509908374], [-56.370457063264354, -34.055513039852045], [-56.3682920547892, -34.061233477390864], [-56.36899827672227, -34.06685586895531], [-56.36355148187261, -34.0756391911562], [-56.36183448486529, -34.08593864671502], [-56.35967375754981, -34.087009496219025], [-56.356863589405016, -34.08627957302466], [-56.35675066025252, -34.08850816005538], [-56.35421416304865, -34.09064160395244], [-56.35999724840569, -34.097405696516304], [-56.358591102512804, -34.10178839318941], [-56.36295716846141, -34.10647646508475], [-56.365965742868916, -34.10738281850182], [-56.36652978382903, -34.10902339456727], [-56.36395154010221, -34.11343897033371], [-56.36609860678264, -34.115466629535455], [-56.37020500419749, -34.115053271599194], [-56.37179689747305, -34.11675477123338], [-56.37056919490125, -34.1222158148227], [-56.37456999728237, -34.12812149082629], [-56.38368693358258, -34.12812812159174], [-56.39218525675761, -34.135601561707134], [-56.39230800050979, -34.13820915972521], [-56.40005153260379, -34.13912789469997], [-56.40329803851815, -34.14580525376263], [-56.40925555700547, -34.14999885071587], [-56.40841482498668, -34.15461441401854], [-56.413839783781015, -34.1603767264266], [-56.410048149564226, -34.16255226012424], [-56.4065713756224, -34.17361076321176], [-56.402823901233745, -34.17615046208707], [-56.39827744141787, -34.18408416329792], [-56.39727303325072, -34.19000090405446], [-56.40294759752183, -34.19353764053407], [-56.40204680474338, -34.19928002329608], [-56.40396107389738, -34.203617548322704], [-56.404644733706206, -34.21143865446412], [-56.401532674828644, -34.22177954608889], [-56.3983103634608, -34.2238300074632], [-56.396436146800305, -34.22800428954133], [-56.39128143417911, -34.2308910854423], [-56.39529787615414, -34.23643570285064], [-56.39322089359309, -34.23879310180419], [-56.390186523911986, -34.2389816219951], [-56.387931389668, -34.24184104061217], [-56.389083541268796, -34.245941982263005], [-56.38620865520851, -34.25000189227215], [-56.39183375539191, -34.262556780806825], [-56.39092724383597, -34.26728286650959], [-56.38370638239996, -34.27074503342014], [-56.38225535372847, -34.27292538136086], [-56.38205790033308, -34.274665075260074], [-56.387622352747826, -34.27971715568487], [-56.38645782835558, -34.28159632304556], [-56.39093466440067, -34.286098363014034], [-56.39476266104293, -34.29425196595461], [-56.39021168800407, -34.302533027664985], [-56.383302570369416, -34.30287235980496], [-56.3815927773019, -34.306373012765334], [-56.365495766164955, -34.31465307184569], [-56.36448400456813, -34.31809225757621], [-56.361538308522185, -34.319672771034746], [-56.36080658058245, -34.32702935250424], [-56.358006709011434, -34.32966572888912], [-56.35855262899916, -34.333956379218954], [-56.3538686400011, -34.338279771103224], [-56.34706102702285, -34.3492273677855], [-56.343637969561975, -34.351537750703535], [-56.33811539334886, -34.35220003787382], [-56.32376908768279, -34.36007490451461], [-56.31626884120328, -34.36672349121358], [-56.3144942832212, -34.37103192368881], [-56.31898333703433, -34.382511883448906], [-56.31746465981767, -34.39118689311655], [-56.31379773018006, -34.395962627354024], [-56.30997745869574, -34.39729179136136], [-56.304492761275974, -34.40162703343314], [-56.29949528483793, -34.42043392847176], [-56.30502053620147, -34.42148855598746], [-56.306103025556645, -34.42020916437565], [-56.30876364718896, -34.42019812608054], [-56.314926702370265, -34.424320160388014], [-56.31620481115172, -34.42883606922584], [-56.31485213797333, -34.43465647605307], [-56.31870286237699, -34.43758550112059], [-56.32564608487822, -34.4389216565927], [-56.32941483217993, -34.44120361744146], [-56.32880944151194, -34.442640736192615], [-56.33082906055991, -34.448228408045225], [-56.33512247335557, -34.45253473576454], [-56.344137427927585, -34.45393105114097], [-56.34646071634363, -34.45709978282597], [-56.352021855472366, -34.45933012377408], [-56.36362379603389, -34.45788420333886], [-56.36724454522396, -34.459900154725545], [-56.377049378317054, -34.461238679915965], [-56.38186954973772, -34.46635271289579], [-56.385383769455416, -34.468245644576264], [-56.3852651504427, -34.471252554258356], [-56.389624114379906, -34.47368338423861], [-56.39140213544729, -34.47931090841597], [-56.39037910271391, -34.48190280192373], [-56.391464399239915, -34.488132755177055], [-56.390281984540614, -34.49085807983197], [-56.39014346014769, -34.50167542790538], [-56.38785136307251, -34.50550978455837], [-56.3905799733881, -34.508617430339385], [-56.40167385861238, -34.50928042923946], [-56.406685916977786, -34.51707767795743], [-56.411499642462864, -34.5208238916416], [-56.41371260702614, -34.519266354293016], [-56.431844662412814, -34.51680216289675], [-56.43493514342119, -34.51173293795115], [-56.43431027037956, -34.50961934013929], [-56.436195681467, -34.501343757815334], [-56.43920946398553, -34.49739673941824], [-56.438807326131936, -34.49256033101825], [-56.444364662206375, -34.486987020478544], [-56.44410020617765, -34.47935142756943], [-56.44622798934377, -34.47218283101126], [-56.45474983255636, -34.46321042447768], [-56.457190630998674, -34.46151647660596], [-56.46266522863396, -34.46128531583389], [-56.46803415792996, -34.46307054056208], [-56.47459271978026, -34.461421680000754], [-56.482262628295736, -34.461782322340646], [-56.48714108051775, -34.46306542897352], [-56.49093603823584, -34.46576570296907], [-56.49794588850541, -34.45987933785295], [-56.50499965404482, -34.459334848418465], [-56.50579549804435, -34.452677293565436], [-56.50891571795164, -34.44751831082203], [-56.51482314025449, -34.440785760299896], [-56.52003078601542, -34.43828032332123], [-56.52071517818936, -34.42682149636789], [-56.52558606511658, -34.422126227616836], [-56.52218662696031, -34.415622306162106], [-56.52170255993261, -34.40803228632261], [-56.51997940753074, -34.403906830609046], [-56.522449404571795, -34.40211861329121], [-56.51644637613834, -34.38890787381731], [-56.5199264249946, -34.37128349630264], [-56.522442983560225, -34.365082960702104], [-56.51907153326483, -34.35461920594709], [-56.52024724332136, -34.34997530829126], [-56.517766044119895, -34.341809737636964], [-56.51407245588266, -34.338418995505066], [-56.508093084221855, -34.337503168022245], [-56.50651155175169, -34.33523711619063], [-56.50750343926937, -34.32999015519762], [-56.50582555057368, -34.32829135335322], [-56.50542411069463, -34.32058411688823], [-56.5074646732364, -34.31750886133043], [-56.50838067472006, -34.31183964920205], [-56.50556228213178, -34.308932576306255], [-56.508977366786674, -34.29611062972997], [-56.50657062226257, -34.289540000807484], [-56.50695257890265, -34.28789548316476], [-56.512054349465465, -34.286516300054735], [-56.51074728581548, -34.28426043742713], [-56.51070388434055, -34.27408946758416], [-56.50827335538603, -34.27010694397213], [-56.514779465520874, -34.26412164802875], [-56.51904230938626, -34.25510469565839], [-56.520576774680585, -34.24593699785761], [-56.526693455159446, -34.24431331397365], [-56.5268672044591, -34.24152033337794], [-56.53180420580834, -34.240803206976345], [-56.52449272294812, -34.22595965712889], [-56.518775895671375, -34.22213382375117], [-56.51899770870393, -34.21762547166341], [-56.52245511632406, -34.21588617683991], [-56.52549085889317, -34.20977679867998], [-56.52751165734682, -34.20871635939566], [-56.52834859102088, -34.20436467313888], [-56.52405989102462, -34.19955731386599], [-56.523653134275214, -34.19441262004144], [-56.51896906177082, -34.18566997813359], [-56.51943541108311, -34.183449495451626], [-56.514943873740975, -34.17805948035867], [-56.51491589117779, -34.17245329451895], [-56.50893947258761, -34.16893824566432], [-56.5036046455271, -34.162974379425634], [-56.498470451356845, -34.160953146337], [-56.49960588400293, -34.15209679082149], [-56.489437037368994, -34.14894400336105], [-56.48023703113912, -34.14077971296338], [-56.48155124234553, -34.13326202341418], [-56.48004170485676, -34.126415450351175], [-56.48188243416072, -34.12154900634304], [-56.47839973401313, -34.11786933886164], [-56.48050302136793, -34.1092763492956], [-56.48014732269856, -34.10800548615179], [-56.47259748263544, -34.1047826717328], [-56.472826072679354, -34.098106750268194], [-56.470179048318094, -34.090077836715274], [-56.47160827782909, -34.086944961761276], [-56.47058480476669, -34.07841327071582], [-56.46701886226728, -34.073360762468575], [-56.467473359443936, -34.06952755147105], [-56.465851321776725, -34.06624436211408], [-56.45735808328387, -34.061618147136514], [-56.46074780845505, -34.05071034305235], [-56.45667919705674, -34.042788655763395], [-56.45649260918531, -34.03881609798535], [-56.4507642050405, -34.03524304698252], [-56.45290487028114, -34.031413143859226], [-56.45219373893703, -34.02870697446376], [-56.446990680158265, -34.02540861857447], [-56.447256620822394, -34.02146547755927], [-56.443916083016056, -34.01390548002658], [-56.43600790992906, -34.008603686123486], [-56.43674914405353, -33.99438558439208], [-56.43922036733492, -33.988741669116415], [-56.44840266722418, -33.983033936961846], [-56.44971533968747, -33.98060755750646], [-56.4460072136557, -33.97887323535907], [-56.44238941434024, -33.97357877070088], [-56.438510622799456, -33.970988373343765], [-56.44035935277205, -33.96384124859457], [-56.438291818070866, -33.959837523088744]]]}}, {"id": "41", "type": "Feature", "properties": {"codcuenca": 63, "area": 724, "nombre_cue": "Ao. CANELÓN GRANDE", "cabecera": 63}, "geometry": {"type": "Polygon", "coordinates": [[[-56.22023349005535, -34.41149498567411], [-56.21622366222998, -34.41650099644233], [-56.20998425904307, -34.41592716367278], [-56.201308880926476, -34.412010084902136], [-56.19742481915459, -34.41439027594379], [-56.195997243057185, -34.41751009532947], [-56.17907323379403, -34.420012771719335], [-56.177486204384486, -34.420959624248695], [-56.174952757264634, -34.42633649687848], [-56.171263055400715, -34.42738389101877], [-56.16836050220313, -34.4264978214374], [-56.16624058537831, -34.429481849932024], [-56.16681327155469, -34.43150602663758], [-56.163789695333705, -34.434094146015276], [-56.161063387842155, -34.433586574432596], [-56.15229010857385, -34.42686835221893], [-56.14240802646401, -34.42388322298771], [-56.13539637893963, -34.42411788031135], [-56.130191849698505, -34.42959754629416], [-56.127738251943896, -34.4304753998981], [-56.11556849794849, -34.428811907126786], [-56.104510317972895, -34.430009848495885], [-56.09680573074157, -34.42702208757935], [-56.09485412526566, -34.421563518368224], [-56.09198122374026, -34.421742124636026], [-56.08681108175061, -34.41773050611202], [-56.07892082548801, -34.415578813877126], [-56.0764207951438, -34.418741181648585], [-56.076474999773275, -34.42519573566193], [-56.07169475361401, -34.42965669781465], [-56.068492874950806, -34.430165969389066], [-56.05962950758589, -34.425364056201424], [-56.050034827995844, -34.42475263608191], [-56.046932023520895, -34.4294939751632], [-56.04321487346864, -34.43151022594365], [-56.03896565755617, -34.42805120185787], [-56.02597543119688, -34.4280278910077], [-56.018106777720114, -34.43191629774004], [-56.015781197294714, -34.4366554566405], [-56.01344112614021, -34.43579864854283], [-56.00069248336796, -34.439743616962915], [-55.99086642460236, -34.44596633151976], [-55.98245778448816, -34.442736123005105], [-55.97911590032133, -34.43582280655377], [-55.97180842905915, -34.43500977460108], [-55.96205506018949, -34.43165493612545], [-55.95422385179355, -34.433711062020976], [-55.95239281795801, -34.43764103401745], [-55.9558319019651, -34.442606003276985], [-55.96463842744432, -34.44324559274027], [-55.965615886626935, -34.44745959369688], [-55.97301629986937, -34.452467580384486], [-55.97350901853645, -34.456381102322034], [-55.97654587106237, -34.4600902429384], [-55.977280721331425, -34.463802665577944], [-55.97498193825771, -34.47053946516395], [-55.97317869243414, -34.47243988372561], [-55.975970574784434, -34.47464391073732], [-55.97851509213158, -34.4744394922348], [-55.97924522184928, -34.475843523400506], [-55.97778355340765, -34.477694179324196], [-55.97801843908994, -34.48117901868773], [-55.98291806664864, -34.48508083544491], [-55.98365999653171, -34.48780586607436], [-55.99208835471827, -34.49085969195684], [-55.998018652636, -34.497114115162425], [-55.99942788409169, -34.503211626602585], [-56.00271443100979, -34.508726221805695], [-56.003333048026924, -34.51384373837905], [-56.015112062182226, -34.52094937240191], [-56.02676228824686, -34.52454138137102], [-56.03160767484301, -34.52272574931343], [-56.037916177566764, -34.52381762112775], [-56.04057229114155, -34.52133221462888], [-56.04394010622004, -34.52168044005164], [-56.05678577098412, -34.53609497769949], [-56.05749501085787, -34.54204400419191], [-56.06320708448712, -34.54574525415329], [-56.06888056360942, -34.54534695081232], [-56.07133148704849, -34.546424746996024], [-56.074875348510254, -34.55314639264669], [-56.08731018860036, -34.55514457872927], [-56.090427638475916, -34.56053722378534], [-56.09474152488823, -34.56030517818988], [-56.09505705134761, -34.56243218534393], [-56.09046838233799, -34.57207198996279], [-56.09121121170508, -34.577460498700304], [-56.090257549425814, -34.58141300720825], [-56.09123668448062, -34.58381936759651], [-56.09780041662855, -34.58691475440003], [-56.10131774136869, -34.586404310334544], [-56.10813937285814, -34.59137834602035], [-56.108152981283496, -34.595063959046065], [-56.10634018905187, -34.59923814087042], [-56.114269138818784, -34.60985632435324], [-56.11257843163549, -34.612168985991914], [-56.113206847936524, -34.617887985263785], [-56.11179403075971, -34.62963389483612], [-56.11023137154146, -34.633853055261255], [-56.105579650383184, -34.63777771010803], [-56.10159785967354, -34.63875510707422], [-56.098917278965494, -34.64511938957151], [-56.09993559685843, -34.64926320686479], [-56.098999816100246, -34.652582557162305], [-56.10029316783256, -34.65566607843853], [-56.10244926923831, -34.65666379570387], [-56.10706381512767, -34.66237544956102], [-56.113702676852064, -34.663418159696896], [-56.11913572950196, -34.6761823874648], [-56.11672524623767, -34.68120670103439], [-56.10729117704453, -34.69257157836621], [-56.103326236405586, -34.70482546132166], [-56.1050817400078, -34.707228810734456], [-56.11489511987988, -34.71055698560044], [-56.11839018209937, -34.70916039674753], [-56.121758995043585, -34.71134843140095], [-56.12539625148442, -34.7105293937417], [-56.13184386517, -34.71224638537575], [-56.14304193858256, -34.71140599433499], [-56.15192953383446, -34.718519700238744], [-56.1578556773836, -34.72116200073145], [-56.163685067764945, -34.72973175617194], [-56.16753634189663, -34.72514669906374], [-56.170137324086895, -34.71740191806625], [-56.18084366428389, -34.71514455950268], [-56.182082344848894, -34.70760590029273], [-56.185436688354805, -34.704804244253395], [-56.18751411255412, -34.69994139110312], [-56.18763362044688, -34.695547244811905], [-56.191943293808656, -34.68917405748635], [-56.205403720334424, -34.68120063240825], [-56.20926852325875, -34.68042452955321], [-56.20852795979868, -34.67431951431073], [-56.21087510782432, -34.66900900395731], [-56.21339011470235, -34.66701869653807], [-56.221198080109225, -34.66454774138785], [-56.23003343558187, -34.665111111747144], [-56.23714288525361, -34.65988266427576], [-56.23945628210773, -34.652856003547654], [-56.242848057878035, -34.649573169090864], [-56.24667331273114, -34.648453559070624], [-56.24873293311251, -34.645568816331945], [-56.25133864859762, -34.645270178264546], [-56.26026094839995, -34.639909921665385], [-56.26025034828706, -34.63719136555041], [-56.257873409126795, -34.63330634503922], [-56.26211879171815, -34.621749566973975], [-56.2748180477059, -34.614089346264855], [-56.27687551851187, -34.609667614565176], [-56.29018467245691, -34.6076845284049], [-56.289117199374154, -34.60272805319272], [-56.30251005744313, -34.59601386949182], [-56.30945644814909, -34.597372266712405], [-56.31377459707916, -34.59547182748039], [-56.3191711101347, -34.596349895207965], [-56.32546829748113, -34.59187122346099], [-56.32817471723423, -34.58871570461214], [-56.32801213633061, -34.58704369034435], [-56.331870157335985, -34.58351724125771], [-56.327080504849576, -34.5764405864613], [-56.32732443303992, -34.57510354432935], [-56.33104083315952, -34.57279023467076], [-56.335160151699725, -34.56120953887672], [-56.33815689177793, -34.55643590556837], [-56.338595163499015, -34.553970737411866], [-56.33532862089792, -34.54412993804433], [-56.338213315693004, -34.53384900230362], [-56.348241714737625, -34.53131963628262], [-56.349061761633635, -34.52854088863523], [-56.35769007261727, -34.52683113367394], [-56.35866360061337, -34.522831589353814], [-56.367874880147454, -34.52151720621039], [-56.36919902959546, -34.519887344418045], [-56.3748419323287, -34.519612381501986], [-56.38016096255304, -34.514541721501985], [-56.3905799733881, -34.508617430339385], [-56.38785136307251, -34.50550978455837], [-56.39014346014769, -34.50167542790538], [-56.390281984540614, -34.49085807983197], [-56.391464399239915, -34.488132755177055], [-56.39037910271391, -34.48190280192373], [-56.39140213544729, -34.47931090841597], [-56.389624114379906, -34.47368338423861], [-56.3852651504427, -34.471252554258356], [-56.385383769455416, -34.468245644576264], [-56.38186954973772, -34.46635271289579], [-56.377049378317054, -34.461238679915965], [-56.36724454522396, -34.459900154725545], [-56.36362379603389, -34.45788420333886], [-56.352021855472366, -34.45933012377408], [-56.34646071634363, -34.45709978282597], [-56.344137427927585, -34.45393105114097], [-56.33512247335557, -34.45253473576454], [-56.33082906055991, -34.448228408045225], [-56.32880944151194, -34.442640736192615], [-56.32941483217993, -34.44120361744146], [-56.32564608487822, -34.4389216565927], [-56.31870286237699, -34.43758550112059], [-56.31485213797333, -34.43465647605307], [-56.31620481115172, -34.42883606922584], [-56.314926702370265, -34.424320160388014], [-56.30876364718896, -34.42019812608054], [-56.306103025556645, -34.42020916437565], [-56.30502053620147, -34.42148855598746], [-56.29949528483793, -34.42043392847176], [-56.29639142827763, -34.423078080651614], [-56.288607359457984, -34.423439104229736], [-56.28106484565236, -34.426294820774295], [-56.2792978755885, -34.42540691646606], [-56.27876865284759, -34.422300590065], [-56.274630808026735, -34.41752396811132], [-56.27231056056823, -34.416603296969285], [-56.25640214501239, -34.41927815425109], [-56.253053846129156, -34.4244560585526], [-56.24959090322526, -34.424468837481975], [-56.247202198156145, -34.41775747405322], [-56.24069753151327, -34.412520204213486], [-56.229100857890415, -34.41306363275105], [-56.22023349005535, -34.41149498567411]]]}}, {"id": "42", "type": "Feature", "properties": {"codcuenca": 64, "area": 145, "nombre_cue": "RÍO SANTA LUCÍA entre Ao. Canelón Grande y Río San José", "cabecera": 60}, "geometry": {"type": "Polygon", "coordinates": [[[-56.45714446388725, -34.461516724802856], [-56.446181816258566, -34.472183075133756], [-56.44405402912428, -34.47935167093222], [-56.44431848094778, -34.48698726398818], [-56.43876114175087, -34.492560572461706], [-56.439163276941414, -34.49739698104318], [-56.436149492219016, -34.50134399832499], [-56.43426407654936, -34.50961957998624], [-56.43488894843027, -34.51173317804717], [-56.431844662412814, -34.51680216289675], [-56.41371260702614, -34.519266354293016], [-56.411499642462864, -34.5208238916416], [-56.406685916977786, -34.51707767795743], [-56.40167385861238, -34.50928042923946], [-56.3905799733881, -34.508617430339385], [-56.38016096255304, -34.514541721501985], [-56.3748419323287, -34.519612381501986], [-56.36919902959546, -34.519887344418045], [-56.367874880147454, -34.52151720621039], [-56.35866360061337, -34.522831589353814], [-56.35769007261727, -34.52683113367394], [-56.349061761633635, -34.52854088863523], [-56.348241714737625, -34.53131963628262], [-56.338213315693004, -34.53384900230362], [-56.33532862089792, -34.54412993804433], [-56.338595163499015, -34.553970737411866], [-56.33815689177793, -34.55643590556837], [-56.335160151699725, -34.56120953887672], [-56.33104083315952, -34.57279023467076], [-56.32732443303992, -34.57510354432935], [-56.327080504849576, -34.5764405864613], [-56.331870157335985, -34.58351724125771], [-56.32801213633061, -34.58704369034435], [-56.331666267158546, -34.59318535490635], [-56.335368534446054, -34.59600815970226], [-56.34375429390503, -34.59790990149328], [-56.34678728963089, -34.60073533529662], [-56.34773793414525, -34.60523190202251], [-56.35234328149984, -34.60881331373358], [-56.35924826679248, -34.606899098479936], [-56.36089022808507, -34.608906996565594], [-56.3681239046895, -34.60839176521284], [-56.3774570442378, -34.60597447879241], [-56.38337893158299, -34.60838758801289], [-56.39409957434636, -34.607002035119564], [-56.39543094932553, -34.60506369731194], [-56.39531044308526, -34.598097921153204], [-56.4002388308205, -34.59432715885547], [-56.413042141623094, -34.593594469507565], [-56.41423419171155, -34.58843465627916], [-56.42200473832145, -34.57981708802998], [-56.42339804178642, -34.575076302340406], [-56.42863520355522, -34.57351017699483], [-56.42591486764003, -34.56821407042162], [-56.42302545115999, -34.56648993116652], [-56.42444243878315, -34.563645503375106], [-56.42672551736895, -34.562655272173174], [-56.426964967823025, -34.55646257934425], [-56.43083298649925, -34.54782403371302], [-56.43485824035495, -34.546411708096535], [-56.43907703724138, -34.5483377471411], [-56.45180295635478, -34.56288079615957], [-56.457403976203445, -34.56284805233533], [-56.46857166255907, -34.567676565497756], [-56.4724591025575, -34.577759362406766], [-56.4852800061272, -34.584125816037584], [-56.493498189516636, -34.59221361621067], [-56.496800994779896, -34.57096527752305], [-56.49287115647211, -34.564640707289094], [-56.494850161084734, -34.555226045739225], [-56.494206111108994, -34.552241608007314], [-56.50291702995201, -34.54802821571729], [-56.502876260151695, -34.54561502562653], [-56.50446624664055, -34.543649887061], [-56.502379386866856, -34.536751219661724], [-56.503270211009635, -34.53444099484043], [-56.50171480675096, -34.53115029139614], [-56.502604091167875, -34.52706265091996], [-56.50511912396549, -34.525016804278195], [-56.505270933393305, -34.51460699883649], [-56.50163899671609, -34.508090733953935], [-56.50708310598416, -34.50226423466844], [-56.50698455796361, -34.49634895788555], [-56.49030016566482, -34.48544825704174], [-56.49319421896557, -34.48041087411906], [-56.49603606517884, -34.478179178713745], [-56.49727298045367, -34.473196051328266], [-56.493084006090506, -34.47123944067205], [-56.49088986910601, -34.46576596393829], [-56.487094912837655, -34.463065688491675], [-56.482216461274845, -34.46178258000796], [-56.47454655288447, -34.46142193476914], [-56.46798799006442, -34.46307079286407], [-56.46261906170072, -34.46128556609687], [-56.45714446388725, -34.461516724802856]]]}}, {"id": "43", "type": "Feature", "properties": {"codcuenca": 65, "area": 3567, "nombre_cue": "RÍO SAN JOSÉ", "cabecera": 65}, "geometry": {"type": "Polygon", "coordinates": [[[-56.88803343924339, -33.69719569521047], [-56.8773978322576, -33.6975272959134], [-56.87116674766729, -33.70444975063258], [-56.862532910382, -33.70535804128585], [-56.86049930631535, -33.707206487985474], [-56.86204016822645, -33.71163503183138], [-56.85669529363002, -33.71739781383731], [-56.849877213662296, -33.7159370296112], [-56.836358906644044, -33.72117904045425], [-56.827641915931295, -33.720108606901064], [-56.82432513327111, -33.7279134141748], [-56.821640699129176, -33.7297733098337], [-56.81987836044265, -33.73853657030159], [-56.81085841786413, -33.735378394853136], [-56.801626207373815, -33.73383562020799], [-56.79802847174795, -33.730225215147684], [-56.79691288276047, -33.72600047526232], [-56.791839769479694, -33.7254471155848], [-56.789150317183086, -33.72346322356157], [-56.78382770539725, -33.72439706086209], [-56.77000411721761, -33.71896436780649], [-56.766633786073186, -33.71858894328018], [-56.75740774024917, -33.72259924920999], [-56.73635628545768, -33.71577862732441], [-56.73087981760896, -33.71893966113632], [-56.72546624305117, -33.71994044389148], [-56.72276357129481, -33.72464562608105], [-56.724165511144, -33.735872185357685], [-56.72248533662466, -33.73978289786707], [-56.72126605098421, -33.755639525948894], [-56.71705507460569, -33.76457480287028], [-56.70846681585192, -33.7658099830389], [-56.70474224201191, -33.76919655419202], [-56.70368832698448, -33.77371737030557], [-56.672578896657065, -33.77837610400227], [-56.66895790986718, -33.77961536360745], [-56.66483984814198, -33.78563697381369], [-56.65696750808536, -33.78664154525632], [-56.650623226871815, -33.78343641118842], [-56.64434021179902, -33.784260457172074], [-56.64257829100882, -33.78665067012293], [-56.640082820295945, -33.79664178902512], [-56.63062098766727, -33.80298847652565], [-56.62643127888875, -33.808593360419906], [-56.626235568093705, -33.81561864452661], [-56.624934462572135, -33.81740210111303], [-56.618235680835255, -33.81894879414303], [-56.61345140791893, -33.821737771305116], [-56.605712052372574, -33.821788579108805], [-56.602691860872966, -33.82353024260604], [-56.59415149092273, -33.83367447281495], [-56.59518220131897, -33.83700551891031], [-56.59159676293996, -33.84249026187887], [-56.58591307462062, -33.8472297293301], [-56.57982932911507, -33.84927078112099], [-56.574117122974386, -33.85355151006442], [-56.57099467107614, -33.85460420307667], [-56.567040052998976, -33.853688028161116], [-56.564861106047545, -33.85739263416404], [-56.56033234277011, -33.858066590052815], [-56.557046966212006, -33.861777878901115], [-56.553843393569196, -33.86241256013537], [-56.55116051045426, -33.85873133481622], [-56.54594756250032, -33.858871746890365], [-56.5370968407303, -33.86548643723295], [-56.53077679836606, -33.868211260303426], [-56.52295325102763, -33.86818029289693], [-56.51652603882233, -33.86267250058705], [-56.513955216767705, -33.86265007574003], [-56.50845151580834, -33.869714554229596], [-56.50184323579926, -33.87468251774009], [-56.49737800574003, -33.87604915931613], [-56.48869191997391, -33.8757435077133], [-56.483345142194246, -33.88210921293435], [-56.483560337725166, -33.8842615574927], [-56.47528612756873, -33.885307491736086], [-56.47332697411559, -33.89042962020319], [-56.46512160330858, -33.89409365602477], [-56.46408173620194, -33.8977662713158], [-56.45637080183459, -33.90231112254144], [-56.452119881351955, -33.90310721134249], [-56.44809646070784, -33.90949452100274], [-56.44896030877179, -33.92159164522434], [-56.44607418827261, -33.92817893149693], [-56.451497738429076, -33.935046127382456], [-56.45812569871744, -33.94053067360774], [-56.4565342167147, -33.945501224073126], [-56.45717251221191, -33.94792691909321], [-56.45528948922222, -33.95188796813189], [-56.45828458759748, -33.960156620406906], [-56.45206438086717, -33.961108304282014], [-56.442991993111065, -33.956964325878474], [-56.43829181807082, -33.95983752308871], [-56.44035935277206, -33.96384124859457], [-56.43851062279945, -33.97098837334378], [-56.442389414340234, -33.97357877070088], [-56.44600721365567, -33.97887323535906], [-56.44971533968747, -33.980607557506445], [-56.44840266722413, -33.98303393696181], [-56.43922036733492, -33.988741669116415], [-56.43674914405351, -33.99438558439209], [-56.43600790992901, -34.00860368612345], [-56.443916083016056, -34.013905480026565], [-56.44725662082239, -34.02146547755923], [-56.44699068015825, -34.02540861857447], [-56.452193738937034, -34.02870697446376], [-56.45290487028112, -34.03141314385922], [-56.45076420504044, -34.035243046982494], [-56.45649260918525, -34.03881609798532], [-56.45667919705667, -34.042788655763395], [-56.46074780845503, -34.05071034305235], [-56.457358083283836, -34.061618147136514], [-56.46585132177666, -34.066244362114084], [-56.467473359443936, -34.06952755147105], [-56.467018862267246, -34.07336076246856], [-56.470584804766645, -34.078413270715814], [-56.471608277829056, -34.086944961761276], [-56.47017904831809, -34.090077836715274], [-56.472826072679354, -34.098106750268165], [-56.47259748263545, -34.10478267173273], [-56.480147322698514, -34.10800548615179], [-56.48050302136793, -34.10927634929556], [-56.47839973401314, -34.1178693388616], [-56.48188243416067, -34.12154900634302], [-56.4800417048567, -34.12641545035115], [-56.48155124234551, -34.13326202341418], [-56.480237031139126, -34.14077971296338], [-56.489437037369, -34.148944003361], [-56.499605884002875, -34.15209679082149], [-56.498470451356866, -34.160953146337], [-56.503604645527105, -34.16297437942561], [-56.50893947258761, -34.16893824566433], [-56.51491589117777, -34.17245329451897], [-56.51494387374099, -34.17805948035867], [-56.51943541108312, -34.18344949545156], [-56.51896906177082, -34.18566997813359], [-56.5236531342752, -34.194412620041426], [-56.52405989102461, -34.199557313865995], [-56.52834859102085, -34.20436467313886], [-56.52751165734679, -34.208716359395616], [-56.525490858893136, -34.209776798679975], [-56.52245511632406, -34.21588617683991], [-56.51899770870391, -34.21762547166343], [-56.518312607391294, -34.21996044993456], [-56.51877589567133, -34.22213382375116], [-56.524492722948075, -34.225959657128875], [-56.53180420580834, -34.2408032069763], [-56.52686720445906, -34.24152033337794], [-56.5266934551594, -34.244313313973635], [-56.52057677468055, -34.24593699785761], [-56.51904230938625, -34.25510469565839], [-56.51477946552084, -34.26412164802875], [-56.50827335538605, -34.27010694397213], [-56.51070388434053, -34.27408946758415], [-56.510747285815434, -34.2842604374271], [-56.512054349465416, -34.28651630005472], [-56.50695257890262, -34.28789548316473], [-56.506585744379386, -34.29134645893361], [-56.50897736678663, -34.29611062972997], [-56.5055622821318, -34.3089325763062], [-56.50838067472002, -34.31183964920205], [-56.50746467323634, -34.317508861330396], [-56.50542411069463, -34.32058411688823], [-56.50582555057364, -34.32829135335318], [-56.50750343926932, -34.3299901551976], [-56.50651155175163, -34.33523711619061], [-56.508093084221855, -34.33750316802222], [-56.51407245588266, -34.338418995505066], [-56.5177660441199, -34.34180973763695], [-56.52024724332132, -34.34997530829125], [-56.5190715332648, -34.35461920594709], [-56.52244298356019, -34.365082960702104], [-56.51992642499459, -34.37128349630264], [-56.51644637613836, -34.388907873817246], [-56.52244940457178, -34.40211861329122], [-56.51997940753074, -34.403906830609024], [-56.52170255993259, -34.40803228632258], [-56.52218662696028, -34.415622306162106], [-56.525586065116514, -34.42212622761681], [-56.52071517818936, -34.426821496367864], [-56.52003078601537, -34.43828032332121], [-56.51482314025449, -34.44078576029991], [-56.50891571795163, -34.44751831082203], [-56.50579549804429, -34.45267729356546], [-56.504999654044795, -34.45933484841843], [-56.49794588850538, -34.45987933785296], [-56.49093603823581, -34.46576570296907], [-56.487141080517745, -34.46306542897351], [-56.48223249875187, -34.461786798498714], [-56.48709491283767, -34.463065688491696], [-56.49088986910596, -34.46576596393829], [-56.49308400609044, -34.47123944067205], [-56.497272980453666, -34.47319605132824], [-56.49603606517882, -34.478179178713695], [-56.49319421896554, -34.48041087411905], [-56.4903001656648, -34.48544825704176], [-56.506984557963605, -34.49634895788553], [-56.50745768810705, -34.50057182478453], [-56.50407844357941, -34.506435020106984], [-56.50163899671604, -34.508090733953935], [-56.505270933393305, -34.514606998836456], [-56.50511912396546, -34.525016804278195], [-56.50260409116785, -34.52706265091996], [-56.50171480675091, -34.53115029139614], [-56.503270211009585, -34.53444099484039], [-56.5023793868668, -34.53675121966168], [-56.50446624664056, -34.543649887061], [-56.5028762601517, -34.54561502562655], [-56.502917029951966, -34.54802821571726], [-56.494206111108966, -34.5522416080073], [-56.49485016108471, -34.55522604573922], [-56.492871156472084, -34.56464070728907], [-56.49680099477988, -34.57096527752303], [-56.49349818951666, -34.59221361621067], [-56.5070331694995, -34.5892986632756], [-56.50928138529948, -34.58980254075467], [-56.50984957354694, -34.59207549917991], [-56.51531308464279, -34.593127021461314], [-56.52068531272139, -34.59238054507384], [-56.52216305795248, -34.59666100410616], [-56.527265285274545, -34.600921025761906], [-56.52984252874043, -34.607745683039504], [-56.53904326719739, -34.61286804338559], [-56.54366034288425, -34.61113182134395], [-56.54620820307033, -34.61448671212007], [-56.56055439118891, -34.62302247866512], [-56.56598193185305, -34.62286681063672], [-56.57196155784108, -34.62755939549587], [-56.58618616952732, -34.63257473176989], [-56.590921394405726, -34.638690181952356], [-56.59228303559057, -34.64314219359548], [-56.59445227053222, -34.64421850994308], [-56.59721650863973, -34.644795249096184], [-56.60088882343303, -34.64001294974686], [-56.60626272439667, -34.638201562115775], [-56.61822220049374, -34.63801430026052], [-56.62050856273239, -34.63492602979016], [-56.63171399586499, -34.628109299178725], [-56.634050692957004, -34.62585418294024], [-56.63402846391754, -34.62319706183958], [-56.63954734037929, -34.620026112239884], [-56.64392968394426, -34.62273081778889], [-56.64812685624705, -34.62039181999423], [-56.65525456994929, -34.611102505716374], [-56.6691442876631, -34.60350949384292], [-56.67655779036388, -34.6019820605287], [-56.67909784064299, -34.603315314578495], [-56.69082246410145, -34.60200160948932], [-56.69256726359411, -34.59842573828867], [-56.70015716387312, -34.59712958480035], [-56.70411044432805, -34.59416330213825], [-56.70377872598138, -34.59097123835752], [-56.70639803637471, -34.58591429412351], [-56.71109522768352, -34.580718931188315], [-56.71458880922977, -34.57418088260243], [-56.72879125255865, -34.56903611264031], [-56.73065489353198, -34.56300146415399], [-56.72623791593056, -34.55308286407621], [-56.72782354983399, -34.54877048851791], [-56.73164980407129, -34.54566968279734], [-56.736087532283264, -34.5441613397739], [-56.74366235621127, -34.54434876524808], [-56.74843435622912, -34.54615478962945], [-56.75733298086214, -34.54522527645848], [-56.762160471160136, -34.53892114043848], [-56.75901460126817, -34.536488556292085], [-56.760562968269404, -34.529104386262176], [-56.758284235502394, -34.52457621625791], [-56.762039043136454, -34.51545454645582], [-56.758807525736906, -34.49250377875747], [-56.75696180746233, -34.486834516109056], [-56.76224021396344, -34.48129584637329], [-56.760412032331075, -34.477132725646584], [-56.756484409149934, -34.47399792942572], [-56.75752138889849, -34.457865134067234], [-56.76194837954918, -34.45586448633948], [-56.764408984702456, -34.45056176686785], [-56.764401064003096, -34.44552457005596], [-56.76068369475843, -34.43609262391121], [-56.7584927643445, -34.42603458496949], [-56.76108273799173, -34.419133603643154], [-56.75849520808807, -34.41325619832796], [-56.7615688574248, -34.40979174017985], [-56.76282130818031, -34.40265547872584], [-56.76576171265727, -34.40054352433573], [-56.76733695326529, -34.39573917867873], [-56.76619376840395, -34.39289595395983], [-56.763575735583544, -34.3908530830257], [-56.76499338211149, -34.388924222538314], [-56.765154540204186, -34.385437927003316], [-56.76734693712848, -34.38260979635522], [-56.76623915308178, -34.37840231990235], [-56.761848809197915, -34.374308511916574], [-56.75602206311231, -34.36495546600116], [-56.757339085105514, -34.36224751441732], [-56.75635684875049, -34.35413565292391], [-56.76419992982634, -34.34927621459922], [-56.76723075478599, -34.341963166515214], [-56.77232146848876, -34.33970842015795], [-56.77528169343325, -34.3359941707696], [-56.780272420603985, -34.3347548370118], [-56.782581006539004, -34.33242964250292], [-56.79363499741052, -34.32843066348891], [-56.80524778067869, -34.322163577179325], [-56.811801905492935, -34.32065824172873], [-56.812856209926764, -34.315851615601616], [-56.82299477536396, -34.30829368122741], [-56.82195505886759, -34.305072994891425], [-56.82306330892104, -34.30245526077834], [-56.827456390133946, -34.30032132545784], [-56.82863198116634, -34.29643621847308], [-56.82703530063841, -34.29312797734422], [-56.82766292358321, -34.289893342802905], [-56.83329104489801, -34.286524365675476], [-56.83528240798347, -34.28305996516501], [-56.838587553306574, -34.28334247939747], [-56.84155542363269, -34.28064152167206], [-56.84209863236047, -34.27776435859599], [-56.84560019703541, -34.27516327472534], [-56.846468680503015, -34.27349504058409], [-56.84463011599433, -34.268620530438476], [-56.8464872226919, -34.26602118477972], [-56.85630133551942, -34.26108526190348], [-56.8589099794781, -34.25579848527252], [-56.864341095484995, -34.254149417348124], [-56.86586281568917, -34.25146042508354], [-56.86265313200695, -34.24603672516278], [-56.86342060374286, -34.242808443318296], [-56.86773677906621, -34.241479174324084], [-56.86965233231179, -34.2348191742308], [-56.87273002600098, -34.231843267993504], [-56.87814540636137, -34.230039112156334], [-56.880238865243676, -34.22468192577956], [-56.88446882743446, -34.22125468263097], [-56.88353866469565, -34.215455115392395], [-56.90259646889727, -34.20945714079228], [-56.90479780717341, -34.201230613959694], [-56.918814162230404, -34.18983624996528], [-56.92043496479746, -34.183582233736566], [-56.918675121315005, -34.17631263678918], [-56.91891144714668, -34.17100802315605], [-56.92821623319977, -34.16858737356863], [-56.92813572978272, -34.16578556820529], [-56.93020209443239, -34.165155744015806], [-56.937667970739156, -34.15782888791421], [-56.94306882282812, -34.15705840452439], [-56.947610238967556, -34.15795190610333], [-56.94807143863061, -34.15370784785508], [-56.95726773226165, -34.14358215072622], [-56.95556088094832, -34.1370937894891], [-56.9602294431093, -34.1348786017072], [-56.96142875106974, -34.13225354117042], [-56.974719569492436, -34.133730134564026], [-56.98003091755226, -34.127283653561065], [-56.98783809997695, -34.12261764992118], [-56.98581561892649, -34.11491909115216], [-56.98642750073227, -34.111987664696635], [-56.9916043202877, -34.11150638278436], [-56.99571316584674, -34.108807123293765], [-57.00260919804547, -34.11062005323569], [-57.00641020625754, -34.10773289909192], [-57.00668268241447, -34.09987077232052], [-57.00881845657872, -34.09685537762724], [-57.01087368678327, -34.08364289085726], [-57.020886998123395, -34.07812720554749], [-57.027630304183624, -34.066962951156924], [-57.030760237164486, -34.066032384317204], [-57.03733053929401, -34.06052758720271], [-57.0370189114492, -34.05863855474185], [-57.04088678330997, -34.05430276091251], [-57.040548813421644, -34.0521516788382], [-57.04457523094244, -34.05067822790274], [-57.048000635385684, -34.04528234697616], [-57.04806607209998, -34.04264635290001], [-57.05046138289795, -34.04168532250496], [-57.058992672072705, -34.04220220211622], [-57.07012815990425, -34.03661979059806], [-57.073617519265696, -34.03593036657778], [-57.07946051899667, -34.036917218503675], [-57.0884612753747, -34.033495739988005], [-57.08589564180642, -34.02870654129381], [-57.08545813614469, -34.02324988904129], [-57.09005178137223, -34.014021710497005], [-57.09340440449906, -34.01347403211587], [-57.093563232371096, -34.01146193308518], [-57.100301184145735, -34.005471153795426], [-57.104687353744595, -34.0054247024095], [-57.111022642649914, -34.00244972013502], [-57.10761377277208, -33.998580635894875], [-57.10543579256595, -33.98614698184561], [-57.097639154991484, -33.97755699636037], [-57.09783915582252, -33.97203603494059], [-57.0930273984418, -33.96672551469132], [-57.08983087809683, -33.959437625170466], [-57.08542718939776, -33.95881842045265], [-57.08247351051265, -33.96009230821107], [-57.07252199168977, -33.95454444109016], [-57.06800539286143, -33.95468095834978], [-57.064561626051876, -33.9562331012607], [-57.058750114363356, -33.95382958640268], [-57.05663812520501, -33.950151596815275], [-57.05284374629209, -33.94913049132839], [-57.05385897864239, -33.941270837502785], [-57.05264209035188, -33.9389179755794], [-57.03338597649911, -33.9276611705341], [-57.03886973409911, -33.92193663943194], [-57.03618284016199, -33.91395186324214], [-57.040093262057354, -33.91006050289221], [-57.042693659768645, -33.90444521401314], [-57.04000000768175, -33.9008910572037], [-57.03998660347332, -33.88966116496375], [-57.042476198820175, -33.885671269216594], [-57.04613405286611, -33.88388247492717], [-57.04731403247797, -33.88164612138073], [-57.04153488277345, -33.87466097479032], [-57.03588089680243, -33.8714263933242], [-57.031412804108484, -33.86596267283967], [-57.028999287139094, -33.8549514559105], [-57.02335859654526, -33.8517908883401], [-57.016799214158524, -33.85117474609236], [-57.01491450473426, -33.8427048746645], [-57.01221021805982, -33.83881739744665], [-57.013157952095725, -33.833709046757804], [-57.01584868162585, -33.82999173268906], [-57.01772903548101, -33.82389830107369], [-57.0116303889427, -33.815266076931835], [-57.013191092211066, -33.812430182121965], [-57.012947722414694, -33.80634497922652], [-57.01610005003896, -33.80180982607135], [-57.01677363949741, -33.79734753988736], [-57.011097995819135, -33.790963355089815], [-57.00972928696796, -33.78610363965966], [-57.00054633661894, -33.7801348836996], [-56.97723665682587, -33.775208948530306], [-56.970146257450146, -33.771937927459035], [-56.963988099018096, -33.76341430654992], [-56.96186300775722, -33.76226727988747], [-56.95861739149141, -33.76126558843922], [-56.950925776225795, -33.761893357944366], [-56.94862761244917, -33.76064436184525], [-56.94388423603873, -33.75421727642732], [-56.93679698811701, -33.751980801903855], [-56.936466959548504, -33.748610309074806], [-56.93988857421876, -33.74119136481624], [-56.93971309170984, -33.737105316132656], [-56.93384353435271, -33.7352140393563], [-56.930781116078386, -33.731688193117705], [-56.92843886076663, -33.725259030874696], [-56.92198944733459, -33.72253876021621], [-56.9163228018528, -33.71786574269165], [-56.91863120329184, -33.71206500621608], [-56.912318775790865, -33.70326362741698], [-56.90819722729304, -33.7014538923878], [-56.904220655625245, -33.702123602170005], [-56.90124988392844, -33.70483535057143], [-56.88803343924339, -33.69719569521047]]]}}, {"id": "44", "type": "Feature", "properties": {"codcuenca": 66, "area": 369, "nombre_cue": "RÍO SANTA LUCÍA entre Río San José y Ao. Colorado", "cabecera": 60}, "geometry": {"type": "Polygon", "coordinates": [[[-56.42672551736895, -34.562655272173174], [-56.42444243878315, -34.563645503375106], [-56.42302545115999, -34.56648993116652], [-56.42591486764003, -34.56821407042162], [-56.42863520355522, -34.57351017699483], [-56.42339804178642, -34.575076302340406], [-56.42200473832145, -34.57981708802998], [-56.41423419171155, -34.58843465627916], [-56.413042141623094, -34.593594469507565], [-56.4002388308205, -34.59432715885547], [-56.39531044308526, -34.598097921153204], [-56.39543094932553, -34.60506369731194], [-56.39409957434636, -34.607002035119564], [-56.38337893158299, -34.60838758801289], [-56.3774570442378, -34.60597447879241], [-56.3681239046895, -34.60839176521284], [-56.36089022808507, -34.608906996565594], [-56.35924826679248, -34.606899098479936], [-56.35234328149984, -34.60881331373358], [-56.34773793414525, -34.60523190202251], [-56.34678728963089, -34.60073533529662], [-56.34375429390503, -34.59790990149328], [-56.335368534446054, -34.59600815970226], [-56.32817471723423, -34.58871570461214], [-56.3191711101347, -34.596349895207965], [-56.31377459707916, -34.59547182748039], [-56.30945644814909, -34.597372266712405], [-56.30251005744313, -34.59601386949182], [-56.289117199374154, -34.60272805319272], [-56.29018467245691, -34.6076845284049], [-56.289034375521105, -34.608347590947865], [-56.28585778665946, -34.60765413628147], [-56.27687551851187, -34.609667614565176], [-56.2748180477059, -34.614089346264855], [-56.26211879171815, -34.621749566973975], [-56.257873409126795, -34.63330634503922], [-56.26025034828706, -34.63719136555041], [-56.26026094839995, -34.639909921665385], [-56.273317310271366, -34.649860763696026], [-56.27767997885213, -34.64732436598231], [-56.283322538867864, -34.647777471120314], [-56.28906110841542, -34.65255744240506], [-56.29029858401435, -34.657005597141094], [-56.29711421680082, -34.659272215693036], [-56.300485406025686, -34.665835171566165], [-56.31288450715871, -34.668466156270114], [-56.315012400471744, -34.672523169847835], [-56.322524278850096, -34.67491189086559], [-56.32327151492559, -34.67597931523418], [-56.31999672378772, -34.6777904575269], [-56.31885481187439, -34.68076746532441], [-56.3251698642606, -34.683427316685986], [-56.329504658628764, -34.68814991261017], [-56.337646992170605, -34.69184113243164], [-56.33787402435277, -34.69530497126878], [-56.34158042171072, -34.698837902222145], [-56.34763107034477, -34.7009235654687], [-56.34375018402576, -34.70972877397246], [-56.343916520014645, -34.714466795584315], [-56.35027016536599, -34.71872289821331], [-56.353170198601774, -34.72763515671653], [-56.357459183760575, -34.72837525735636], [-56.36681204417459, -34.72704826781877], [-56.3729141090857, -34.73103201523716], [-56.37613191507578, -34.735663390857596], [-56.37709207371326, -34.74138660868224], [-56.371810341690725, -34.75578935652119], [-56.37218496553317, -34.75876836328836], [-56.37614044969958, -34.762368986507035], [-56.390660476847586, -34.760192893166426], [-56.394105250922614, -34.7569810801266], [-56.395700684433756, -34.750822847854735], [-56.407096803952356, -34.74944233363905], [-56.41051976422961, -34.747313022054875], [-56.41384647502432, -34.74300589317466], [-56.417995488091165, -34.74179679781501], [-56.421524993091566, -34.743296980624116], [-56.43662001112171, -34.74097480036362], [-56.43802269808525, -34.736215013279], [-56.441126040633065, -34.73428453678137], [-56.43915947241039, -34.72809028168021], [-56.44428119944499, -34.72459727397487], [-56.455725483384505, -34.729720812744745], [-56.46421575160349, -34.727027847575734], [-56.47074712061355, -34.72742134166887], [-56.47881531675919, -34.72499174316495], [-56.4845412128053, -34.72542109884292], [-56.490602992048316, -34.728476912056], [-56.49434382973832, -34.72825628944365], [-56.49499856367599, -34.72590214669153], [-56.49649732937257, -34.72551200216104], [-56.5023596935436, -34.72876950430494], [-56.50806954840038, -34.72763939387411], [-56.514834672253706, -34.72831535078681], [-56.516216700068405, -34.716922401369594], [-56.521517259164575, -34.71047328164228], [-56.52601481082936, -34.70836510121096], [-56.53037635355151, -34.70871468573363], [-56.534410678555936, -34.70190605476366], [-56.540971075043124, -34.69749399051749], [-56.545350845106185, -34.69751036014332], [-56.54880730687943, -34.691738089449984], [-56.554213561370645, -34.691108477772794], [-56.55639294638987, -34.687049472720346], [-56.555981283807334, -34.685281865088584], [-56.56348689810836, -34.68518738019751], [-56.56852930530874, -34.68364719015842], [-56.56794834578372, -34.67757990965697], [-56.56950371206278, -34.67548863330159], [-56.56946057754453, -34.67175251906813], [-56.575390842582486, -34.66212492076881], [-56.57415140058687, -34.653865562260606], [-56.57838815150431, -34.65335122443803], [-56.58387770612545, -34.65489384774769], [-56.58623800030876, -34.65702375827789], [-56.58963448076128, -34.65475757088616], [-56.592591349334825, -34.655664174383936], [-56.59642907958055, -34.65025253702667], [-56.597216508639725, -34.644795249096255], [-56.59228303559056, -34.6431421935955], [-56.590921394405775, -34.63869018195239], [-56.58618616952735, -34.632574731769935], [-56.57196155784108, -34.62755939549587], [-56.56598193185305, -34.62286681063671], [-56.56055439118892, -34.62302247866515], [-56.546208203070336, -34.61448671212005], [-56.54366034288424, -34.61113182134397], [-56.53904326719741, -34.61286804338562], [-56.534909187585725, -34.61128398334543], [-56.529842528740424, -34.607745683039546], [-56.527265285274545, -34.60092102576196], [-56.52216305795253, -34.59666100410614], [-56.52068531272138, -34.592380545073816], [-56.515313084642784, -34.593127021461335], [-56.50984957354695, -34.5920754991799], [-56.50928138529954, -34.58980254075469], [-56.50703316949949, -34.58929866327558], [-56.49245949784267, -34.59216505216165], [-56.4852800061272, -34.584125816037584], [-56.4724591025575, -34.577759362406766], [-56.46857166255907, -34.567676565497756], [-56.457403976203445, -34.56284805233533], [-56.45180295635478, -34.56288079615957], [-56.43907703724138, -34.5483377471411], [-56.43485824035495, -34.546411708096535], [-56.43083298649925, -34.54782403371302], [-56.426964967823025, -34.55646257934425], [-56.42672551736895, -34.562655272173174]]]}}, {"id": "45", "type": "Feature", "properties": {"codcuenca": 67, "area": 165, "nombre_cue": "Ao. COLORADO", "cabecera": 67}, "geometry": {"type": "Polygon", "coordinates": [[[-56.242848057878035, -34.649573169090864], [-56.23945628210773, -34.652856003547654], [-56.235474032290426, -34.661854276318735], [-56.23003343558187, -34.665111111747144], [-56.2177311380006, -34.66526680886267], [-56.21087510782432, -34.66900900395731], [-56.20852795979868, -34.67431951431073], [-56.20926852325875, -34.68042452955321], [-56.205403720334424, -34.68120063240825], [-56.191943293808656, -34.68917405748635], [-56.18763362044688, -34.695547244811905], [-56.18751411255412, -34.69994139110312], [-56.185436688354805, -34.704804244253395], [-56.182082344848894, -34.70760590029273], [-56.18084366428389, -34.71514455950268], [-56.170137324086895, -34.71740191806625], [-56.16753634189663, -34.72514669906374], [-56.163685067764945, -34.72973175617194], [-56.16612890441946, -34.73188165981759], [-56.16668451636461, -34.73487985058698], [-56.1740744462986, -34.73793341579892], [-56.17758520164388, -34.73764171482061], [-56.18277980413788, -34.74092239879785], [-56.183365631096436, -34.744522865686086], [-56.18520043055993, -34.74636521672832], [-56.18900601507321, -34.746118187487085], [-56.19165322158061, -34.749193198134364], [-56.19106282351697, -34.756542180602125], [-56.19208999196769, -34.75735099557013], [-56.20264221294946, -34.755559276513026], [-56.20899245899952, -34.75897400009106], [-56.21445854502315, -34.76515185358573], [-56.216435438214056, -34.76941519230563], [-56.22271773488523, -34.77281013439312], [-56.22601468306552, -34.776802010719926], [-56.22926217383877, -34.77507651790977], [-56.23932037806109, -34.77872221932084], [-56.243083600508335, -34.7777822003297], [-56.24876102953083, -34.77923658960652], [-56.25040932422105, -34.78022724903919], [-56.25198493691974, -34.785603838977394], [-56.26365367082636, -34.78823026380488], [-56.264068622707185, -34.78589539541161], [-56.26982564863742, -34.78370206792371], [-56.277374918846, -34.78345244027308], [-56.27973226191466, -34.7795678173729], [-56.282181993254696, -34.76811525838157], [-56.28422651819172, -34.7673085844098], [-56.287646770727974, -34.76814046717596], [-56.29547379821467, -34.76243909345754], [-56.30331060095529, -34.76565220170517], [-56.30650814708537, -34.764172601747326], [-56.30897686401718, -34.76051848390374], [-56.31006472517277, -34.75569760670108], [-56.31948152216186, -34.75392255466011], [-56.31842312622786, -34.74577082670597], [-56.324160685788094, -34.743846282853454], [-56.32492659170236, -34.74063209507175], [-56.32881156446684, -34.739897962692375], [-56.33110502738001, -34.74128073990986], [-56.339819841502035, -34.737287910608494], [-56.34130451865057, -34.73657196654966], [-56.34349068040867, -34.731795108041176], [-56.35104054424088, -34.72705676060557], [-56.353170198601774, -34.72763515671653], [-56.35027016536599, -34.71872289821331], [-56.343916520014645, -34.714466795584315], [-56.34375018402576, -34.70972877397246], [-56.34763107034477, -34.7009235654687], [-56.34158042171072, -34.698837902222145], [-56.33787402435277, -34.69530497126878], [-56.337646992170605, -34.69184113243164], [-56.329504658628764, -34.68814991261017], [-56.3251698642606, -34.683427316685986], [-56.31885481187439, -34.68076746532441], [-56.31999672378772, -34.6777904575269], [-56.32327151492559, -34.67597931523418], [-56.322524278850096, -34.67491189086559], [-56.315012400471744, -34.672523169847835], [-56.31288450715871, -34.668466156270114], [-56.300485406025686, -34.665835171566165], [-56.29711421680082, -34.659272215693036], [-56.29029858401435, -34.657005597141094], [-56.28906110841542, -34.65255744240506], [-56.283322538867864, -34.647777471120314], [-56.27767997885213, -34.64732436598231], [-56.273317310271366, -34.649860763696026], [-56.26026094839995, -34.639909921665385], [-56.25133864859762, -34.645270178264546], [-56.24873293311251, -34.645568816331945], [-56.24667331273114, -34.648453559070624], [-56.242848057878035, -34.649573169090864]]]}}, {"id": "46", "type": "Feature", "properties": {"codcuenca": 68, "area": 100, "nombre_cue": "RÍO SANTA LUCÍA entre Ao. Colorado y Río de la Plata", "cabecera": 60}, "geometry": {"type": "Polygon", "coordinates": [[[-56.35104054424093, -34.72705676060557], [-56.34349068040867, -34.731795108041176], [-56.34130451865057, -34.73657196654966], [-56.33110502738001, -34.74128073990986], [-56.32881156446684, -34.739897962692375], [-56.32492659170236, -34.74063209507175], [-56.324160685788094, -34.743846282853454], [-56.31842312622786, -34.74577082670597], [-56.31948152216186, -34.75392255466011], [-56.31006472517277, -34.75569760670108], [-56.30897686401718, -34.76051848390374], [-56.30650814708537, -34.764172601747326], [-56.30331060095529, -34.76565220170517], [-56.29547379821467, -34.76243909345754], [-56.287646770727974, -34.76814046717596], [-56.28422651819172, -34.7673085844098], [-56.282181993254696, -34.76811525838157], [-56.27884566305592, -34.78180257368683], [-56.27538605406049, -34.78411785967364], [-56.26982564863742, -34.78370206792371], [-56.264068622707185, -34.78589539541161], [-56.26482164794286, -34.79382590463144], [-56.26088311877448, -34.79551106717019], [-56.260891947933445, -34.79709770885468], [-56.26292262007942, -34.79817562136896], [-56.26901750007983, -34.80680196320605], [-56.27976461632728, -34.80459904919942], [-56.28483781714157, -34.80649964967278], [-56.28565646961943, -34.811769122024465], [-56.29453285708036, -34.81598064774733], [-56.293770043143645, -34.81855050068234], [-56.295273111646715, -34.82123868898121], [-56.30024692871537, -34.82322254900138], [-56.31031662929798, -34.83044597560648], [-56.3125632038481, -34.833442836950304], [-56.31244462753285, -34.83748365960721], [-56.31476395618454, -34.84206831421512], [-56.32084563906645, -34.84449478338269], [-56.327092372723456, -34.84393620563612], [-56.33439417338352, -34.84532398395263], [-56.34587271039093, -34.844346280651294], [-56.35252376019532, -34.84206966844532], [-56.35693032904258, -34.842963466040466], [-56.359483599171405, -34.84195343922372], [-56.364455588923654, -34.83616931198502], [-56.36512857586984, -34.8309051688617], [-56.36734334060263, -34.82897416994456], [-56.37310459390619, -34.82736050861515], [-56.37519285037033, -34.82183910547896], [-56.376602906570085, -34.82074682265996], [-56.383398915059146, -34.82238459137769], [-56.381618464174586, -34.813992175380655], [-56.385026694886164, -34.809132347557025], [-56.3902309583768, -34.806383547967606], [-56.39141493573558, -34.80052502890793], [-56.39879212225695, -34.78801019109133], [-56.40518135815952, -34.77141656517043], [-56.402669405758964, -34.76378852707116], [-56.394105250922614, -34.7569810801266], [-56.390660476847586, -34.760192893166426], [-56.37614044969958, -34.762368986507035], [-56.37418396886361, -34.76109680814531], [-56.37218496553317, -34.75876836328836], [-56.371810341690725, -34.75578935652119], [-56.37709207371326, -34.74138660868224], [-56.37613191507578, -34.735663390857596], [-56.3729141090857, -34.73103201523716], [-56.36681204417459, -34.72704826781877], [-56.357459183760575, -34.72837525735636], [-56.35104054424093, -34.72705676060557]]]}}]}