cuenca_n1,codcuenca,tipo_obra,volumen,departamento,uso,destino,lat,lon,estado,accion_solicitud,tipo_resolucion,curso,area_cuenca_ha,tipo_obra_agr
Río Uruguay,10,Represa Mediana,4097400.0,ARTIGAS,Otros usos agropecuarios,Abrevadero de ganado,-30.551231870022185,-56.90714163945258,Registrada,Nueva,Concesión,Cda. Zanja José Juan,875.0,Represa Mediana
Río Uruguay,10,Represa Mediana,2237000.0,ARTIGAS,Otros usos agropecuarios,Abrevadero de ganado,-30.768699089046773,-56.89500094320569,Registrada,Renovación,Concesión,Cda. del Sauce,720.0,Represa Mediana
Río Uruguay,10,Represa Chica,0.0,ARTIGAS,Riego,Arroz,-30.539454557101294,-56.60302815289879,Registrada,Renovación,Concesión,Cda. s/n,80.0,Represa Chica
Río Uruguay,10,Represa Mediana,2000000.0,ARTIGAS,Riego,Arroz,-30.378383672377165,-57.39826217982998,Registrada,Nueva,Concesión,Cda. Del Sauzal I,500.0,Represa Mediana
Río Uruguay,10,Represa Chica,648000.0,ARTIGAS,Riego,Arroz,-30.745597225457516,-56.85297064221824,Registrada,Nueva,Concesión,Cda. / Ao. Cuaro,150.0,Represa Chica
Río Uruguay,10,Represa Grande,7082000.0,ARTIGAS,Riego,Arroz,-30.262517684946168,-56.91739615577281,Registrada,Renovación,Concesión,Cda. sin nombre,1300.0,Represa Grande
Río Uruguay,10,Represa Chica,2963000.0,ARTIGAS,Riego,Arroz,-30.90636341990602,-56.563942052570965,Registrada,Renovación,Concesión,Cda. /A° Sarandí,341.0,Represa Chica
Río Uruguay,10,Represa Mediana,2753000.0,ARTIGAS,Riego,Arroz,-30.32016356950844,-56.75689879211755,Registrada,Renovación,Concesión,Cda. Grande/Ao. de la Raposa,795.0,Represa Mediana
Río Uruguay,10,Represa Grande,2801000.0,ARTIGAS,Riego,Arroz,-30.23752531450046,-56.64078666348033,Registrada,Nueva,Concesión,Cda. del Cerrito,1700.0,Represa Grande
Río Uruguay,10,Represa Chica,478000.0,ARTIGAS,Riego,Forraje/Pradera/Semillas,-30.27031675760388,-56.846822212270766,Registrada,Nueva,Concesión,Cda./Ao Yacot,400.0,Represa Chica
Río Uruguay,10,Represa Chica,2979000.0,ARTIGAS,Riego,Arroz,-30.302328530075975,-56.789989726047615,Registrada,Renovación,Concesión,Ao. Molles del Sauce,430.0,Represa Chica
Río Uruguay,10,Represa Mediana,1690000.0,ARTIGAS,Riego,Arroz,-30.145210731465752,-57.02400513579964,Registrada,Nueva,Autorización,Cda. sin nombre,730.0,Represa Mediana
Río Uruguay,10,Represa Chica,495000.0,ARTIGAS,Riego,Arroz,-30.75821,-56.67654,Registrada,Nueva,Concesión,Cañada,280.0,Represa Chica
Río Uruguay,10,Represa Mediana,145550.0,ARTIGAS,Riego,Arroz,-30.76647,-56.67929,Registrada,Nueva,Concesión,Cañada,870.0,Represa Mediana
Río Uruguay,10,Represa Chica,354200.0,ARTIGAS,Riego,Otros,-30.68331,-56.33579,Registrada,Nueva,Concesión,Cañada,335.0,Represa Chica
Río Uruguay,10,Represa Grande,2530000.0,ARTIGAS,Riego,Arroz,-30.25454,-56.73229,Registrada,Nueva,Concesión,Cda. s/n,980.0,Represa Grande
Río Uruguay,10,Represa Chica,1968310.0,ARTIGAS,Riego,Arroz,-30.47709,-57.37329,Registrada,Nueva,Concesión,Cda. s/n,390.0,Represa Chica
Río Uruguay,10,Represa Chica,1229050.0,ARTIGAS,Otros usos,Otros,-30.41438,-57.38311,Registrada,Nueva,Concesión,Cda. Del Potrero,340.0,Represa Chica
Río Uruguay,10,Represa Grande,1901000.0,ARTIGAS,Riego,Arroz,-30.19938,-56.77167,Registrada,Nueva,Concesión,Cda. s/n,1120.0,Represa Grande
Río Uruguay,10,Tajamar Grande,15113.0,ARTIGAS,Riego,Frutales,-30.46709,-56.64992,Registrada,Nueva,Permiso de uso,Cda. s/n,3.0,Tajamar Grande
Río Uruguay,10,Represa Grande,6255000.0,ARTIGAS,Riego,Arroz,-30.342760504823936,-57.114846135171426,Registrada,Cesión,Concesión,Cda. Del Sauce,1300.0,Represa Grande
Río Uruguay,10,Represa Chica,1905000.0,ARTIGAS,Riego,Arroz,-30.22085,-57.09978,Registrada,Nueva,Concesión,Cda. Honda,380.0,Represa Chica
Río Uruguay,10,Represa Grande,4389000.0,ARTIGAS,Riego,Arroz,-30.334305455756496,-57.14800607522629,Registrada,Renovación,Concesión,Cda. Del Sauce,3440.0,Represa Grande
Río Uruguay,10,Represa Grande,2062000.0,ARTIGAS,Riego,Arroz,-30.496581024197656,-57.39394283968195,Registrada,Renovación,Concesión,Cda. Cuatro Sauces,1380.0,Represa Grande
Río Uruguay,10,Represa Grande,6068000.0,ARTIGAS,Riego,Arroz,-30.78963837805076,-56.9756790639002,Registrada,Renovación,Concesión,Cda. Del Sauzal,2340.0,Represa Grande
Río Uruguay,10,Represa Chica,1211000.0,ARTIGAS,Riego,Arroz,-30.774805127549968,-57.00494762510061,Registrada,Renovación,Concesión,Cda. s/n,290.0,Represa Chica
Río Uruguay,10,Represa Grande,3017000.0,ARTIGAS,Riego,Arroz,-30.404386777351668,-56.773919910192475,Registrada,Nueva,Concesión,Ao. Sarandí,1200.0,Represa Grande
Río Uruguay,10,Represa Grande,2261000.0,ARTIGAS,Riego,Arroz,-30.330553467044076,-56.575308325700455,Registrada,Nueva,Concesión,Ao. De Lemos,1701.0,Represa Grande
Río Uruguay,10,Represa Chica,1650000.0,ARTIGAS,Riego,Arroz,-30.257688250049284,-57.03123343060724,Registrada,Nueva,Concesión,Cda. Del Sauzal,340.0,Represa Chica
Río Uruguay,10,Represa Grande,1460000.0,ARTIGAS,Riego,Arroz,-30.328108706380135,-57.395420554094,Registrada,Nueva,Concesión,Cda. Del Sauzal I,2500.0,Represa Grande
Río Uruguay,10,Represa Grande,6133920.0,ARTIGAS,Riego,Arroz,-30.894020123928442,-56.49557161610572,Registrada,Nueva,Concesión,Ao. Sarandí,2205.0,Represa Grande
Río Uruguay,10,Represa Mediana,1824950.0,ARTIGAS,Riego,Arroz,-30.45187753319879,-57.22959065577015,Registrada,Nueva,Concesión,Cda. s/n,531.0,Represa Mediana
Río Uruguay,10,Represa Mediana,2897405.0,ARTIGAS,Riego,Arroz,-30.49369554637756,-56.96429300587625,Registrada,Nueva,Concesión,Cda. Zanja De La Media Luna,755.0,Represa Mediana
Río Uruguay,10,Tajamar Chico,2655.0,ARTIGAS,Otros usos agropecuarios,Abrevadero de ganado,-30.91277952075903,-56.25318771635648,Registrada,Nueva,Permiso de uso,Cda. s/n,30.0,Tajamar Chico
Río Uruguay,10,Tajamar Chico,6917.0,ARTIGAS,Otros usos agropecuarios,Abrevadero de ganado,-30.606432399591647,-56.99347043177113,Registrada,Nueva,Permiso de uso,Cda. s/n,10.0,Tajamar Chico
Río Uruguay,10,Tajamar Chico,1375.0,ARTIGAS,Otros usos agropecuarios,Abrevadero de ganado,-30.790190674153322,-56.30761635373346,Registrada,Nueva,Permiso de uso,Cda. s/n,20.0,Tajamar Chico
Río Uruguay,10,Represa Chica,1498500.0,ARTIGAS,Riego,Arroz,-30.304228335467286,-57.325721026863896,Registrada,Nueva,Concesión,Cda. s/n,340.0,Represa Chica
Río Uruguay,10,Represa Chica,1985000.0,ARTIGAS,Riego,Forraje/Pradera/Semillas,-30.35601239103991,-57.36357236048207,Registrada,Nueva,Concesión,Cda. s/n,370.0,Represa Chica
Río Uruguay,10,Represa Chica,769232.0,ARTIGAS,Riego,Arroz,-30.50299914547432,-57.115690828068175,Registrada,Nueva,Concesión,Cda. De La Chacra,358.0,Represa Chica
Río Uruguay,10,Represa Chica,819000.0,ARTIGAS,Riego,Arroz,-30.355864610944444,-56.624398157000535,Registrada,Nueva,Concesión,Cda. s/n,236.0,Represa Chica
Río Uruguay,10,Represa Chica,2028000.0,ARTIGAS,Riego,Arroz,-30.3884246188636,-57.05719702489449,Registrada,Renovación,Concesión,Cda. s/n,480.0,Represa Chica
Río Uruguay,10,Represa Mediana,3618000.0,ARTIGAS,Riego,Arroz,-30.469743943884538,-56.83541258907642,Registrada,Renovación,Concesión,Cda. Honda,850.0,Represa Mediana
Río Uruguay,11,Tajamar Grande,225000.0,ARTIGAS,Riego,Caña de azúcar,-30.44116231267757,-57.65012279330083,Registrada,Renovación,Permiso de uso,Cda. s/n,127.0,Tajamar Grande
Río Uruguay,11,Represa Chica,584000.0,ARTIGAS,Riego,Arroz,-30.509256694084797,-57.6996848162858,Registrada,Nueva,Concesión,Cda Capon/Ao.Mandiyí,272.0,Represa Chica
Río Uruguay,11,Represa Chica,584000.0,ARTIGAS,Riego,Arroz,-30.509256694084797,-57.6996848162858,Registrada,Nueva,Concesión,Cda. Atolladora,258.0,Represa Chica
Río Uruguay,11,Represa Chica,231500.0,ARTIGAS,Riego,Arroz,-30.565113175748994,-57.66601865370987,Registrada,Cesión,Concesión,Cda./ Ao Falso Mandiyú,290.0,Represa Chica
Río Uruguay,11,Represa Chica,376000.0,ARTIGAS,Riego,Caña de azúcar,-30.486554569677295,-57.609330207162124,Registrada,Renovación,Concesión,Cda. De La Peste,380.0,Represa Chica
Río Uruguay,11,Represa Grande,1523000.0,ARTIGAS,Riego,Arroz,-30.40254495747905,-57.45028102555078,Registrada,Nueva,Concesión,Cda. Zanja Honda,2430.0,Represa Grande
Río Uruguay,11,Represa Grande,3306000.0,ARTIGAS,Riego,Arroz,-30.562769674300874,-57.80446243076585,Registrada,Renovación,Concesión,Cda Yacaré,1208.0,Represa Grande
Río Uruguay,11,Represa Chica,1020000.0,ARTIGAS,Riego,Arroz,-30.52340342624818,-57.53975126728837,Registrada,Nueva,Concesión,Cda. Del Pesquero,292.0,Represa Chica
Río Uruguay,11,Represa Mediana,923900.0,ARTIGAS,Riego,Arroz,-30.517395883031462,-57.529696678261686,Registrada,Nueva,Concesión,Cda. s/n,588.0,Represa Mediana
Río Uruguay,11,Represa Mediana,4091000.0,ARTIGAS,Riego,Arroz,-30.57275381418232,-57.76569216867636,Registrada,Nueva,Concesión,Ao del Tigre,777.0,Represa Mediana
Río Uruguay,11,Represa Chica,784200.0,ARTIGAS,Riego,Arroz,-30.533378578338077,-57.6143648167772,Registrada,Renovación,Concesión,Cañada Yacaré,220.0,Represa Chica
Río Uruguay,11,Represa Grande,5680000.0,ARTIGAS,Riego,Arroz,-30.619399234235658,-57.38031050088382,Registrada,Renovación,Concesión,Ao. Itacumbú,1850.0,Represa Grande
Río Uruguay,11,Represa Grande,6730000.0,ARTIGAS,Riego,Arroz,-30.587994423057186,-57.44026079407748,Registrada,Renovación,Concesión,Cda. Del Yacaré,2400.0,Represa Grande
Río Uruguay,11,Represa Chica,786000.0,ARTIGAS,Riego,Caña de azúcar,-30.47473429298214,-57.67990928590437,Registrada,Nueva,Autorización,Cda. sin nombre,340.0,Represa Chica
Río Uruguay,11,Represa Chica,1263000.0,ARTIGAS,Riego,Caña de azúcar,-30.42447124963247,-57.66333552780377,Registrada,Nueva,Autorización,Cda. sin nombre,258.0,Represa Chica
Río Uruguay,11,Represa Chica,1404000.0,ARTIGAS,Riego,Arroz,-30.484905312776746,-57.66240365532711,Registrada,Nueva,Autorización,Cda. del Viejo Sebastian,425.0,Represa Chica
Río Uruguay,11,Represa Grande,1510000.0,ARTIGAS,Riego,Caña de azúcar,-30.43211,-57.66194,Registrada,Nueva,Concesión,,4400.0,Represa Grande
Río Uruguay,11,Represa Chica,354000.0,ARTIGAS,Riego,Caña de azúcar,-30.31818,-57.6128,Registrada,Nueva,Concesión,Cda. s/n,679.0,Represa Chica
Río Uruguay,11,Represa Mediana,1215000.0,ARTIGAS,Riego,Arroz,-30.53735,-57.69428,Registrada,Nueva,Concesión,Cañada,520.0,Represa Mediana
Río Uruguay,11,Tajamar Grande,71000.0,ARTIGAS,Riego,Forraje/Pradera/Semillas,-30.50794,-57.64561,Registrada,Nueva,Concesión,,389.0,Tajamar Grande
Río Uruguay,11,Tajamar Grande,84000.0,ARTIGAS,Riego,Frutales,-30.46208,-57.6072,Registrada,Nueva,Concesión,,54.0,Tajamar Grande
Río Uruguay,11,Represa Mediana,1101000.0,ARTIGAS,Riego,Frutales,-30.59221,-57.70613,Registrada,Nueva,Concesión,Cda. Del Sauce,780.0,Represa Mediana
Río Uruguay,11,Represa Chica,132000.0,ARTIGAS,Riego,Forraje/Pradera/Semillas,-30.4978,-57.65037,Registrada,Nueva,Concesión,Cda. s/n,63.0,Represa Chica
Río Uruguay,11,Tajamar Mediano,68000.0,ARTIGAS,Riego,Otros,-30.49491,-57.6478,Registrada,Nueva,Concesión,Cda. s/n,34.0,Tajamar Mediano
Río Uruguay,11,Represa Chica,956500.0,ARTIGAS,Riego,Caña de azúcar,-30.32065,-57.60763,Registrada,Nueva,Concesión,Cda. Zanja Del Sauce,104.0,Represa Chica
Río Uruguay,11,Represa Chica,659400.0,ARTIGAS,Riego,Arroz,-30.57157,-57.51919,Registrada,Nueva,Concesión,Cda. s/n,230.0,Represa Chica
Río Uruguay,11,Represa Grande,10360000.0,ARTIGAS,Riego,Arroz,-30.52757,-57.76375,Registrada,Renovación,Concesión,Ao. Mandiyú,10700.0,Represa Grande
Río Uruguay,11,Represa Chica,1356000.0,ARTIGAS,Riego,Arroz,-30.65262209634932,-57.67604203344531,Registrada,Renovación,Concesión,Cda. sin nombre,230.0,Represa Chica
Río Uruguay,11,Represa Grande,7792000.0,ARTIGAS,Riego,Arroz,-30.69685649044614,-57.66020112307068,Registrada,Renovación,Concesión,Ao. de Gaspar,3130.0,Represa Grande
Río Uruguay,11,Represa Chica,376000.0,ARTIGAS,Riego,Frutales,-30.59143,-57.69384,Registrada,Renovación,Concesión,Cda. s/n,101.0,Represa Chica
Río Uruguay,11,Represa Chica,1651000.0,ARTIGAS,Riego,Arroz,-30.390719903024475,-57.45058250816991,Registrada,Renovación,Concesión,Cda. s/n,373.0,Represa Chica
Río Uruguay,11,Tajamar Mediano,26730.0,ARTIGAS,Otros usos agropecuarios,Abrevadero de ganado,-30.687791647171252,-57.780199530534446,Registrada,Nueva,Permiso de uso,Cda. s/n,60.0,Tajamar Mediano
Río Uruguay,11,Represa Mediana,2301000.0,ARTIGAS,Riego,Arroz,-30.734724057133164,-57.25903559010477,Registrada,Nueva,Concesión,Cda. Del Ombú,547.0,Represa Mediana
Río Uruguay,11,Represa Mediana,1751000.0,ARTIGAS,Riego,Arroz,-30.595757483672756,-57.80152313411235,Registrada,Nueva,Concesión,Cda. De Las Totoras,570.0,Represa Mediana
Río Uruguay,11,Represa Chica,777000.0,ARTIGAS,Riego,Arroz,-30.46187334884184,-57.66013618558644,Registrada,Nueva,Concesión,Cda. De La Manguera,370.0,Represa Chica
Río Uruguay,12,Represa Grande,4943000.0,ARTIGAS,Riego,Arroz,-30.95988531462674,-56.658560303671315,Registrada,Renovación,Concesión,Cda. Espinillos,1000.0,Represa Grande
Río Uruguay,12,Represa Grande,5642340.0,ARTIGAS,Riego,Arroz,-30.739861545905132,-57.17658985833882,Registrada,Nueva,Concesión,Ao. Ceballos Grande,2730.0,Represa Grande
Río Uruguay,12,Represa Grande,1166000.0,ARTIGAS,Riego,Arroz,-30.842249492156185,-57.040079963320714,Registrada,Nueva,Concesión,Cda. Zanja Aguapey,2459.0,Represa Grande
Río Uruguay,12,Represa Mediana,2367300.0,ARTIGAS,Riego,Arroz,-30.865701403869537,-57.35997878442931,Registrada,Nueva,Concesión,Cañada de la Tapera,600.0,Represa Mediana
Río Uruguay,12,Represa Chica,2072000.0,ARTIGAS,Riego,Arroz,-30.987797494659986,-57.02712857880396,Registrada,Nueva,Concesión,Cda. Zanja De Los Manantiales,413.0,Represa Chica
Río Uruguay,12,Represa Mediana,3126000.0,ARTIGAS,Riego,Arroz,-30.839925307898078,-56.89789939589654,Registrada,Nueva,Autorización,Cda. s/n,750.0,Represa Mediana
Río Uruguay,12,Represa Grande,2209925.0,ARTIGAS,Riego,Arroz,-30.97466,-57.15632,Registrada,Nueva,Concesión,Cda. s/n,1032.0,Represa Grande
Río Uruguay,12,Represa Mediana,1087775.0,ARTIGAS,Riego,Arroz,-30.77079275975041,-57.06161847799967,Registrada,Renovación,Concesión,Zanja nacientes del Patitas,540.0,Represa Mediana
Río Uruguay,13,Represa Grande,11310000.0,SALTO,Riego,Arroz,-31.196926476805498,-57.349967096895796,Registrada,Nueva,Concesión,Ao. del Tala,5740.0,Represa Grande
Río Uruguay,13,Represa Chica,1569000.0,SALTO,Riego,Arroz,-31.030059477167203,-57.671663479820275,Registrada,Renovación,Concesión,Cda. s/n,397.0,Represa Chica
Río Uruguay,13,Represa Chica,2963000.0,SALTO,Riego,Cereales/Oleaginosas,-31.17393,-57.11834,Registrada,Nueva,Concesión,Cda. Del Empedrado,370.0,Represa Chica
Río Uruguay,13,Tajamar Mediano,60523.0,SALTO,Otros usos agropecuarios,Abrevadero de ganado,-31.81597,-56.46985,Registrada,Nueva,Permiso de uso,Cañada,159.0,Tajamar Mediano
Río Uruguay,13,Represa Chica,1645200.0,SALTO,Riego,Cereales/Oleaginosas,-31.85648,-56.4894,Registrada,Nueva,Concesión,Cda. s/n,475.0,Represa Chica
Río Uruguay,13,Represa Chica,345800.0,SALTO,Riego,Arroz,-31.23248,-57.20629,Registrada,Nueva,Concesión,Cda. s/n,140.0,Represa Chica
Río Uruguay,13,Represa Grande,2025075.0,SALTO,Riego,Arroz,-31.14298,-56.94978,Registrada,Nueva,Concesión,Cda. s/n,1200.0,Represa Grande
Río Uruguay,13,Represa Chica,786900.0,SALTO,Riego,Otros,-31.826742577707407,-56.4811134519774,Registrada,Renovación,Concesión,Cda/ Ao.  Guayabos,167.0,Represa Chica
Río Uruguay,13,Represa Chica,1743000.0,SALTO,Riego,Arroz,-31.089463985406297,-57.47721072394501,Registrada,Renovación,Concesión,Zanja tributaria,446.0,Represa Chica
Río Uruguay,13,Represa Chica,759000.0,SALTO,Riego,Forraje/Pradera/Semillas,-31.73871583883161,-56.59190341491877,Registrada,Renovación,Concesión,Cda. de la Isleta,215.0,Represa Chica
Río Uruguay,13,Represa Grande,4209000.0,SALTO,Riego,Arroz,-31.06697938918678,-57.20013775461302,Registrada,Renovación,Concesión,Cda. De Alcaín,1140.0,Represa Grande
Río Uruguay,13,Tajamar Grande,308610.0,SALTO,Riego,Arroz,-31.493946226716304,-57.07385828973186,Registrada,Renovación,Permiso de uso,Cda/Ao del Sauce,120.0,Tajamar Grande
Río Uruguay,13,Tajamar Mediano,3550.0,SALTO,Otros usos agropecuarios,Abrevadero de ganado,-31.61937020924063,-56.41296146437526,Registrada,Nueva,Permiso de uso,Cda. s/n,18.0,Tajamar Mediano
Río Uruguay,13,Tajamar Mediano,3659.0,SALTO,Otros usos agropecuarios,Abrevadero de ganado,-31.632329917055678,-56.4096474274993,Registrada,Nueva,Permiso de uso,Cda. s/n,29.0,Tajamar Mediano
Río Uruguay,13,Tajamar Grande,12290.0,SALTO,Otros usos agropecuarios,Abrevadero de ganado,-31.64427755304522,-56.356346569955356,Registrada,Nueva,Permiso de uso,Cda. s/n,140.0,Tajamar Grande
Río Uruguay,13,Tajamar Grande,6710.0,SALTO,Otros usos agropecuarios,Abrevadero de ganado,-31.64622657674918,-56.34630320593716,Registrada,Nueva,Permiso de uso,Cda. s/n,48.0,Tajamar Grande
Río Uruguay,13,Tajamar Chico,724000.0,SALTO,Otros usos agropecuarios,Abrevadero de ganado,-31.439524222072293,-56.48372918134556,Registrada,Nueva,Permiso de uso,Cda. s/n,3.4,Tajamar Chico
Río Uruguay,13,Represa Mediana,734000.0,SALTO,Riego,Forraje/Pradera/Semillas,-31.739889853557614,-56.56204943608505,Registrada,Cesión,Concesión,Cda. s/n,582.0,Represa Mediana
Río Uruguay,13,Represa Grande,1624000.0,SALTO,Riego,Forraje/Pradera/Semillas,-31.74567275131113,-56.54489487916498,Registrada,Cesión,Concesión,Cda. Brava,1100.0,Represa Grande
Río Uruguay,13,Represa Grande,4819000.0,SALTO,Riego,Arroz,-31.18355176068824,-56.87648821156471,Registrada,Renovación,Concesión,Cda Capón del León,1090.0,Represa Grande
Río Uruguay,13,Represa Mediana,2505000.0,SALTO,Riego,Arroz,-31.217724717394866,-57.41850936761436,Registrada,Renovación,Concesión,Cda. Grande,970.0,Represa Mediana
Río Uruguay,13,Tajamar Mediano,26800.0,SALTO,Otros usos agropecuarios,Abrevadero de ganado,-30.952490024136665,-56.159836113802136,Registrada,Nueva,Permiso de uso,Cda. s/n,34.0,Tajamar Mediano
Río Uruguay,13,Represa Grande,8114000.0,SALTO,Riego,Arroz,-31.070081234436685,-57.511127624928015,Registrada,Renovación,Concesión,Cda. s/n,2946.0,Represa Grande
Río Uruguay,13,Represa Grande,2543000.0,SALTO,Riego,Arroz,-31.39268,-57.18554,Registrada,Cesión,Concesión,Cda. s/n,10600.0,Represa Grande
Río Uruguay,13,Represa Grande,6719100.0,SALTO,Riego,Arroz,-31.27758809022177,-57.433810027727816,Registrada,Renovación,Concesión,Cda. s/n,2773.0,Represa Grande
Río Uruguay,13,Represa Mediana,817700.0,SALTO,Riego,Arroz,-31.127876709841743,-57.514295428991296,Registrada,Nueva,Concesión,Cda. s/n,540.0,Represa Mediana
Río Uruguay,13,Represa Mediana,3700000.0,SALTO,Riego,Forraje/Pradera/Semillas,-31.123853329044092,-57.108722629006394,Registrada,Renovación,Concesión,Cda. s/n,870.0,Represa Mediana
Río Uruguay,13,Represa Mediana,1546000.0,SALTO,Riego,Arroz,-31.189849372281948,-57.092635738560666,Registrada,Renovación,Concesión,Cda. s/n,803.0,Represa Mediana
Río Uruguay,13,Represa Chica,1227327.0,SALTO,Riego,Arroz,-31.10033,-56.13941,Registrada,Renovación,Concesión,Cda. s/n,390.0,Represa Chica
Río Uruguay,13,Represa Mediana,2611930.0,SALTO,Riego,Arroz,-31.101150513529305,-57.19995494931938,Registrada,Nueva,Concesión,Cda. s/n,600.0,Represa Mediana
Río Uruguay,14,Tajamar Chico,2601.0,SALTO,Otros usos agropecuarios,Abrevadero de ganado,-31.375270151697432,-57.929864156117574,Registrada,Nueva,Permiso de uso,Cda Tributaria/Ao Ceibal,23.0,Tajamar Chico
Río Uruguay,14,Represa Chica,52000.0,SALTO,Otros usos agropecuarios,Abrevadero de ganado,-31.29086894403279,-57.64499380735136,Registrada,Nueva,Permiso de uso,Ao. De Los Talas,320.0,Represa Chica
Río Uruguay,14,Tajamar Grande,21000.0,SALTO,Riego,Frutales,-31.35619,-57.94954,Registrada,Nueva,Permiso de uso,Ao. San Antonio Grande,181.0,Tajamar Grande
Río Uruguay,14,Represa Mediana,3120.0,SALTO,Riego,Otros,-31.411084197565202,-57.962589708456946,Registrada,Nueva,Permiso de uso,Cañada del Autódromo de Salto,503.0,Represa Mediana
Río Uruguay,14,Tajamar Chico,1716.0,SALTO,Riego,Hortalizas,-31.07317,-57.83574,Registrada,Nueva,Permiso de uso,,24.5,Tajamar Chico
Río Uruguay,14,Tajamar Grande,84000.0,SALTO,Riego,Frutales,-31.35665,-57.95336,Registrada,Nueva,Permiso de uso,Cda. s/n,224.0,Tajamar Grande
Río Uruguay,14,Represa Chica,137500.0,SALTO,Riego,Frutales,-31.31398175626676,-57.922003399971615,Registrada,Renovación,Permiso de uso,Cda del Sauce,21.0,Represa Chica
Río Uruguay,14,Represa Chica,98000.0,SALTO,Riego,Frutales,-31.31144,-57.92131,Registrada,Nueva,Permiso de uso,Cda. s/n,44.0,Represa Chica
Río Uruguay,14,Tajamar Mediano,50379.0,SALTO,Riego,Frutales,-31.31313,-57.91254,Registrada,Renovación,Permiso de uso,Cañada,44.0,Tajamar Mediano
Río Uruguay,14,Tajamar Grande,17000.0,SALTO,Riego,Frutales,-31.31701,-57.92163,Registrada,Renovación,Permiso de uso,Cda. s/n,82.0,Tajamar Grande
Río Uruguay,14,Tajamar Grande,11000.0,SALTO,Riego,Frutales,-31.31913,-57.91668,Registrada,Renovación,Permiso de uso,Cda. s/n,130.0,Tajamar Grande
Río Uruguay,14,Tajamar Chico,10650.0,SALTO,Riego,Frutales,-31.31173455059095,-57.92000189510871,Registrada,Renovación,Permiso de uso,Cda. s/n,44.0,Tajamar Chico
Río Uruguay,14,Represa Grande,6836000.0,SALTO,Riego,Arroz,-31.36494647114136,-57.47041943190281,Registrada,Renovación,Concesión,Cda. San Diego - Ao Itapebi,2150.0,Represa Grande
Río Uruguay,14,Represa Mediana,1456000.0,SALTO,Riego,Arroz,-31.40760272868843,-57.41376988161983,Registrada,Renovación,Concesión,Cda. Manantiales,620.0,Represa Mediana
Río Uruguay,14,Represa Grande,3877000.0,SALTO,Riego,Arroz,-31.316261287040657,-57.628578921636816,Registrada,Renovación,Concesión,Cda de las Merecdes/Ao Itapebí Gde,1720.0,Represa Grande
Río Uruguay,14,Tajamar Grande,55000.0,SALTO,Riego,Frutales,-31.31913,-57.91668,Registrada,Nueva,Permiso de uso,Cda. s/n,44.0,Tajamar Grande
Río Uruguay,14,Tajamar Grande,86285.0,SALTO,Riego,Frutales,-30.98024387127934,-57.77332775294781,Registrada,Nueva,Permiso de uso,Cda. s/n,595.0,Tajamar Grande
Río Uruguay,14,Tajamar Mediano,28000.0,SALTO,Riego,Frutales,-31.29569647356372,-57.8840349835669,Registrada,Renovación,Permiso de uso,Cda. s/n,18.0,Tajamar Mediano
Río Uruguay,14,Tajamar Mediano,25450.0,SALTO,Riego,Frutales,-31.290766154021362,-57.88948069548741,Registrada,Renovación,Permiso de uso,Ao. San Antonio Grande,18.0,Tajamar Mediano
Río Uruguay,14,Tajamar Grande,71350.0,SALTO,Riego,Frutales,-31.290943689700796,-57.893526918387614,Registrada,Renovación,Permiso de uso,Cda. s/n,47.0,Tajamar Grande
Río Uruguay,14,Tajamar Mediano,10700.0,SALTO,Riego,Frutales,-31.293888211358208,-57.88434167484299,Registrada,Renovación,Permiso de uso,Cda. s/n,7.8,Tajamar Mediano
Río Uruguay,14,Represa Chica,1675610.0,SALTO,Riego,Cereales/Oleaginosas,-31.37089,-57.64604,Registrada,Renovación,Concesión,Cda. De Los Manantiales,458.0,Represa Chica
Río Uruguay,14,Tajamar Grande,25997.0,SALTO,Riego,Frutales,-31.404112285283674,-57.92648909613491,Registrada,Nueva,Permiso de uso,Cda. s/n,45.5,Tajamar Grande
Río Uruguay,14,Tajamar Chico,4500.0,SALTO,Riego,Frutales,-31.292516879493284,-57.891428433358676,Registrada,Renovación,Permiso de uso,Cda. s/n,4.0,Tajamar Chico
Río Uruguay,14,Tajamar Mediano,15310.0,SALTO,Riego,Frutales,-31.3173903312178,-57.89342936317784,Registrada,Renovación,Permiso de uso,Cda. s/n,846.0,Tajamar Mediano
Río Uruguay,14,Represa Mediana,430000.0,SALTO,Riego,Frutales,-31.09683,-57.74715,Registrada,Renovación,Concesión,Cda. s/n,505.0,Represa Mediana
Río Uruguay,14,Tajamar Chico,2771.0,SALTO,Riego,Hortalizas,-31.321347043564494,-57.84503207360103,Registrada,Nueva,Permiso de uso,Cda. s/n,18.0,Tajamar Chico
Río Uruguay,15,Represa Mediana,2162600.0,SALTO,Riego,Arroz,-31.511634141614145,-57.297458472891314,Registrada,Nueva,Concesión,Cda. Tapera,600.0,Represa Mediana
Río Uruguay,15,Represa Chica,1634900.0,PAYSANDÚ,Riego,Frutales,-31.83343,-57.44461,Registrada,Nueva,Concesión,Cañada,493.0,Represa Chica
Río Uruguay,15,Represa Grande,2795978.0,PAYSANDÚ,Riego,Frutales,-31.80037,-57.4317,Registrada,Nueva,Concesión,Cda. s/n,1953.0,Represa Grande
Río Uruguay,15,Represa Mediana,1661952.0,PAYSANDÚ,Riego,Frutales,-31.80933,-57.4656,Registrada,Nueva,Concesión,Cda. De Las Flores,803.0,Represa Mediana
Río Uruguay,15,Represa Chica,1242535.0,PAYSANDÚ,Riego,Frutales,-31.83449,-57.46017,Registrada,Nueva,Concesión,Cda. De Las Flores,281.0,Represa Chica
Río Uruguay,15,Represa Chica,847371.0,PAYSANDÚ,Riego,Frutales,-31.835050071361174,-57.44609180774802,Registrada,Renovación,Concesión,Cda. s/n,214.0,Represa Chica
Río Uruguay,15,Represa Grande,3954500.0,SALTO,Riego,Arroz,-31.57886,-57.30485,Registrada,Renovación,Concesión,Ao. Bayucuá Grande,1625.0,Represa Grande
Río Uruguay,15,Tajamar Mediano,1980000.0,PAYSANDÚ,Riego,Arroz,-31.684476923493207,-57.47316458363979,Registrada,Renovación,Concesión,Cda. Del Juncal,796.0,Tajamar Mediano
Río Uruguay,15,Represa Chica,193990.0,PAYSANDÚ,Otros usos agropecuarios,Abrevadero de ganado,-31.53797,-57.80101,Registrada,Nueva,Concesión,Cda. s/n,60.0,Represa Chica
Río Uruguay,15,Represa Mediana,931000.0,PAYSANDÚ,Otros usos agropecuarios,Abrevadero de ganado,-31.52438,-57.78395,Registrada,Nueva,Concesión,Cda. s/n,636.0,Represa Mediana
Río Uruguay,15,Tajamar Mediano,36000.0,PAYSANDÚ,Otros usos agropecuarios,Abrevadero de ganado,-31.54198,-57.8033,Registrada,Nueva,Permiso de uso,Cda. Garrido,20.0,Tajamar Mediano
Río Uruguay,15,Tajamar Grande,58000.0,PAYSANDÚ,Otros usos agropecuarios,Abrevadero de ganado,-31.53254,-57.80175,Registrada,Nueva,Permiso de uso,Cda. Garrido,70.0,Tajamar Grande
Río Uruguay,15,Represa Chica,246000.0,SALTO,Otros usos,Otros,-31.402725346165266,-57.90525573055489,Registrada,Renovación,Concesión,Cda. s/n,77.0,Represa Chica
Río Uruguay,15,Represa Chica,251000.0,SALTO,Usos no consuntivos,Otros,-31.417352664649606,-57.89296623453993,Registrada,Renovación,Concesión,Cda/Aº Ceibal Gde.,36.0,Represa Chica
Río Uruguay,15,Represa Chica,315660.0,SALTO,Riego,Arroz,-31.507478487157677,-57.29122209828346,Registrada,Nueva,Concesión,Cda. De Los Mimbres,83.0,Represa Chica
Río Uruguay,15,Represa Chica,1899165.0,PAYSANDÚ,Riego,Arroz,-31.65643452649525,-57.53459324221455,Registrada,Renovación,Concesión,Cda. s/n,208.0,Represa Chica
Río Uruguay,15,Represa Chica,1899165.0,PAYSANDÚ,Riego,Arroz,-31.65643452649525,-57.53459324221455,Registrada,Renovación,Concesión,Cda. s/n,208.0,Represa Chica
Río Uruguay,15,Represa Chica,1899165.0,PAYSANDÚ,Riego,Arroz,-31.65643452649525,-57.53459324221455,Registrada,Renovación,Concesión,Cda. s/n,208.0,Represa Chica
Río Uruguay,15,Tajamar Grande,21700.0,PAYSANDÚ,Otros usos,Control de incendios,-31.692433020995857,-57.70157799124717,Registrada,Nueva,Permiso de uso,Cda. s/n,320.0,Tajamar Grande
Río Uruguay,15,Represa Chica,133338.0,SALTO,Riego,Frutales,-31.422982973263323,-57.87942283322615,Registrada,Renovación,Concesión,Cda. s/n,240.0,Represa Chica
Río Uruguay,15,Represa Grande,699000.0,SALTO,Riego,Cereales/Oleaginosas,-31.42828200750817,-57.83011974587767,Registrada,Renovación,Concesión,Cda. s/n,1400.0,Represa Grande
Río Uruguay,16,Represa Chica,397093.0,PAYSANDÚ,Otros usos agropecuarios,Abrevadero de ganado,-31.62521,-57.86087,Registrada,Nueva,Concesión,Cañada,275.0,Represa Chica
Río Uruguay,16,Tajamar Mediano,66600.0,PAYSANDÚ,Riego,Frutales,-31.536877277463674,-57.91668311144579,Registrada,Nueva,Autorización,Cañada sin nombre,30.0,Tajamar Mediano
Río Uruguay,16,Tajamar Mediano,10800.0,PAYSANDÚ,Riego,Frutales,-31.660295674179356,-57.86782709479198,Registrada,Nueva,Autorización,Cda./Ao. Carpinchuri,32.0,Tajamar Mediano
Río Uruguay,16,Tajamar Grande,45000.0,PAYSANDÚ,Riego,Frutales,-31.68607,-57.9019,Registrada,Nueva,Permiso de uso,,17.0,Tajamar Grande
Río Uruguay,16,Represa Chica,482125.0,PAYSANDÚ,Riego,Frutales,-32.05529,-58.12184,Registrada,Nueva,Concesión,Cda. s/n,271.0,Represa Chica
Río Uruguay,16,Represa Mediana,1990000.0,PAYSANDÚ,Riego,Cereales/Oleaginosas,-31.59949,-57.91334,Registrada,Nueva,Concesión,Cda. s/n,574.0,Represa Mediana
Río Uruguay,16,Represa Chica,505488.0,PAYSANDÚ,Riego,Frutales,-31.66082,-57.82838,Registrada,Nueva,Concesión,Cda. s/n,135.0,Represa Chica
Río Uruguay,16,Represa Chica,194453.0,PAYSANDÚ,Otros usos,Otros,-31.969548504411105,-58.12749402971767,Registrada,Renovación,Concesión,Cda. del Horno/ Ao. San José,487.0,Represa Chica
Río Uruguay,16,Tajamar Grande,23000.0,PAYSANDÚ,Otros usos agropecuarios,Abrevadero de ganado,-31.542183774100067,-57.925614402135885,Registrada,Renovación,Permiso de uso,Zanja de los Juncos,118.0,Tajamar Grande
Río Uruguay,16,Tajamar Grande,95000.0,PAYSANDÚ,Otros usos agropecuarios,Abrevadero de ganado,-31.54719521552508,-57.918642662107416,Registrada,Renovación,Permiso de uso,Cañada Tributaria,238.0,Tajamar Grande
Río Uruguay,16,Tajamar Grande,11000.0,PAYSANDÚ,Otros usos agropecuarios,Abrevadero de ganado,-31.661861991770618,-57.8657535721862,Registrada,Renovación,Permiso de uso,Ao. Chapicuy Grande,54.0,Tajamar Grande
Río Uruguay,17,Represa Mediana,542920.0,PAYSANDÚ,Riego,Frutales,-31.95959,-57.88588,Registrada,Nueva,Concesión,Cda. s/n,738.0,Represa Mediana
Río Uruguay,17,Represa Mediana,122865.0,PAYSANDÚ,Riego,Frutales,-31.952867175609217,-57.88004604871649,Registrada,Nueva,Concesión,Cda. s/n,600.0,Represa Mediana
Río Uruguay,17,Represa Chica,772211.0,PAYSANDÚ,Riego,Frutales,-31.92998,-57.51047,Registrada,Nueva,Concesión,,266.0,Represa Chica
Río Uruguay,17,Represa Chica,160800.0,PAYSANDÚ,Otros usos agropecuarios,Abrevadero de ganado,-32.28272,-56.63292,Registrada,Nueva,Concesión,Cda. s/n,159.0,Represa Chica
Río Uruguay,17,Represa Mediana,1008538.0,PAYSANDÚ,Riego,Forraje/Pradera/Semillas,-32.0452,-57.87682,Registrada,Nueva,Concesión,Cda. s/n,710.0,Represa Mediana
Río Uruguay,17,Represa Chica,536336.0,PAYSANDÚ,Otros usos agropecuarios,Abrevadero de ganado,-31.98445,-57.82679,Registrada,Nueva,Concesión,Cda. s/n,426.0,Represa Chica
Río Uruguay,17,Tajamar Grande,61417.0,PAYSANDÚ,Otros usos agropecuarios,Abrevadero de ganado,-32.22261,-57.87155,Registrada,Nueva,Permiso de uso,Cda. s/n,188.5,Tajamar Grande
Río Uruguay,17,Represa Chica,859417.0,PAYSANDÚ,Riego,Frutales,-31.91995,-57.50217,Registrada,Renovación,Concesión,Cda. sin nombre/Ao. de Soto Chico,246.0,Represa Chica
Río Uruguay,17,Represa Grande,4006500.0,PAYSANDÚ,Otros usos agropecuarios,Abrevadero de ganado,-31.92084,-56.55401,Registrada,Renovación,Concesión,Cda. s/n,2020.0,Represa Grande
Río Uruguay,17,Represa Grande,1672485.0,PAYSANDÚ,Riego,Frutales,-31.92052384226598,-57.46029875346037,Registrada,Renovación,Concesión,Ao. Campamento/Ao. Buricayupí,1763.0,Represa Grande
Río Uruguay,17,Represa Chica,150000.0,PAYSANDÚ,Otros usos,Control de incendios,-32.32231,-57.6664,Registrada,Nueva,Concesión,Cda. Del Tajamar,890.0,Represa Chica
Río Uruguay,17,Represa Chica,1140090.0,PAYSANDÚ,Riego,Cereales/Oleaginosas,-32.01495,-57.88302,Registrada,Nueva,Concesión,Cda. s/n,209.0,Represa Chica
Río Uruguay,17,Represa Chica,697000.0,PAYSANDÚ,Riego,Frutales,-32.06798534696433,-57.81718488782643,Registrada,Nueva,Concesión,Cda. s/n,160.0,Represa Chica
Río Uruguay,17,Represa Chica,171950.0,PAYSANDÚ,Otros usos agropecuarios,Abrevadero de ganado,-32.20433,-57.86536,Registrada,Renovación,Concesión,Cda. s/n,462.0,Represa Chica
Río Uruguay,17,Tajamar Chico,1100.0,PAYSANDÚ,Otros usos agropecuarios,Abrevadero de ganado,-31.92112562543081,-57.29035627911799,Registrada,Nueva,Permiso de uso,Ao. Gualeguay,510.0,Tajamar Chico
Río Uruguay,17,Tajamar Chico,1600.0,PAYSANDÚ,Otros usos agropecuarios,Abrevadero de ganado,-31.921131089179497,-57.288911372597795,Registrada,Nueva,Permiso de uso,Cda. s/n,499.0,Tajamar Chico
Río Uruguay,17,Tajamar Chico,1000.0,PAYSANDÚ,Otros usos agropecuarios,Abrevadero de ganado,-31.920142130374906,-57.28934776852839,Registrada,Nueva,Permiso de uso,Cda. s/n,486.0,Tajamar Chico
Río Uruguay,17,Represa Grande,251518.0,PAYSANDÚ,Otros usos agropecuarios,Abrevadero de ganado,-32.33171452778738,-57.09197713757795,Registrada,Renovación,Concesión,Ao. Santa Ana,1500.0,Represa Grande
Río Uruguay,17,Represa Chica,268173.0,PAYSANDÚ,Riego,Otros,-32.01201642096598,-57.895726204616935,Registrada,Nueva,Concesión,Cda. s/n,77.3,Represa Chica
Río Uruguay,17,Represa Chica,286265.0,PAYSANDÚ,Riego,Cereales/Oleaginosas,-32.07076322868977,-57.81366786261576,Registrada,Nueva,Concesión,Cda. s/n,304.0,Represa Chica
Río Uruguay,17,Reservorio,470000.0,PAYSANDÚ,Riego,Otros,-32.25502,-57.21154,Registrada,RenovaciónRenovación,Permiso de usoPermiso de uso,Ao. Santa Ana,16.936,Reservorio/Otros
Río Uruguay,17,Tajamar Grande,19904.0,PAYSANDÚ,Otros usos,Control de incendios,-31.88174419868421,-57.53772854804992,Registrada,Nueva,Permiso de uso,Ao. De Soto,498.0,Tajamar Grande
Río Uruguay,18,Represa Chica,200000.0,PAYSANDÚ,Riego,Frutales,-32.18797,-58.06038,Registrada,Nueva,Concesión,Cda. De San Miguel,80.0,Represa Chica
Río Uruguay,18,Represa Grande,1580000.0,PAYSANDÚ,Riego,Forraje/Pradera/Semillas,-32.37955,-57.81968,Registrada,Nueva,Concesión,Ao. Chinflaco,1100.0,Represa Grande
Río Uruguay,18,Represa Chica,925000.0,PAYSANDÚ,Riego,Frutales,-32.45067135120691,-57.88515717588712,Registrada,Renovación,Concesión,Cda. s/n,216.0,Represa Chica
Río Uruguay,18,Represa Chica,240100.0,RÍO NEGRO,Riego,Cereales/Oleaginosas,-33.087366381615794,-58.08597244640007,Registrada,Renovación,Concesión,Cda. s/n,2320.0,Represa Chica
Río Uruguay,18,Represa Chica,517000.0,RÍO NEGRO,Riego,Cereales/Oleaginosas,-32.7038,-58.04506,Registrada,Nueva,Concesión,Cda. s/n,200.0,Represa Chica
Río Uruguay,18,Tajamar Chico,1200.0,RÍO NEGRO,Otros usos agropecuarios,Abrevadero de ganado,-32.592204374674914,-58.06309186205348,Registrada,Nueva,Permiso de uso,Cda. s/n,26.0,Tajamar Chico
Río Uruguay,18,Tajamar Chico,3500.0,RÍO NEGRO,Otros usos agropecuarios,Abrevadero de ganado,-32.59230507868558,-58.062559219781576,Registrada,Nueva,Permiso de uso,Cda. s/n,18.0,Tajamar Chico
Río Uruguay,18,Represa Chica,573000.0,RÍO NEGRO,Riego,Cereales/Oleaginosas,-32.63574269106904,-57.80816712765906,Registrada,Renovación,Concesión,Ao. Gutiérrez Grande,260.0,Represa Chica
Río Uruguay,18,Represa Chica,643293.0,RÍO NEGRO,Riego,Cereales/Oleaginosas,-32.65356983555796,-57.824474960059526,Registrada,Nueva,Concesión,Cda. s/n,390.0,Represa Chica
Río Uruguay,18,Tajamar Grande,17000.0,RÍO NEGRO,Otros usos,Control de incendios,-32.88108060437032,-58.03835749626158,Registrada,Nueva,Permiso de uso,Cda. De La Potranca,187.0,Tajamar Grande
Río Uruguay,18,Reservorio,4000.0,PAYSANDÚ,Riego,Frutales,-32.318522306501876,-57.96433657145825,Registrada,Renovación,Permiso de uso,Cda. s/n,52.0,Reservorio/Otros
Río Uruguay,18,Represa Chica,564366.0,RÍO NEGRO,Riego,Cereales/Oleaginosas,-32.652048332796774,-57.83082425594329,Registrada,Nueva,Concesión,Cda. s/n,262.0,Represa Chica
Río Uruguay,18,Represa Chica,1410493.0,RÍO NEGRO,Riego,Cereales/Oleaginosas,-32.67634963171137,-57.746798694133744,Registrada,Nueva,Concesión,Cda. s/n,400.0,Represa Chica
Río Uruguay,18,Represa Chica,400000.0,RÍO NEGRO,Riego,Forraje/Pradera/Semillas,-32.72089659544741,-57.77799814939498,Registrada,Nueva,Concesión,Cda. s/n,490.0,Represa Chica
Río Uruguay,18,Represa Chica,503852.0,RÍO NEGRO,Riego,Cereales/Oleaginosas,-32.55480253669792,-57.70572870969771,Registrada,Nueva,Concesión,Cda. Del Puesto,207.0,Represa Chica
Río Uruguay,18,Represa Grande,1778000.0,RÍO NEGRO,Riego,Cereales/Oleaginosas,-32.635678536552994,-57.78293073177338,Registrada,Renovación,Permiso de uso,Cda. Fea,1900.0,Represa Grande
Río Uruguay,18,Represa Mediana,678000.0,PAYSANDÚ,Riego,Cereales/Oleaginosas,-32.456108867137196,-57.93232306838036,Registrada,Nueva,Concesión,Cda. s/n,615.0,Represa Mediana
Río Uruguay,18,Represa Mediana,369259.0,RÍO NEGRO,Riego,Cereales/Oleaginosas,-32.47759847319615,-58.08075785636902,Registrada,Nueva,Concesión,Cda. Del Cerro,603.0,Represa Mediana
Río Uruguay,18,Tajamar Grande,38388.0,RÍO NEGRO,Riego,Cereales/Oleaginosas,-33.288345876115045,-58.33877295255661,Registrada,Nueva,Permiso de uso,Cda. Fea,124.0,Tajamar Grande
Río Uruguay,19,Represa Mediana,321840.0,SORIANO,Otros usos,Turismo/Recreación,-33.89927525595824,-57.77330210095822,Registrada,Nueva,Permiso de uso,Cda. Del Sauce,939.0,Represa Mediana
Río Uruguay,19,Represa Chica,456000.0,SORIANO,Riego,Forraje/Pradera/Semillas,-33.68818303709086,-57.82479058465378,Registrada,Nueva,Concesión,Cda. s/n,200.0,Represa Chica
Río Uruguay,19,Represa Mediana,680800.0,SORIANO,Riego,Cereales/Oleaginosas,-33.64276700661402,-57.92575299739837,Registrada,Nueva,Concesión,Cda. s/n,540.0,Represa Mediana
Río Uruguay,19,Reservorio,306240.0,SORIANO,Riego,Forraje/Pradera/Semillas,-33.599127386065355,-57.97763758373586,Registrada,Nueva,Concesión,Cda. s/n,,Reservorio/Otros
Río Uruguay,19,Represa Chica,391000.0,SORIANO,Riego,Forraje/Pradera/Semillas,-33.6458137201096,-58.106935004127855,Registrada,Nueva,Concesión,Cda. s/n,315.0,Represa Chica
Río Uruguay,19,Represa Chica,609950.0,SORIANO,Riego,Otros,-33.9153615793503,-57.6060974864843,Registrada,Renovación,Concesión,Cda. s/n,360.0,Represa Chica
Río Uruguay,19,Represa Chica,609950.0,SORIANO,Riego,Otros,-33.9110928192799,-57.589790918557796,Registrada,Renovación,Concesión,Cda. s/n,360.0,Represa Chica
Río Uruguay,19,Represa Chica,324000.0,SORIANO,Riego,Cereales/Oleaginosas,-33.68573,-58.15809,Registrada,Renovación,Concesión,Cda./Ao. del Espinillo,140.0,Represa Chica
Río Uruguay,19,Tajamar Mediano,74000.0,SORIANO,Riego,Otros,-33.93258230747605,-57.66712630072286,Registrada,Nueva,Permiso de uso,Cda. s/n,85.0,Tajamar Mediano
Río Uruguay,19,Represa Chica,330000.0,SORIANO,Riego,Cereales/Oleaginosas,-33.47895302577682,-58.05299915688645,Registrada,Nueva,Concesión,Cda. s/n,103.0,Represa Chica
Río Uruguay,19,Represa Grande,615000.0,SORIANO,Riego,Cereales/Oleaginosas,-33.48159331511049,-57.927555441856384,Registrada,Nueva,Concesión,Cda. s/n,1144.0,Represa Grande
Río Uruguay,19,Represa Chica,345000.0,SORIANO,Riego,Cereales/Oleaginosas,-33.67047414204509,-58.26199740171433,Registrada,Nueva,Concesión,Cda. s/n,195.0,Represa Chica
Río Uruguay,19,Represa Mediana,618478.0,SORIANO,Riego,Cereales/Oleaginosas,-33.588707805305255,-57.965100333094604,Registrada,Renovación,Concesión,Cda. s/n,522.0,Represa Mediana
Río Uruguay,19,Represa Chica,211600.0,SORIANO,Riego,Cereales/Oleaginosas,-33.747927785338675,-57.94258311891027,Registrada,Renovación,Concesión,Cda. s/n,378.0,Represa Chica
Río Uruguay,19,Represa Chica,330508.0,SORIANO,Riego,Cereales/Oleaginosas,-33.67761701807212,-57.90472716093064,Registrada,Renovación,Concesión,Cda. s/n,241.0,Represa Chica
Río Uruguay,19,Represa Chica,1060000.0,SORIANO,Riego,Cereales/Oleaginosas,-33.46584248179373,-57.902492880821214,Registrada,Nueva,Concesión,Cda. s/n,360.0,Represa Chica
Río Uruguay,19,Represa Chica,1106000.0,SORIANO,Riego,Cereales/Oleaginosas,-33.92045467781359,-57.56672322750092,Registrada,Nueva,Concesión,Cda. De Los Molles,250.0,Represa Chica
Río Uruguay,19,Represa Chica,800000.0,SORIANO,Riego,Forraje/Pradera/Semillas,-33.72993331688917,-57.93399274349212,Registrada,Nueva,Concesión,Cda. s/n,312.0,Represa Chica
Río Uruguay,19,Represa Chica,400000.0,SORIANO,Riego,Cereales/Oleaginosas,-33.70049952186086,-57.837544530630105,Registrada,Nueva,Concesión,Cda. Del Pedregal,283.0,Represa Chica
Río Uruguay,19,Represa Chica,550000.0,SORIANO,Riego,Cereales/Oleaginosas,-33.63487089692172,-57.946524018771015,Registrada,Nueva,Concesión,Cda. s/n,176.0,Represa Chica
Río Uruguay,19,Tajamar Chico,3000.0,SORIANO,Otros usos agropecuarios,Abrevadero de ganado,-33.60669770497817,-57.96669691801072,Registrada,Renovación,Permiso de uso,Cda. s/n,1130.0,Tajamar Chico
Río Uruguay,19,Tajamar Grande,43000.0,SORIANO,Otros usos agropecuarios,Abrevadero de ganado,-33.60324780347073,-57.96839408576489,Registrada,Renovación,Permiso de uso,Cda. s/n,1130.0,Tajamar Grande
Río Uruguay,19,Represa Mediana,1100144.0,SORIANO,Riego,Cereales/Oleaginosas,-33.7665089513708,-57.80619084311183,Registrada,Nueva,Concesión,Cda. s/n,246.1,Represa Mediana
Río Uruguay,19,Represa Chica,150794.0,SORIANO,Riego,Cereales/Oleaginosas,-33.454421332132405,-57.92558133602142,Registrada,Nueva,Concesión,Cda. s/n,213.6,Represa Chica
Río Uruguay,19,Represa Chica,394400.0,SORIANO,Riego,Cereales/Oleaginosas,-33.818157140270735,-57.61620730161666,Registrada,Nueva,Concesión,Cda. s/n,103.0,Represa Chica
Río Uruguay,19,Represa Grande,850000.0,SORIANO,Riego,Forraje/Pradera/Semillas,-33.63341095315129,-58.19183081388474,Registrada,Renovación,Permiso de uso,Cda. Grande,1130.0,Represa Grande
Río Uruguay,19,Represa Chica,358000.0,SORIANO,Riego,Cereales/Oleaginosas,-33.85628103952876,-57.878920957446084,Registrada,Nueva,Concesión,Cda. s/n,210.0,Represa Chica
Río Uruguay,19,Represa Chica,1012895.0,SORIANO,Riego,Cereales/Oleaginosas,-33.7326101115984,-57.987551093101494,Registrada,Nueva,Concesión,Cda. s/n,328.9,Represa Chica
Río de la Plata,20,Tajamar Grande,30500.0,COLONIA,Otros usos agropecuarios,Abrevadero de ganado,-34.19241607083952,-58.02278777523954,Registrada,Nueva,Permiso de uso,Cda. De Las Nutrias,260.0,Tajamar Grande
Río de la Plata,20,Tajamar Grande,18000.0,COLONIA,Otros usos agropecuarios,Abrevadero de ganado,-34.19401857771226,-58.03082331382509,Registrada,Nueva,Permiso de uso,Cañada de las Nutrias,489.0,Tajamar Grande
Río de la Plata,20,Tajamar Grande,37840.0,COLONIA,Otros usos agropecuarios,Abrevadero de ganado,-34.17904952313967,-58.02433473096915,Registrada,Nueva,Permiso de uso,Cda sin nombre,78.0,Tajamar Grande
Río de la Plata,20,Tajamar Grande,28170.0,COLONIA,Otros usos agropecuarios,Abrevadero de ganado,-34.19011410519368,-58.00853060854711,Registrada,Nueva,Permiso de uso,Cañada de las Nutrias,61.0,Tajamar Grande
Río de la Plata,20,Represa Mediana,1000000.0,COLONIA,Riego,Cereales/Oleaginosas,-33.92367,-57.93149,Registrada,Nueva,Concesión,Cda. Pantanosa,690.0,Represa Mediana
Río de la Plata,20,Represa Mediana,500000.0,COLONIA,Riego,Cereales/Oleaginosas,-33.99234,-57.90388,Registrada,Renovación,Concesión,Cda. Del Molles,937.0,Represa Mediana
Río de la Plata,20,Tanque Excavado,85000.0,COLONIA,Otros usos,Turismo/Recreación,-33.94914946893963,-58.33645499648649,Registrada,Nueva,Permiso de uso,Cda. s/n,218.0,Tanque Excavado
Río de la Plata,20,Represa Chica,993900.0,COLONIA,Riego,Cereales/Oleaginosas,-33.94878883418926,-58.01001229104609,Registrada,Renovación,Concesión,Cda. s/n,315.0,Represa Chica
Río de la Plata,20,Represa Chica,441400.0,COLONIA,Riego,Cereales/Oleaginosas,-33.97698730897462,-57.96197354793549,Registrada,Renovación,Concesión,Cda. s/n,260.0,Represa Chica
Río de la Plata,20,Represa Chica,534476.0,COLONIA,Riego,Cereales/Oleaginosas,-33.9877926067029,-57.9432651400566,Registrada,Renovación,Concesión,Cda. s/n,360.0,Represa Chica
Río de la Plata,20,Represa Mediana,558000.0,COLONIA,Riego,Cereales/Oleaginosas,-33.900796134687,-57.91931033134461,Registrada,Nueva,Concesión,Cda. De Castro,287.0,Represa Mediana
Río de la Plata,21,Represa Chica,252000.0,COLONIA,Riego,Forraje/Pradera/Semillas,-33.9157,-57.51498,Registrada,Nueva,Concesión,Cda. s/n,239.5,Represa Chica
Río de la Plata,21,Tajamar Mediano,23137.0,COLONIA,Riego,Cereales/Oleaginosas,-33.98066736373102,-57.8066011638783,Registrada,Nueva,Permiso de uso,Cda. s/n,147.2,Tajamar Mediano
Río de la Plata,21,Tajamar Grande,90000.0,COLONIA,Riego,Otros,-34.18368058695634,-57.79906985743361,Registrada,Nueva,Permiso de uso,Cda. s/n,37.0,Tajamar Grande
Río de la Plata,21,Represa Chica,1199727.0,COLONIA,Riego,Cereales/Oleaginosas,-33.94972248068238,-57.654270529747,Registrada,Nueva,Concesión,Cda. s/n,361.0,Represa Chica
Río de la Plata,21,Represa Chica,247700.0,COLONIA,Riego,Forraje/Pradera/Semillas,-34.00000811461032,-57.48582744607118,Registrada,Renovación,Concesión,Cda. s/n,469.0,Represa Chica
Río de la Plata,22,Represa Chica,486000.0,COLONIA,Riego,Cereales/Oleaginosas,-34.25159689598522,-57.54161318683015,Registrada,Renovación,Concesión,Cda. Pajas Blancas,396.0,Represa Chica
Río de la Plata,22,Represa Chica,698000.0,COLONIA,Riego,Cereales/Oleaginosas,-34.37621879350239,-57.5357410259312,Registrada,Nueva,Concesión,Cda. s/n,290.0,Represa Chica
Río de la Plata,23,Represa Chica,550000.0,COLONIA,Riego,Cereales/Oleaginosas,-34.14991759918648,-57.25113137385208,Registrada,Nueva,Concesión,Cda. sin nombre\Ao. Pichinango,231.0,Represa Chica
Río de la Plata,23,Represa Chica,542000.0,COLONIA,Otros usos agropecuarios,Abrevadero de ganado,-34.14991759918648,-57.25113137385208,Registrada,Cesión,Concesión,Cda. s/n,231.0,Represa Chica
Río de la Plata,23,Represa Chica,646800.0,COLONIA,Riego,Cereales/Oleaginosas,-34.07144387669977,-57.32609957456589,Registrada,Nueva,Concesión,Cda. De La Laguna,339.2,Represa Chica
Río de la Plata,23,Tajamar Grande,100000.0,COLONIA,Riego,Cereales/Oleaginosas,-34.06490270470967,-57.35532492399216,Registrada,Renovación,Permiso de uso,Cda. De La Laguna,120.0,Tajamar Grande
Río de la Plata,24,Tajamar Mediano,32800.0,SAN JOSÉ,Otros usos agropecuarios,Abrevadero de ganado,-34.66011056752095,-56.72465622337767,Registrada,Nueva,Permiso de uso,Cda. De Los Manantiales,269.0,Tajamar Mediano
Río de la Plata,24,Tajamar Grande,1500.0,SAN JOSÉ,Otros usos agropecuarios,Abrevadero de ganado,-34.32935376731825,-56.85399524867534,Registrada,Nueva,Permiso de uso,Ao. Tala,530.0,Tajamar Grande
Río de la Plata,24,Tajamar Grande,26800.0,SAN JOSÉ,Riego,Frutales,-34.61293615616292,-56.92449241832946,Registrada,Nueva,Permiso de uso,Cda. s/n,10.0,Tajamar Grande
Río de la Plata,24,Tajamar Grande,55600.0,SAN JOSÉ,Riego,Frutales,-34.5978864050258,-56.92774414841551,Registrada,Nueva,Permiso de uso,Cda. De La Guardia,81.0,Tajamar Grande
Río de la Plata,24,Tajamar Chico,1898.5,SAN JOSÉ,Otros usos,Turismo/Recreación,-34.36889400328425,-56.76133699715138,Registrada,NuevaNueva,Permiso de usoPermiso de uso,Cda. s/n,4.6,Tajamar Chico
Río de la Plata,24,Tajamar Chico,1898.5,SAN JOSÉ,Otros usos,Turismo/Recreación,-34.36889400328425,-56.76133699715138,Registrada,NuevaNueva,Permiso de usoPermiso de uso,Cda. s/n,4.6,Tajamar Chico
Río de la Plata,24,Tajamar Chico,427.0,SAN JOSÉ,Otros usos,Turismo/Recreación,-34.36826598219763,-56.7976753890996,Registrada,Nueva,Permiso de uso,Cañada,1.3,Tajamar Chico
Río de la Plata,24,Tajamar Chico,730.0,SAN JOSÉ,Otros usos agropecuarios,Abrevadero de ganado,-34.36562319978574,-56.76067757609781,Registrada,NuevaNuevaNueva,Permiso de usoPermiso de usoPermiso de uso,Cañada,5.9,Tajamar Chico
Río de la Plata,24,Tajamar Chico,730.0,SAN JOSÉ,Otros usos agropecuarios,Abrevadero de ganado,-34.36562319978574,-56.76067757609781,Registrada,NuevaNuevaNueva,Permiso de usoPermiso de usoPermiso de uso,Cañada,5.9,Tajamar Chico
Río de la Plata,24,Tajamar Chico,730.0,SAN JOSÉ,Otros usos agropecuarios,Abrevadero de ganado,-34.36562319978574,-56.76067757609781,Registrada,NuevaNuevaNueva,Permiso de usoPermiso de usoPermiso de uso,Cañada,5.9,Tajamar Chico
Río de la Plata,26,Tajamar Mediano,28000.0,CANELONES,Riego,Hortalizas,-34.66620877008943,-55.94316423397016,Registrada,Renovación,Permiso de uso,Cda. s/n,10.0,Tajamar Mediano
Río de la Plata,26,Tanque Excavado,1750.0,CANELONES,Riego,Hortalizas,-34.53782478939393,-56.01712804879312,Registrada,Nueva,Permiso de uso,Cda. s/n,0.0,Tanque Excavado
Río de la Plata,26,Tanque Excavado,3360.0,CANELONES,Riego,Frutales,-34.66333026380364,-56.00247579084461,Registrada,Nueva,Permiso de uso,s/nombre,0.0,Tanque Excavado
Río de la Plata,26,Tanque Excavado,2520.0,CANELONES,Riego,Hortalizas,-34.66362352308956,-56.00499667217055,Registrada,Nueva,Permiso de uso,Cda. s/n,0.0,Tanque Excavado
Río de la Plata,26,Tanque Excavado,4000.0,CANELONES,Riego,Frutales,-34.67088173809127,-56.03872881480999,Registrada,Renovación,Permiso de uso,Cda. De Rocha,0.0,Tanque Excavado
Río de la Plata,26,Tanque Excavado,10640.0,CANELONES,Riego,Frutales,-34.66890960609841,-55.96041841518365,Registrada,Nueva,Permiso de uso,Ao. Del Sauce,0.0,Tanque Excavado
Río de la Plata,26,Tanque Excavado,5450.0,CANELONES,Riego,Hortalizas,-34.47707471383906,-55.83409428136762,Registrada,Renovación,Permiso de uso,Ao. Cochengo,0.0,Tanque Excavado
Río de la Plata,26,Tanque Excavado,3800.0,CANELONES,Riego,Hortalizas,-34.56537006825256,-55.84042873759912,Registrada,Nueva,Permiso de uso,Ao. Pando,0.0,Tanque Excavado
Río de la Plata,26,Tanque Excavado,30400.0,CANELONES,Riego,Hortalizas,-34.56801179313413,-55.83892618327283,Registrada,Nueva,Permiso de uso,Ao. La Pedrera,0.0,Tanque Excavado
Río de la Plata,26,Tanque Excavado,7000.0,CANELONES,Riego,Hortalizas,-34.58752049314304,-55.85798827742758,Registrada,Nueva,Permiso de uso,Ao. Pando,0.0,Tanque Excavado
Río de la Plata,26,Tanque Excavado,15000.0,CANELONES,Riego,Hortalizas,-34.55394958825958,-56.03760984287219,Registrada,Nueva,Permiso de uso,Ao. Pantanoso,0.0,Tanque Excavado
Río de la Plata,26,Tanque Excavado,1200.0,CANELONES,Riego,Hortalizas,-34.58657850742317,-55.96929592193439,Registrada,Nueva,Permiso de uso,Cda. s/n,0.0,Tanque Excavado
Río de la Plata,26,Tanque Excavado,6029.0,CANELONES,Riego,Hortalizas,-34.60306245437002,-55.82987213662695,Registrada,Nueva,Permiso de uso,Cda. Divisoria Pando San Jacinto,0.0,Tanque Excavado
Río de la Plata,26,Tanque Excavado,4000.0,CANELONES,Riego,Hortalizas,-34.60139393885568,-55.83316385199725,Registrada,Nueva,Permiso de uso,Cda. Divisoria Pando San Jacinto,0.0,Tanque Excavado
Río de la Plata,26,Tanque Excavado,3150.0,CANELONES,Riego,Hortalizas,-34.59778806266517,-56.0985414166171,Registrada,Nueva,Permiso de uso,Ao. Del Sauce,0.0,Tanque Excavado
Río de la Plata,26,Tanque Excavado,4000.0,CANELONES,Riego,Hortalizas,-34.56581228802349,-55.92130684960826,Registrada,Nueva,Permiso de uso,del Descarnado,0.0,Tanque Excavado
Río de la Plata,26,Reservorio,15200.0,CANELONES,Riego,Frutales,-34.68226837463966,-56.04696750500859,Registrada,Nueva,Permiso de uso,Cda. De Rocha,,Reservorio/Otros
Río de la Plata,26,Represa Chica,102000.0,CANELONES,Otros usos agropecuarios,Abrevadero de ganado,-34.5089,-55.87694,Registrada,Nueva,Concesión,Ao. Cochengo,34.25,Represa Chica
Río de la Plata,26,Tanque Excavado,2856.0,CANELONES,Riego,Hortalizas,-34.5852820178428,-56.04306157239925,Registrada,Nueva,Permiso de uso,Cda. San Antonio,0.0,Tanque Excavado
Río de la Plata,26,Tanque Excavado,8460.0,CANELONES,Riego,Hortalizas,-34.57973025333749,-56.03792295761958,Registrada,Nueva,Permiso de uso,Ao. del Sauce,0.0,Tanque Excavado
Río de la Plata,26,Tanque Excavado,8064.0,CANELONES,Riego,Hortalizas,-34.58570054796448,-56.04111176013047,Registrada,Nueva,Permiso de uso,Ao. del Sauce,0.0,Tanque Excavado
Río de la Plata,26,Tanque Excavado,11000.0,CANELONES,Riego,Hortalizas,-34.63977995884746,-55.95686125151724,Registrada,Nueva,Permiso de uso,Cañada ,0.0,Tanque Excavado
Río de la Plata,26,Tanque Excavado,8064.0,CANELONES,Riego,Hortalizas,-34.58556256851217,-56.04250650988293,Registrada,Nueva,Permiso de uso,Ao. del Sauce,0.0,Tanque Excavado
Río de la Plata,26,Tanque Excavado,8300.0,CANELONES,Riego,Hortalizas,-34.58278391213058,-56.04362105942658,Registrada,Nueva,Permiso de uso,Ao. del Sauce,0.0,Tanque Excavado
Río de la Plata,26,Tanque Excavado,4550.0,CANELONES,Riego,Hortalizas,-34.45309,-55.96114,Registrada,Nueva,Permiso de uso,Ao. Pando,0.0,Tanque Excavado
Río de la Plata,26,Tanque Excavado,27000.0,CANELONES,Riego,Frutales,-34.62145252986922,-56.03130311642163,Registrada,Nueva,Permiso de uso,Cda. s/n,0.0,Tanque Excavado
Río de la Plata,26,Tanque Excavado,5000.0,CANELONES,Riego,Frutales,-34.6258078313374,-56.02083563082229,Registrada,Nueva,Permiso de uso,Ao. Del Sauce,870.0,Tanque Excavado
Río de la Plata,26,Tanque Excavado,4350.0,CANELONES,Riego,Hortalizas,-34.62911481030622,-56.09405156265796,Registrada,Renovación,Permiso de uso,Ao. Del Vizcaíno,0.0,Tanque Excavado
Río de la Plata,26,Tanque Excavado,10000.0,CANELONES,Riego,Hortalizas,-34.66851790545903,-56.10800332581117,Registrada,Nueva,Permiso de uso,Cda. s/n,0.0,Tanque Excavado
Río de la Plata,26,Tanque Excavado,4000.0,CANELONES,Riego,Frutales,-34.67930760519886,-56.08208398450199,Registrada,Nueva,Permiso de uso,Ao. Del Sauce,0.0,Tanque Excavado
Río de la Plata,26,Tanque Excavado,3900.0,CANELONES,Riego,Hortalizas,-34.62114356123313,-56.10609442324216,Registrada,Nueva,Permiso de uso,Ao. Del Sauce,0.0,Tanque Excavado
Río de la Plata,26,Reservorio,11900.0,CANELONES,Riego,Hortalizas,-34.62942865080311,-56.09473970468012,Registrada,Nueva,Permiso de uso,Cda. Del Pajarito,,Reservorio/Otros
Río de la Plata,26,Tanque Excavado,7500.0,CANELONES,Riego,Hortalizas,-34.53195038544387,-55.84861473527551,Registrada,Nueva,Permiso de uso,Ao. La Pedrera,0.0,Tanque Excavado
Río de la Plata,26,Tanque Excavado,2500.0,CANELONES,Riego,Hortalizas,-34.53222822539341,-55.85250358162264,Registrada,Nueva,Permiso de uso,Ao. La Pedrera,0.0,Tanque Excavado
Río de la Plata,26,Tanque Excavado,2470.0,CANELONES,Riego,Frutales,-34.6683627225623,-55.96493428652797,Registrada,Nueva,Permiso de uso,Ao. Del Sauce,0.0,Tanque Excavado
Río de la Plata,26,Tanque Excavado,2850.0,CANELONES,Riego,Hortalizas,-34.60348606239133,-56.03174387761779,Registrada,Nueva,Permiso de uso,Cda. s/n,0.0,Tanque Excavado
Río de la Plata,26,Tajamar Mediano,10000.0,CANELONES,Riego,Hortalizas,-34.6027061625699,-56.02944142323875,Registrada,Nueva,Permiso de uso,Ao. Del Sauce,4.5,Tajamar Mediano
Río de la Plata,26,Tanque Excavado,1600.0,CANELONES,Riego,Hortalizas,-34.64589,-56.09759,Registrada,Nueva,Permiso de uso,Cda. s/n,0.0,Tanque Excavado
Río de la Plata,26,Tanque Excavado,1280.0,CANELONES,Riego,Hortalizas,-34.64576,-56.09707,Registrada,Nueva,Permiso de uso,Cda. s/n,0.0,Tanque Excavado
Río de la Plata,26,Tanque Excavado,1200.0,CANELONES,Riego,Hortalizas,-34.65889166274626,-56.09296759950406,Registrada,Nueva,Permiso de uso,Cda. s/n,0.0,Tanque Excavado
Río de la Plata,26,Tanque Excavado,4800.0,CANELONES,Riego,Hortalizas,-34.65954139287273,-56.09267533609137,Registrada,Nueva,Permiso de uso,Cda. s/n,0.0,Tanque Excavado
Río de la Plata,26,Tanque Excavado,2100.0,MONTEVIDEO,Riego,Hortalizas,-34.73639407923358,-56.13561882069619,Registrada,Nueva,Permiso de uso,Cda. s/n,0.0,Tanque Excavado
Río de la Plata,26,Tajamar Mediano,10000.0,MONTEVIDEO,Riego,Frutales,-34.73234835220215,-56.13828848930065,Registrada,Nueva,Permiso de uso,Cda. s/n,12.0,Tajamar Mediano
Río de la Plata,26,Tajamar Mediano,11176.0,CANELONES,Riego,Hortalizas,-34.51728010164364,-55.83247704200215,Registrada,Nueva,Permiso de uso,Ao. Pando,16.3,Tajamar Mediano
Río de la Plata,26,Tanque Excavado,2700.0,CANELONES,Riego,Hortalizas,-34.58657699059187,-55.97038589345934,Registrada,Nueva,Permiso de uso,Cda. s/n,0.0,Tanque Excavado
Río de la Plata,26,Tanque Excavado,4536.0,CANELONES,Riego,Hortalizas,-34.59895234492394,-56.09795691077122,Registrada,Nueva,Permiso de uso,Ao. Del Sauce,0.0,Tanque Excavado
Río de la Plata,26,Tanque Excavado,500.0,CANELONES,Riego,Hortalizas,-34.56812,-56.06556,Registrada,Nueva,Permiso de uso,Ao. Del Vizcaíno,0.0,Tanque Excavado
Río de la Plata,26,Tanque Excavado,500.0,CANELONES,Riego,Hortalizas,-34.56907161046672,-56.065877221587,Registrada,Nueva,Permiso de uso,Ao. Del Sauce,7.0,Tanque Excavado
Río de la Plata,26,Tanque Excavado,3000.0,CANELONES,Riego,Hortalizas,-34.66561,-56.05436,Registrada,Nueva,Permiso de uso,Cañada,0.0,Tanque Excavado
Río de la Plata,26,Tanque Excavado,2500.0,CANELONES,Riego,Hortalizas,-34.53649,-55.98148,Registrada,Renovación,Permiso de uso,Ao. Pantanoso,10.0,Tanque Excavado
Río de la Plata,26,Tanque Excavado,12000.0,CANELONES,Riego,Hortalizas,-34.51521,-55.95692,Registrada,Nueva,Permiso de uso,Cda. s/n,0.0,Tanque Excavado
Río de la Plata,26,Tanque Excavado,6000.0,CANELONES,Riego,Hortalizas,-34.65937271090593,-56.05108871400176,Registrada,Nueva,Permiso de uso,Cda. s/n,0.0,Tanque Excavado
Río de la Plata,26,Tanque Excavado,2375.0,CANELONES,Riego,Hortalizas,-34.75837,-55.87409,Registrada,NuevaNueva,Permiso de usoPermiso de uso,Ao. Tropa Vieja,30.0,Tanque Excavado
Río de la Plata,26,Tanque Excavado,2375.0,CANELONES,Riego,Hortalizas,-34.75837,-55.87409,Registrada,NuevaNueva,Permiso de usoPermiso de uso,Ao. Tropa Vieja,30.0,Tanque Excavado
Río de la Plata,26,Tanque Excavado,1800.0,CANELONES,Riego,Hortalizas,-34.60571841571205,-56.03342902294837,Registrada,Nueva,Permiso de uso,Cda. s/n,15.0,Tanque Excavado
Río de la Plata,26,Tanque Excavado,6000.0,CANELONES,Riego,Hortalizas,-34.53872,-55.95328,Registrada,Nueva,Permiso de uso,Cda. s/n,0.0,Tanque Excavado
Río de la Plata,26,Tanque Excavado,2800.0,CANELONES,Riego,Hortalizas,-34.60241237491753,-56.04605495547429,Registrada,Nueva,Revocación,Cda. San Antonio,0.0,Tanque Excavado
Río de la Plata,26,Tanque Excavado,1000.0,MONTEVIDEO,Riego,Hortalizas,-34.77906691284735,-56.2427684285889,Registrada,Nueva,Permiso de uso,Cda. s/n,0.0,Tanque Excavado
Río de la Plata,26,Tajamar Mediano,15000.0,CANELONES,Riego,Frutales,-34.62477,-55.82588,Registrada,Nueva,Permiso de uso,Cda. s/n,37.0,Tajamar Mediano
Río de la Plata,26,Tanque Excavado,1800.0,MONTEVIDEO,Riego,Hortalizas,-34.87452,-56.32351,Registrada,Nueva,Permiso de uso,Cda. s/n,0.0,Tanque Excavado
Río de la Plata,26,Tajamar Chico,5400.0,MONTEVIDEO,Otros usos,Control de incendios,-34.81728838922994,-56.23722366962915,Registrada,Nueva,Permiso de uso,Ao. Pantanoso,2.5,Tajamar Chico
Río de la Plata,26,Tajamar Mediano,22500.0,CANELONES,Riego,Hortalizas,-34.65335211822075,-55.94506201887263,Registrada,Renovación,Permiso de uso,Cda. s/n,22.0,Tajamar Mediano
Río de la Plata,26,Tanque Excavado,30000.0,CANELONES,Riego,Frutales,-34.62464,-55.83896,Registrada,Nueva,Permiso de uso,Cda. s/n,16.0,Tanque Excavado
Río de la Plata,26,Tajamar Grande,45000.0,CANELONES,Riego,Frutales,-34.62477,-55.82588,Registrada,Nueva,Permiso de uso,Ao. Pando,25.0,Tajamar Grande
Río de la Plata,26,Tanque Excavado,12000.0,CANELONES,Riego,Otros,-34.7886,-56.01945,Registrada,Nueva,Permiso de uso,Cda. s/n,49.0,Tanque Excavado
Río de la Plata,26,Tanque Excavado,3200.0,CANELONES,Riego,Otros,-34.75908,-55.79877,Registrada,Nueva,Permiso de uso,Cda. s/n,30.0,Tanque Excavado
Río de la Plata,26,Tajamar Mediano,2400.0,CANELONES,Riego,Otros,-34.74313,-55.86202,Registrada,Nueva,Permiso de uso,Ao. Tropa Vieja,20.0,Tajamar Mediano
Río de la Plata,26,Tajamar Grande,6000.0,MONTEVIDEO,Riego,Frutales,-34.7533,-56.14579,Registrada,Nueva,Permiso de uso,Ao. De Mendoza,207.0,Tajamar Grande
Río de la Plata,26,Tajamar Grande,23033.33333333333,CANELONES,Riego,Frutales,-34.70399,-55.99688,Registrada,NuevaNuevaNueva,Permiso de usoPermiso de usoPermiso de uso,Cda. Del Burro Muerto,57.0,Tajamar Grande
Río de la Plata,26,Tajamar Chico,23033.33333333333,CANELONES,Riego,Frutales,-34.70399,-55.99688,Registrada,NuevaNuevaNueva,Permiso de usoPermiso de usoPermiso de uso,Cda. Del Burro Muerto,57.0,Tajamar Chico
Río de la Plata,26,Tajamar Mediano,23033.33333333333,CANELONES,Riego,Frutales,-34.70399,-55.99688,Registrada,NuevaNuevaNueva,Permiso de usoPermiso de usoPermiso de uso,Cda. Del Burro Muerto,57.0,Tajamar Mediano
Río de la Plata,26,Tajamar Mediano,20455.0,CANELONES,Otros usos,Turismo/Recreación,-34.71701,-55.84817,Registrada,Nueva,Permiso de uso,Ao. Tropa Vieja,19.0,Tajamar Mediano
Río de la Plata,26,Tajamar Grande,90000.0,CANELONES,Otros usos,Turismo/Recreación,-34.70148,-55.82633,Registrada,Renovación,Permiso de uso,Ao. Tropa Vieja,40.0,Tajamar Grande
Río de la Plata,26,Tajamar Mediano,31050.0,CANELONES,Riego,Frutales,-34.64725,-55.94361,Registrada,Nueva,Permiso de uso,Cda. s/n,20.0,Tajamar Mediano
Río de la Plata,26,Tajamar Mediano,23000.0,CANELONES,Riego,Frutales,-34.68843,-56.061,Registrada,Nueva,Permiso de uso,Cda. s/n,16.0,Tajamar Mediano
Río de la Plata,26,Tajamar Grande,144000.0,CANELONES,Riego,Forraje/Pradera/Semillas,-34.68861,-55.98892,Registrada,Nueva,Permiso de uso,Cda. s/n,159.0,Tajamar Grande
Río de la Plata,26,Tanque Excavado,2500.0,CANELONES,Riego,Hortalizas,-34.63999,-56.03664,Registrada,Nueva,Permiso de uso,Cda. s/n,,Tanque Excavado
Río de la Plata,26,Tanque Excavado,20000.0,CANELONES,Riego,Hortalizas,-34.66538,-56.04239,Registrada,Nueva,Permiso de uso,Ao. Del Colorado,91.0,Tanque Excavado
Río de la Plata,26,Tajamar Chico,5084.0,CANELONES,Riego,Hortalizas,-34.64586,-56.0306,Registrada,Renovación,Permiso de uso,Cda. s/n,25.0,Tajamar Chico
Río de la Plata,26,Tanque Excavado,8000.0,CANELONES,Riego,Hortalizas,-34.70351,-56.05605,Registrada,Nueva,Permiso de uso,Ao. Del Colorado,8.0,Tanque Excavado
Río de la Plata,26,Tajamar Chico,36000.0,MONTEVIDEO,Riego,Frutales,-34.82519,-56.40531,Registrada,Nueva,Permiso de uso,Cda. s/n,30.0,Tajamar Chico
Río de la Plata,26,Tanque Excavado,13233.0,CANELONES,Riego,Hortalizas,-34.70314,-56.05378,Registrada,Renovación,Permiso de uso,Cda. s/n,21.0,Tanque Excavado
Río de la Plata,26,Tajamar Mediano,20000.0,CANELONES,Riego,Hortalizas,-34.51016,-55.93578,Registrada,Renovación,Permiso de uso,Cda. s/n,15.0,Tajamar Mediano
Río de la Plata,26,Tanque Excavado,3500.0,CANELONES,Riego,Hortalizas,-34.63855,-56.02657,Registrada,Nueva,Permiso de uso,Cda. s/n,,Tanque Excavado
Río de la Plata,26,Tajamar Grande,40000.0,CANELONES,Riego,Otros,-34.7894,-55.97934,Registrada,Nueva,Permiso de uso,Cda. s/n,24.0,Tajamar Grande
Río de la Plata,26,Tajamar Mediano,17200.0,CANELONES,Riego,Otros,-34.80016,-55.98314,Registrada,Nueva,Permiso de uso,Cda. s/n,200.0,Tajamar Mediano
Río de la Plata,26,Tajamar Mediano,24561.0,MONTEVIDEO,Riego,Hortalizas,-34.83048,-56.3987,Registrada,Nueva,Permiso de uso,Cda. s/n,19.1,Tajamar Mediano
Río de la Plata,26,Tajamar Grande,116786.0,CANELONES,Riego,Hortalizas,-34.66760930920915,-56.02946746527092,Registrada,Renovación,Permiso de uso,Cda. s/n,50.0,Tajamar Grande
Río de la Plata,26,Tanque Excavado,3750.0,CANELONES,Industrial,Alimentos y bebidas,-34.54607,-55.9051,Registrada,RenovaciónRenovación,Permiso de usoPermiso de uso,Cda. s/n,18.0,Tanque Excavado
Río de la Plata,26,Tanque Excavado,3750.0,CANELONES,Industrial,Alimentos y bebidas,-34.54607,-55.9051,Registrada,RenovaciónRenovación,Permiso de usoPermiso de uso,Cda. s/n,18.0,Tanque Excavado
Río de la Plata,26,Tajamar Mediano,14000.0,CANELONES,Riego,Hortalizas,-34.55182,-56.07031,Registrada,Nueva,Permiso de uso,Cda. s/n,6.9,Tajamar Mediano
Río de la Plata,26,Tajamar Mediano,10800.0,CANELONES,Riego,Hortalizas,-34.65661,-55.94527,Registrada,Nueva,Permiso de uso,Cda. s/n,20.0,Tajamar Mediano
Río de la Plata,26,Tanque Excavado,19000.0,CANELONES,Riego,Hortalizas,-34.78546,-56.02729,Registrada,Nueva,Permiso de uso,Cda. s/n,0.0,Tanque Excavado
Río de la Plata,26,Tajamar Chico,4683.666666666667,MONTEVIDEO,Otros usos,Turismo/Recreación,-34.86206,-56.07704,Registrada,NuevaNuevaNueva,Permiso de usoPermiso de usoPermiso de uso,Cda. s/n,7.65,Tajamar Chico
Río de la Plata,26,Tajamar Chico,4683.666666666667,MONTEVIDEO,Otros usos,Turismo/Recreación,-34.86206,-56.07704,Registrada,NuevaNuevaNueva,Permiso de usoPermiso de usoPermiso de uso,Cda. s/n,7.65,Tajamar Chico
Río de la Plata,26,Tajamar Mediano,4683.666666666667,MONTEVIDEO,Otros usos,Turismo/Recreación,-34.86206,-56.07704,Registrada,NuevaNuevaNueva,Permiso de usoPermiso de usoPermiso de uso,Cda. s/n,7.65,Tajamar Mediano
Río de la Plata,26,Tajamar Chico,19898.66666666667,MONTEVIDEO,Otros usos,Turismo/Recreación,-34.85252,-56.07131,Registrada,NuevaNuevaNueva,Permiso de usoPermiso de usoPermiso de uso,Cda. s/n,32.1,Tajamar Chico
Río de la Plata,26,Tajamar Mediano,19898.66666666667,MONTEVIDEO,Otros usos,Turismo/Recreación,-34.85252,-56.07131,Registrada,NuevaNuevaNueva,Permiso de usoPermiso de usoPermiso de uso,Cda. s/n,32.1,Tajamar Mediano
Río de la Plata,26,Tajamar Chico,19898.66666666667,MONTEVIDEO,Otros usos,Turismo/Recreación,-34.85252,-56.07131,Registrada,NuevaNuevaNueva,Permiso de usoPermiso de usoPermiso de uso,Cda. s/n,32.1,Tajamar Chico
Río de la Plata,26,Toma,57333.33333333334,CANELONES,Riego,Frutales,-34.66151,-55.95467,Registrada,RenovaciónRenovaciónRenovación,Permiso de usoPermiso de usoPermiso de uso,Cda. s/n,15.0,Reservorio/Otros
Río de la Plata,26,Tanque Excavado,57333.33333333334,CANELONES,Riego,Frutales,-34.66151,-55.95467,Registrada,RenovaciónRenovaciónRenovación,Permiso de usoPermiso de usoPermiso de uso,Cda. s/n,15.0,Tanque Excavado
Río de la Plata,26,Reservorio,57333.33333333334,CANELONES,Riego,Frutales,-34.66151,-55.95467,Registrada,RenovaciónRenovaciónRenovación,Permiso de usoPermiso de usoPermiso de uso,Cda. s/n,15.0,Reservorio/Otros
Río de la Plata,26,Reservorio,57860.0,CANELONES,Riego,Hortalizas,-34.67917,-56.00962,Registrada,Nueva,Permiso de uso,Cda. s/n,22.0,Reservorio/Otros
Río de la Plata,26,Tajamar Grande,76190.0,MONTEVIDEO,Industrial,Minería,-34.85785,-56.08321,Registrada,Nueva,Permiso de uso,Cda. s/n,25.2,Tajamar Grande
Río de la Plata,26,Tanque Excavado,5000.0,CANELONES,Riego,Otros,-34.67888118542129,-56.02731619090671,Registrada,Renovación,Permiso de uso,Cda. s/n,2.0,Tanque Excavado
Río de la Plata,26,Tanque Excavado,4500.0,MONTEVIDEO,Riego,Hortalizas,-34.83369,-56.10161,Registrada,Nueva,Permiso de uso,Cda. s/n,,Tanque Excavado
Río de la Plata,26,Tajamar Chico,8000.0,CANELONES,Riego,Otros,-34.70985,-56.10311,Registrada,Nueva,Permiso de uso,Cda. s/n,12.43,Tajamar Chico
Río de la Plata,26,Tanque Excavado,2250.0,CANELONES,Riego,Hortalizas,-34.61334844835031,-56.03473730385303,Registrada,Nueva,Permiso de uso,Cda. s/n,,Tanque Excavado
Río de la Plata,26,Tanque Excavado,4359.0,CANELONES,Riego,Hortalizas,-34.52223062926313,-55.97480535507202,Registrada,Nueva,Permiso de uso,Cda. s/n,,Tanque Excavado
Río de la Plata,26,Tanque Excavado,4870.0,CANELONES,Riego,Hortalizas,-34.56416729584885,-55.95112109192995,Registrada,Nueva,Permiso de uso,Cda. s/n,6.0,Tanque Excavado
Río de la Plata,26,Tanque Excavado,20000.0,CANELONES,Riego,Hortalizas,-34.67521397016611,-56.02864382788538,Registrada,Nueva,Permiso de uso,Cda. s/n,,Tanque Excavado
Río de la Plata,26,Tanque Excavado,3500.0,CANELONES,Riego,Hortalizas,-34.66924427551064,-56.02902862436167,Registrada,NuevaNueva,Permiso de usoPermiso de uso,Cda. s/n,,Tanque Excavado
Río de la Plata,26,Tanque Excavado,3500.0,CANELONES,Riego,Hortalizas,-34.66924427551064,-56.02902862436167,Registrada,NuevaNueva,Permiso de usoPermiso de uso,Cda. s/n,,Tanque Excavado
Río de la Plata,26,Tanque Excavado,6840.0,CANELONES,Riego,Hortalizas,-34.51923396577997,-55.96735954284667,Registrada,Nueva,Permiso de uso,Cda. s/n,,Tanque Excavado
Río de la Plata,26,Tanque Excavado,3000.0,CANELONES,Riego,Hortalizas,-34.52041542731894,-55.96108883153646,Registrada,Nueva,Permiso de uso,Cda. s/n,5.0,Tanque Excavado
Río de la Plata,26,Tanque Excavado,36000.0,CANELONES,Riego,Hortalizas,-34.77928707303395,-56.02801560424268,Registrada,Renovación,Permiso de uso,Ao. De Toledo,0.0,Tanque Excavado
Río de la Plata,26,Tanque Excavado,1291.75,CANELONES,Riego,Hortalizas,-34.79989889058781,-56.02150915190578,Registrada,NuevaNuevaNuevaNueva,Permiso de usoPermiso de usoPermiso de usoPermiso de uso,Cda. s/n,,Tanque Excavado
Río de la Plata,26,Tanque Excavado,1291.75,CANELONES,Riego,Hortalizas,-34.79989889058781,-56.02150915190578,Registrada,NuevaNuevaNuevaNueva,Permiso de usoPermiso de usoPermiso de usoPermiso de uso,Cda. s/n,,Tanque Excavado
Río de la Plata,26,Tanque Excavado,1291.75,CANELONES,Riego,Hortalizas,-34.79989889058781,-56.02150915190578,Registrada,NuevaNuevaNuevaNueva,Permiso de usoPermiso de usoPermiso de usoPermiso de uso,Cda. s/n,,Tanque Excavado
Río de la Plata,26,Tanque Excavado,1291.75,CANELONES,Riego,Hortalizas,-34.79989889058781,-56.02150915190578,Registrada,NuevaNuevaNuevaNueva,Permiso de usoPermiso de usoPermiso de usoPermiso de uso,Cda. s/n,,Tanque Excavado
Río de la Plata,26,Tanque Excavado,450.0,CANELONES,Otros usos agropecuarios,Abrevadero de ganado,-34.49309922866937,-55.97997955385823,Registrada,Nueva,Permiso de uso,Cda. s/n,46.0,Tanque Excavado
Río de la Plata,26,Tanque Excavado,3325.5,CANELONES,Riego,Otros,-34.69173651709296,-56.0131961060688,Registrada,NuevaNueva,Permiso de usoPermiso de uso,Cda. s/n,5.0,Tanque Excavado
Río de la Plata,26,Tanque Excavado,3325.5,CANELONES,Riego,Otros,-34.69173651709296,-56.0131961060688,Registrada,NuevaNueva,Permiso de usoPermiso de uso,Cda. s/n,5.0,Tanque Excavado
Río de la Plata,26,Tajamar Chico,500.0,CANELONES,Otros usos agropecuarios,Abrevadero de ganado,-34.48736205897941,-55.95090385526417,Registrada,Nueva,Permiso de uso,Cda. s/n,21.0,Tajamar Chico
Río de la Plata,26,Tajamar Chico,40000.0,MONTEVIDEO,Riego,Otros,-34.78852,-56.06641,Registrada,Renovación,Permiso de uso,Cda. s/n,55.0,Tajamar Chico
Río de la Plata,26,Tanque Excavado,1959.0,CANELONES,Riego,Hortalizas,-34.52345336227115,-55.96636846661568,Registrada,Nueva,Permiso de uso,Cda. Vera,5.0,Tanque Excavado
Río de la Plata,26,Tanque Excavado,57860.0,CANELONES,Riego,Hortalizas,-34.67245761122759,-56.01906985044477,Registrada,Nueva,Permiso de uso,Cda. s/n,,Tanque Excavado
Río de la Plata,26,Tanque Excavado,29230.0,CANELONES,Riego,Hortalizas,-34.67239391595884,-56.01258158683777,Registrada,Nueva,Permiso de uso,Cda. s/n,300.0,Tanque Excavado
Río de la Plata,26,Tanque Excavado,3175.0,CANELONES,Riego,Hortalizas,-34.68702213684473,-56.02637887001038,Registrada,NuevaNueva,Permiso de usoPermiso de uso,Cda./Ao.Totoral/Ao. del  Sauce,28.0,Tanque Excavado
Río de la Plata,26,Tanque Excavado,3175.0,CANELONES,Riego,Hortalizas,-34.68702213684473,-56.02637887001038,Registrada,NuevaNueva,Permiso de usoPermiso de uso,Cda./Ao.Totoral/Ao. del  Sauce,28.0,Tanque Excavado
Río de la Plata,26,Tajamar Grande,70000.0,MONTEVIDEO,Otros usos,Control de incendios,-34.78398996252895,-56.07458353042601,Registrada,Nueva,Permiso de uso,Cda. s/n,36.0,Tajamar Grande
Río de la Plata,26,Tanque Excavado,4800.0,CANELONES,Otros usos,Otros,-34.67078800693766,-56.01904571056366,Registrada,NuevaNuevaNueva,Permiso de usoPermiso de usoPermiso de uso,Cda. s/n,,Tanque Excavado
Río de la Plata,26,Tanque Excavado,4800.0,CANELONES,Otros usos,Otros,-34.67078800693766,-56.01904571056366,Registrada,NuevaNuevaNueva,Permiso de usoPermiso de usoPermiso de uso,Cda. s/n,,Tanque Excavado
Río de la Plata,26,Tanque Excavado,4800.0,CANELONES,Otros usos,Otros,-34.67078800693766,-56.01904571056366,Registrada,NuevaNuevaNueva,Permiso de usoPermiso de usoPermiso de uso,Cda. s/n,,Tanque Excavado
Río de la Plata,26,Tajamar Grande,38000.0,CANELONES,Riego,Forraje/Pradera/Semillas,-34.62762191726111,-56.07317621153741,Registrada,Renovación,Permiso de uso,Cda. s/n,30.0,Tajamar Grande
Río de la Plata,26,Tanque Excavado,9000.0,CANELONES,Riego,Hortalizas,-34.67512376720862,-55.88440821124641,Registrada,Nueva,Permiso de uso,Cda. s/n,26.0,Tanque Excavado
Río de la Plata,26,Tanque Excavado,20000.0,CANELONES,Otros usos agropecuarios,Abrevadero de ganado,-34.55584840876882,-55.99406227469443,Registrada,Nueva,Permiso de uso,Cda. s/n,,Tanque Excavado
Río de la Plata,26,Tanque Excavado,4000.0,CANELONES,Riego,Hortalizas,-34.69175061086338,-55.96982717514038,Registrada,Nueva,Permiso de uso,Cda. s/n,,Tanque Excavado
Río de la Plata,26,Tajamar Grande,22500.0,CANELONES,Riego,Hortalizas,-34.66897029213112,-55.88487625122072,Registrada,Nueva,Permiso de uso,Cda. Grande,162.0,Tajamar Grande
Río de la Plata,26,Tanque Excavado,2800.0,MONTEVIDEO,Riego,Hortalizas,-34.81896762001266,-56.40259682200849,Registrada,Nueva,Permiso de uso,Cda. s/n,148.0,Tanque Excavado
Río de la Plata,26,Tajamar Mediano,15000.0,MONTEVIDEO,Riego,Frutales,-34.85293899027283,-56.36471271514893,Registrada,Nueva,Permiso de uso,Cda. De Rocha,16.0,Tajamar Mediano
Río de la Plata,26,Tanque Excavado,6000.0,MONTEVIDEO,Riego,Forraje/Pradera/Semillas,-34.85945220520461,-56.35721384547651,Registrada,Nueva,Permiso de uso,Cda. s/n,4.0,Tanque Excavado
Río de la Plata,26,Tanque Excavado,1600.0,MONTEVIDEO,Riego,Hortalizas,-34.84511350896978,-56.34950157254933,Registrada,Nueva,Permiso de uso,Cda. s/n,,Tanque Excavado
Río de la Plata,26,Tajamar Mediano,46000.0,MONTEVIDEO,Riego,Otros,-34.78469489438586,-56.04754686355591,Registrada,Nueva,Permiso de uso,Cda. s/n,1.66,Tajamar Mediano
Río de la Plata,26,Tanque Excavado,22164.0,CANELONES,Riego,Hortalizas,-34.65964284657029,-56.05000376701354,Registrada,Nueva,Permiso de uso,Cda. s/n,25.0,Tanque Excavado
Río de la Plata,26,Tanque Excavado,16200.0,MONTEVIDEO,Riego,Hortalizas,-34.81871831342743,-56.38611674308776,Registrada,Nueva,Permiso de uso,Cda. s/n,14.0,Tanque Excavado
Río de la Plata,26,Tanque Excavado,9000.0,MONTEVIDEO,Riego,Hortalizas,-34.80987022806232,-56.38966128230094,Registrada,Nueva,Permiso de uso,Cda. s/n,130.0,Tanque Excavado
Río de la Plata,26,Tanque Excavado,200.0,CANELONES,Otros usos agropecuarios,Abrevadero de ganado,-34.60225200244123,-56.05383932590484,Registrada,Nueva,Permiso de uso,Ao. Mata Siete,,Tanque Excavado
Río de la Plata,26,Tanque Excavado,5000.0,MONTEVIDEO,Riego,Hortalizas,-34.82696216491157,-56.38564467430115,Registrada,Nueva,Permiso de uso,Cda. s/n,20.0,Tanque Excavado
Río de la Plata,26,Tanque Excavado,6000.0,MONTEVIDEO,Riego,Hortalizas,-34.84513536706712,-56.34640812641008,Registrada,Nueva,Permiso de uso,Cda. s/n,,Tanque Excavado
Río de la Plata,26,Tanque Excavado,10600.0,MONTEVIDEO,Riego,Hortalizas,-34.81713334447766,-56.38651790097355,Registrada,Nueva,Permiso de uso,Cda. s/n,12.0,Tanque Excavado
Río de la Plata,26,Tanque Excavado,9000.0,MONTEVIDEO,Riego,Hortalizas,-34.82667861731615,-56.39530121348798,Registrada,Nueva,Permiso de uso,Cda. s/n,29.0,Tanque Excavado
Río de la Plata,26,Tanque Excavado,22164.0,CANELONES,Riego,Hortalizas,-34.67282870351287,-56.03223857465699,Registrada,Nueva,Permiso de uso,Cda. s/n,,Tanque Excavado
Río de la Plata,26,Represa Chica,488140.0,CANELONES,Industrial,Otros,-34.49509761383396,-55.83769083023072,Registrada,Renovación,Concesión,Ao. Cochengo,318.0,Represa Chica
Río de la Plata,26,Represa Chica,286122.0,CANELONES,Industrial,Alimentos y bebidas,-34.63686605577035,-55.81269765039907,Registrada,Renovación,Concesión,Ao. Cochengo,244.0,Represa Chica
Río de la Plata,26,Tanque Excavado,9000.5,CANELONES,Riego,Hortalizas,-34.8028395502818,-56.02000626776305,Registrada,RenovaciónRenovación,Permiso de usoPermiso de uso,Cda. s/n,86.0,Tanque Excavado
Río de la Plata,26,Tanque Excavado,9000.5,CANELONES,Riego,Hortalizas,-34.8028395502818,-56.02000626776305,Registrada,RenovaciónRenovación,Permiso de usoPermiso de uso,Cda. s/n,86.0,Tanque Excavado
Río de la Plata,26,Tanque Excavado,5400.0,MONTEVIDEO,Riego,Hortalizas,-34.83080172183021,-56.38514129808394,Registrada,Nueva,Permiso de uso,Cda. s/n,,Tanque Excavado
Río de la Plata,26,Tanque Excavado,7704.0,CANELONES,Riego,Hortalizas,-34.70821876479867,-56.11897945404053,Registrada,Renovación,Permiso de uso,Cda. s/n,2.0,Tanque Excavado
Río de la Plata,26,Tajamar Chico,5248.0,CANELONES,Otros usos agropecuarios,Abrevadero de ganado,-34.60880290816241,-56.05254148536731,Registrada,NuevaNuevaNueva,Permiso de usoPermiso de usoPermiso de uso,Cda. s/n,7.87,Tajamar Chico
Río de la Plata,26,Tajamar Chico,5248.0,CANELONES,Otros usos agropecuarios,Abrevadero de ganado,-34.60880290816241,-56.05254148536731,Registrada,NuevaNuevaNueva,Permiso de usoPermiso de usoPermiso de uso,Cda. s/n,7.87,Tajamar Chico
Río de la Plata,26,Tajamar Chico,5248.0,CANELONES,Otros usos agropecuarios,Abrevadero de ganado,-34.60880290816241,-56.05254148536731,Registrada,NuevaNuevaNueva,Permiso de usoPermiso de usoPermiso de uso,Cda. s/n,7.87,Tajamar Chico
Río de la Plata,26,Tajamar Mediano,21125.0,CANELONES,Otros usos,Turismo/Recreación,-34.52844115283368,-56.04491947218775,Registrada,Nueva,Permiso de uso,Cda. s/n,12.0,Tajamar Mediano
Río de la Plata,26,Tajamar Grande,93000.0,CANELONES,Riego,Forraje/Pradera/Semillas,-34.46264343443308,-55.8694314211607,Registrada,Nueva,Permiso de uso,Cda./Ao. Cochengo,241.0,Tajamar Grande
Río de la Plata,26,Tanque Excavado,17311.0,CANELONES,Riego,Forraje/Pradera/Semillas,-34.44966681747132,-55.95788007974625,Registrada,Nueva,Permiso de uso,Cda. s/n,,Tanque Excavado
Río de la Plata,26,Tanque Excavado,4600.0,MONTEVIDEO,Riego,Hortalizas,-34.81450193836329,-56.39175094675011,Registrada,Nueva,Permiso de uso,Cda. s/n,,Tanque Excavado
Río de la Plata,26,Tajamar Chico,3200.0,CANELONES,Otros usos,Turismo/Recreación,-34.71101727259175,-55.83898424170911,Registrada,Nueva,Permiso de uso,Cda. s/n,138.0,Tajamar Chico
Río de la Plata,26,Tajamar Grande,11300.0,CANELONES,Otros usos,Turismo/Recreación,-34.70884320254485,-55.8401305670268,Registrada,Nueva,Permiso de uso,Cda. s/n,200.0,Tajamar Grande
Río de la Plata,26,Tanque Excavado,5000.0,MONTEVIDEO,Riego,Frutales,-34.77566786925913,-56.19426487013698,Registrada,Nueva,Permiso de uso,Cda. s/n,38.0,Tanque Excavado
Río de la Plata,26,Tajamar Mediano,30180.0,CANELONES,Riego,Frutales,-34.60048250667949,-56.05754488245427,Registrada,Renovación,Permiso de uso,Ao. Mata Siete,30.0,Tajamar Mediano
Río de la Plata,26,Tajamar Grande,21600.0,CANELONES,Riego,Frutales,-34.59471890001119,-56.05684585150775,Registrada,Renovación,Permiso de uso,Cda. s/n,56.0,Tajamar Grande
Río de la Plata,26,Tajamar Grande,10000.0,CANELONES,Otros usos agropecuarios,Abrevadero de ganado,-34.6411103135636,-55.84054704755544,Registrada,Nueva,Permiso de uso,Cda. s/n,58.0,Tajamar Grande
Río de la Plata,26,Tanque Excavado,270000.0,MONTEVIDEO,Industrial,Minería,-34.86108,-56.08351,Registrada,RenovaciónRenovación,Permiso de usoPermiso de uso,Cda. s/n,772.0,Tanque Excavado
Río de la Plata,26,Tanque Excavado,270000.0,MONTEVIDEO,Industrial,Minería,-34.86108,-56.08351,Registrada,RenovaciónRenovación,Permiso de usoPermiso de uso,Cda. s/n,772.0,Tanque Excavado
Río de la Plata,26,Tanque Excavado,1411.0,MONTEVIDEO,Riego,Hortalizas,-34.81871831342743,-56.38611674308776,Registrada,Nueva,Permiso de uso,Cda. s/n,5.0,Tanque Excavado
Río de la Plata,26,Tanque Excavado,7500.0,CANELONES,Riego,Hortalizas,-34.65904984927632,-56.04138909839094,Registrada,Nueva,Permiso de uso,Cda. s/n,6.0,Tanque Excavado
Río de la Plata,26,Tanque Excavado,28800.0,MONTEVIDEO,Riego,Hortalizas,-34.81628404821018,-56.38756633157207,Registrada,Nueva,Permiso de uso,Cda. s/n,37.0,Tanque Excavado
Río de la Plata,26,Tanque Excavado,2000.0,CANELONES,Riego,Hortalizas,-34.48124647398207,-55.82671318688621,Registrada,Nueva,Permiso de uso,Cda. s/n,20.0,Tanque Excavado
Río de la Plata,26,Tanque Excavado,3000.0,MONTEVIDEO,Riego,Forraje/Pradera/Semillas,-34.78309344253441,-56.20087653208326,Registrada,Nueva,Permiso de uso,Cda. s/n,6.0,Tanque Excavado
Río de la Plata,26,Tajamar Chico,8140.0,CANELONES,Riego,Hortalizas,-34.67163605852759,-56.03193099950229,Registrada,Nueva,Permiso de uso,Cda. s/n,4.0,Tajamar Chico
Río de la Plata,26,Tanque Excavado,7500.0,CANELONES,Riego,Hortalizas,-34.68422410640334,-55.99870889693962,Registrada,Nueva,Permiso de uso,Cda. s/n,,Tanque Excavado
Río de la Plata,26,Tanque Excavado,6796.0,CANELONES,Riego,Cereales/Oleaginosas,-34.66712106469004,-55.91767412406623,Registrada,NuevaNueva,Permiso de usoPermiso de uso,Cda. s/n,0.0,Tanque Excavado
Río de la Plata,26,Tanque Excavado,6796.0,CANELONES,Riego,Cereales/Oleaginosas,-34.66712106469004,-55.91767412406623,Registrada,NuevaNueva,Permiso de usoPermiso de uso,Cda. s/n,0.0,Tanque Excavado
Río de la Plata,26,Tajamar Grande,100.0,MONTEVIDEO,Otros usos agropecuarios,Abrevadero de ganado,-34.73550087575589,-56.16480293887434,Registrada,Nueva,Permiso de uso,Cda. s/n,10.5,Tajamar Grande
Río de la Plata,26,Tajamar Mediano,2880.0,CANELONES,Otros usos agropecuarios,Abrevadero de ganado,-34.65632989473853,-55.90459710394498,Registrada,Nueva,Permiso de uso,Cda. s/n,95.0,Tajamar Mediano
Río de la Plata,26,Tajamar Chico,2113.0,CANELONES,Otros usos,Otros,-34.45183495539908,-55.95636011668832,Registrada,Nueva,Permiso de uso,Cda. s/n,1030.0,Tajamar Chico
Río de la Plata,26,Tanque Excavado,1108.5,CANELONES,Otros usos agropecuarios,Otros,-34.45238392749845,-55.95571070082282,Registrada,NuevaNueva,Permiso de usoPermiso de uso,Cda. s/n,103.0,Tanque Excavado
Río de la Plata,26,Tanque Excavado,1108.5,CANELONES,Otros usos agropecuarios,Otros,-34.45238392749845,-55.95571070082282,Registrada,NuevaNueva,Permiso de usoPermiso de uso,Cda. s/n,103.0,Tanque Excavado
Río de la Plata,26,Tanque Excavado,468.0,CANELONES,Riego,Forraje/Pradera/Semillas,-34.45021557559668,-55.95776293426751,Registrada,Nueva,Permiso de uso,Cda. s/n,47.0,Tanque Excavado
Río de la Plata,26,Tajamar Grande,187600.0,LAVALLEJA,Riego,Frutales,-34.60526397414676,-55.46210922875676,Registrada,Renovación,Permiso de uso,Cda. s/n,40.0,Tajamar Grande
Río de la Plata,26,Tajamar Grande,31573.0,CANELONES,Otros usos,Turismo/Recreación,-34.78406000148465,-55.96666133456991,Registrada,NuevaNuevaNueva,Permiso de usoPermiso de usoPermiso de uso,Cda. s/n,52.1,Tajamar Grande
Río de la Plata,26,Tajamar Grande,31573.0,CANELONES,Otros usos,Turismo/Recreación,-34.78406000148465,-55.96666133456991,Registrada,NuevaNuevaNueva,Permiso de usoPermiso de usoPermiso de uso,Cda. s/n,52.1,Tajamar Grande
Río de la Plata,26,Tajamar Grande,31573.0,CANELONES,Otros usos,Turismo/Recreación,-34.78406000148465,-55.96666133456991,Registrada,NuevaNuevaNueva,Permiso de usoPermiso de usoPermiso de uso,Cda. s/n,52.1,Tajamar Grande
Río de la Plata,26,Tajamar Mediano,41059.5,CANELONES,Otros usos,Turismo/Recreación,-34.79271702098912,-55.96355533653284,Registrada,NuevaNueva,Permiso de usoPermiso de uso,Cda. s/n,1672.0,Tajamar Mediano
Río de la Plata,26,Tajamar Mediano,41059.5,CANELONES,Otros usos,Turismo/Recreación,-34.79271702098912,-55.96355533653284,Registrada,NuevaNueva,Permiso de usoPermiso de uso,Cda. s/n,1672.0,Tajamar Mediano
Río de la Plata,26,Tanque Excavado,7.0,CANELONES,Riego,Hortalizas,-34.68350262268504,-56.06736481148801,Registrada,Nueva,Permiso de uso,Ao. Del Colorado,18.0,Tanque Excavado
Río de la Plata,26,Tanque Excavado,11500.0,CANELONES,Otros usos,Otros,-34.77472491836977,-55.88293818756938,Registrada,NuevaNueva,Permiso de usoPermiso de uso,Cda. s/n,3.85,Tanque Excavado
Río de la Plata,26,Tanque Excavado,11500.0,CANELONES,Otros usos,Otros,-34.77472491836977,-55.88293818756938,Registrada,NuevaNueva,Permiso de usoPermiso de uso,Cda. s/n,3.85,Tanque Excavado
Río de la Plata,26,Tajamar Chico,3550.0,CANELONES,Riego,Hortalizas,-34.71175776058519,-56.10131442546845,Registrada,Nueva,Permiso de uso,Cañada,19.7,Tajamar Chico
Río de la Plata,26,Tajamar Chico,7000.0,MONTEVIDEO,Otros usos,Otros,-34.79442142113826,-56.2171751256392,Registrada,Nueva,Permiso de uso,Cañada,49.0,Tajamar Chico
Río de la Plata,26,Tajamar Chico,511.0,CANELONES,Riego,Frutales,-34.5905021140778,-56.05450022212427,Registrada,Nueva,Permiso de uso,Ao. Mata Siete,1.5,Tajamar Chico
Río de la Plata,26,Tajamar Grande,18950.0,MONTEVIDEO,Otros usos,Otros,-34.78863799597787,-56.04695248574354,Registrada,Nueva,Permiso de uso,Cda. s/n,9.75,Tajamar Grande
Río de la Plata,26,Tajamar Mediano,12500.0,CANELONES,Riego,Frutales,-34.68810657592616,-56.01556568707916,Registrada,Renovación,Permiso de uso,Cda. s/n,32.0,Tajamar Mediano
Río de la Plata,26,Tanque Excavado,2257.0,CANELONES,Riego,Hortalizas,-34.68316314314672,-55.99873781029601,Registrada,NuevaNuevaNueva,Permiso de usoPermiso de usoPermiso de uso,Cda. García,67.0,Tanque Excavado
Río de la Plata,26,Tanque Excavado,2257.0,CANELONES,Riego,Hortalizas,-34.68316314314672,-55.99873781029601,Registrada,NuevaNuevaNueva,Permiso de usoPermiso de usoPermiso de uso,Cda. García,67.0,Tanque Excavado
Río de la Plata,26,Tanque Excavado,2257.0,CANELONES,Riego,Hortalizas,-34.68316314314672,-55.99873781029601,Registrada,NuevaNuevaNueva,Permiso de usoPermiso de usoPermiso de uso,Cda. García,67.0,Tanque Excavado
Río de la Plata,26,Tajamar Mediano,48876.0,CANELONES,Riego,Hortalizas,-34.55566616633318,-55.98400354298064,Registrada,Nueva,Permiso de uso,Cda. s/n,31.0,Tajamar Mediano
Río de la Plata,26,Tajamar Mediano,2000.0,MONTEVIDEO,Riego,Hortalizas,-34.77312847794087,-56.04205727533554,Registrada,Nueva,Permiso de uso,Cda. s/n,25.0,Tajamar Mediano
Río de la Plata,26,Tajamar Mediano,16600.0,CANELONES,Industrial,Alimentos y bebidas,-34.63053791186803,-55.95960152147563,Registrada,NuevaNuevaNueva,Permiso de usoPermiso de usoPermiso de uso,Cda. s/n,15.0,Tajamar Mediano
Río de la Plata,26,Tajamar Grande,16600.0,CANELONES,Industrial,Alimentos y bebidas,-34.63053791186803,-55.95960152147563,Registrada,NuevaNuevaNueva,Permiso de usoPermiso de usoPermiso de uso,Cda. s/n,15.0,Tajamar Grande
Río de la Plata,26,Tajamar Mediano,16600.0,CANELONES,Industrial,Alimentos y bebidas,-34.63053791186803,-55.95960152147563,Registrada,NuevaNuevaNueva,Permiso de usoPermiso de usoPermiso de uso,Cda. s/n,15.0,Tajamar Mediano
Río de la Plata,26,Tajamar Mediano,33250.0,CANELONES,Riego,Frutales,-34.71175776058519,-56.10131442546845,Registrada,Nueva,Permiso de uso,Ao. Del Sauce,15.0,Tajamar Mediano
Río de la Plata,26,Tanque Excavado,200.0,CANELONES,Otros usos agropecuarios,Abrevadero de ganado,-34.74774284363666,-55.80199062822613,Registrada,Nueva,Permiso de uso,Cda. Del Cisne,7.0,Tanque Excavado
Río de la Plata,26,Tajamar Mediano,1.0,CANELONES,Otros usos,Turismo/Recreación,-34.75290617411964,-55.89148950560411,Registrada,Nueva,Permiso de uso,Cda. Pantanosa,6.5,Tajamar Mediano
Río de la Plata,26,Tanque Excavado,8316.0,CANELONES,Riego,Hortalizas,-34.55301780738549,-56.06153637170792,Registrada,Nueva,Permiso de uso,Cda. s/n,17.0,Tanque Excavado
Río de la Plata,26,Tajamar Grande,210000.0,CANELONES,Industrial,Alimentos y bebidas,-34.63043771342269,-55.95977640171621,Registrada,Nueva,Permiso de uso,Cda. Del Valdenegro,375.0,Tajamar Grande
Río de la Plata,26,Tajamar Chico,1200.0,CANELONES,Otros usos agropecuarios,Abrevadero de ganado,-34.52700279179659,-56.04813710589362,Registrada,Nueva,Permiso de uso,,1.0,Tajamar Chico
Río de la Plata,26,Tajamar Chico,2000.0,CANELONES,Otros usos agropecuarios,Abrevadero de ganado,-34.52704870086553,-56.04287362035679,Registrada,Nueva,Permiso de uso,Ao. Pantanoso,22.0,Tajamar Chico
Río de la Plata,26,Tanque Excavado,180.0,CANELONES,Otros usos agropecuarios,Abrevadero de ganado,-34.68076111221684,-55.99657198790766,Registrada,Nueva,Permiso de uso,,10.0,Tanque Excavado
Río de la Plata,26,Tajamar Chico,80.0,CANELONES,Otros usos agropecuarios,Abrevadero de ganado,-34.72478569624842,-55.89867806583676,Registrada,Nueva,Permiso de uso,,0.443,Tajamar Chico
Río de la Plata,27,Tajamar Mediano,9800.0,CANELONES,Otros usos agropecuarios,Abrevadero de ganado,-34.29052173187164,-55.6973825094278,Registrada,Nueva,Permiso de uso,Cda. s/n,9.0,Tajamar Mediano
Río de la Plata,27,Tanque Excavado,2100.0,CANELONES,Otros usos agropecuarios,Abrevadero de ganado,-34.45200372869881,-55.73919087577844,Registrada,Nueva,Permiso de uso,Cda. s/n,0.0,Tanque Excavado
Río de la Plata,27,Tajamar Mediano,8000.0,CANELONES,Riego,Frutales,-34.6712680431115,-55.60068171793365,Registrada,Renovación,Permiso de uso,Ao. Cueva Del Tigre,5.0,Tajamar Mediano
Río de la Plata,27,Tanque Excavado,4827.0,CANELONES,Riego,Hortalizas,-34.57375052943052,-55.78728281552586,Registrada,Nueva,Permiso de uso,Cda. De Las Pajas Blancas,0.0,Tanque Excavado
Río de la Plata,27,Tanque Excavado,4000.0,CANELONES,Riego,Hortalizas,-34.6017025227052,-55.70310624668184,Registrada,Nueva,Permiso de uso,Cda. s/n,0.0,Tanque Excavado
Río de la Plata,27,Tanque Excavado,13200.0,CANELONES,Riego,Hortalizas,-34.60017248579381,-55.80017531017106,Registrada,Nueva,Permiso de uso,Cda. De Los Negros,0.0,Tanque Excavado
Río de la Plata,27,Tanque Excavado,1715.0,CANELONES,Riego,Hortalizas,-34.57560637854854,-55.77909788638632,Registrada,Nueva,Permiso de uso,Cda. De Las Pajas Blancas,0.0,Tanque Excavado
Río de la Plata,27,Tanque Excavado,13200.0,CANELONES,Riego,Hortalizas,-34.60017248579381,-55.80017531017106,Registrada,Renovación,Permiso de uso,Cda. s/n,0.0,Tanque Excavado
Río de la Plata,27,Tanque Excavado,500.0,CANELONES,Riego,Hortalizas,-34.46808605914284,-55.76216693076016,Registrada,Nueva,Permiso de uso,Cda. De Horqueta,0.0,Tanque Excavado
Río de la Plata,27,Tanque Excavado,1600.0,CANELONES,Riego,Hortalizas,-34.45512,-55.73692,Registrada,Nueva,Permiso de uso,Cda. De Horqueta,0.0,Tanque Excavado
Río de la Plata,27,Tajamar Grande,2200.0,CANELONES,Riego,Hortalizas,-34.45206,-55.72953,Registrada,Nueva,Permiso de uso,Cda. s/n,8.0,Tajamar Grande
Río de la Plata,27,Tanque Excavado,3900.0,CANELONES,Riego,Hortalizas,-34.45434301387019,-55.73070079058039,Registrada,Nueva,Permiso de uso,Ao. Solís Chico,0.0,Tanque Excavado
Río de la Plata,27,Reservorio,35000.0,CANELONES,Riego,Forraje/Pradera/Semillas,-34.46770250337421,-55.77912482200848,Registrada,Nueva,Permiso de uso,Cda. De Horqueta,240.0,Reservorio/Otros
Río de la Plata,27,Tanque Excavado,7000.0,CANELONES,Riego,Hortalizas,-34.56109424629513,-55.81255358158519,Registrada,Nueva,Permiso de uso,Cda. De Las Barrancas Negras,0.0,Tanque Excavado
Río de la Plata,27,Tanque Excavado,1800.0,CANELONES,Riego,Hortalizas,-34.51277182601395,-55.83606903999029,Registrada,Nueva,Permiso de uso,Ao. La Pedrera,0.0,Tanque Excavado
Río de la Plata,27,Tanque Excavado,920.0,CANELONES,Riego,Hortalizas,-34.6705295257486,-55.80253217980592,Registrada,Nueva,Permiso de uso,Ao. Pando,0.0,Tanque Excavado
Río de la Plata,27,Tanque Excavado,4080.0,CANELONES,Riego,Hortalizas,-34.46301349393236,-55.77205159858171,Registrada,Renovación,Permiso de uso,Cda. s/n,0.0,Tanque Excavado
Río de la Plata,27,Tanque Excavado,6900.0,CANELONES,Riego,Hortalizas,-34.57371447049761,-55.78727192293247,Registrada,Renovación,Permiso de uso,Cda. s/n,0.0,Tanque Excavado
Río de la Plata,27,Tanque Excavado,8000.0,CANELONES,Riego,Hortalizas,-34.44876580478446,-55.75638651109641,Registrada,Nueva,Permiso de uso,Cda. De Horqueta,0.0,Tanque Excavado
Río de la Plata,27,Tanque Excavado,4000.0,CANELONES,Riego,Hortalizas,-34.57583,-55.79418,Registrada,Renovación,Permiso de uso,Cda. s/n,0.0,Tanque Excavado
Río de la Plata,27,Tanque Excavado,3399.0,CANELONES,Riego,Hortalizas,-34.4487616322052,-55.7459399584305,Registrada,Nueva,Permiso de uso,Cda. De Horqueta,0.0,Tanque Excavado
Río de la Plata,27,Tajamar Mediano,7250.0,CANELONES,Riego,Hortalizas,-34.54767248601791,-55.65937230062336,Registrada,Nueva,Permiso de uso,Ao. Solís Chico,8.0,Tajamar Mediano
Río de la Plata,27,Tanque Excavado,3000.0,CANELONES,Riego,Hortalizas,-34.55056132304843,-55.66307175879343,Registrada,Nueva,Permiso de uso,Ao. Solís Chico,0.0,Tanque Excavado
Río de la Plata,27,Tanque Excavado,5000.0,CANELONES,Riego,Frutales,-34.51283,-55.82284,Registrada,Nueva,Permiso de uso,Cda. s/n,0.0,Tanque Excavado
Río de la Plata,27,Tanque Excavado,2000.0,CANELONES,Riego,Cereales/Oleaginosas,-34.43448842360173,-55.69862125864243,Registrada,Nueva,Permiso de uso,Cda. s/n,0.0,Tanque Excavado
Río de la Plata,27,Tanque Excavado,4000.0,CANELONES,Riego,Cereales/Oleaginosas,-34.43632,-55.6984,Registrada,Nueva,Permiso de uso,Cda. s/n,0.0,Tanque Excavado
Río de la Plata,27,Tanque Excavado,3200.0,CANELONES,Riego,Hortalizas,-34.41881,-55.69525,Registrada,Nueva,Permiso de uso,Ao. Solís Chico,5.0,Tanque Excavado
Río de la Plata,27,Tanque Excavado,8800.0,CANELONES,Riego,Hortalizas,-34.44158,-55.69963,Registrada,Nueva,Permiso de uso,Ao. Solís Chico,20.0,Tanque Excavado
Río de la Plata,27,Tanque Excavado,6000.0,CANELONES,Riego,Hortalizas,-34.45259,-55.75738,Registrada,Nueva,Permiso de uso,,95.0,Tanque Excavado
Río de la Plata,27,Tanque Excavado,15000.0,CANELONES,Riego,Frutales,-34.62477,-55.82588,Registrada,Nueva,Permiso de uso,Ao. De Los Padres,5.0,Tanque Excavado
Río de la Plata,27,Tanque Excavado,36000.0,CANELONES,Riego,Frutales,-34.62477,-55.82588,Registrada,Nueva,Permiso de uso,Ao. De Los Padres,10.0,Tanque Excavado
Río de la Plata,27,Tanque Excavado,3162.0,CANELONES,Riego,Hortalizas,-34.56303,-55.76506,Registrada,Nueva,Permiso de uso,Cda. s/n,80.0,Tanque Excavado
Río de la Plata,27,Represa Grande,10000000.0,CANELONES,Consumo humano,Abastecimiento a poblaciones,-34.66378,-55.74305,Registrada,Nueva,Reserva,Ao. Solís Chico,36000.0,Represa Grande
Río de la Plata,27,Represa Chica,160000.0,CANELONES,Riego,Hortalizas,-34.77473,-55.50777,Registrada,Nueva,Concesión,Ao. Junquito,350.0,Represa Chica
Río de la Plata,27,Tajamar Mediano,9762.5,CANELONES,Otros usos agropecuarios,Abrevadero de ganado,-34.67206,-55.78337,Registrada,NuevaNuevaNuevaNuevaNuevaNuevaNuevaNueva,Permiso de usoPermiso de usoPermiso de usoPermiso de usoPermiso de usoPermiso de usoPermiso de usoPermiso de uso,Cda. s/n,102.0,Tajamar Mediano
Río de la Plata,27,Tajamar Chico,9762.5,CANELONES,Otros usos agropecuarios,Abrevadero de ganado,-34.67206,-55.78337,Registrada,NuevaNuevaNuevaNuevaNuevaNuevaNuevaNueva,Permiso de usoPermiso de usoPermiso de usoPermiso de usoPermiso de usoPermiso de usoPermiso de usoPermiso de uso,Cda. s/n,102.0,Tajamar Chico
Río de la Plata,27,Tajamar Chico,9762.5,CANELONES,Otros usos agropecuarios,Abrevadero de ganado,-34.67206,-55.78337,Registrada,NuevaNuevaNuevaNuevaNuevaNuevaNuevaNueva,Permiso de usoPermiso de usoPermiso de usoPermiso de usoPermiso de usoPermiso de usoPermiso de usoPermiso de uso,Cda. s/n,102.0,Tajamar Chico
Río de la Plata,27,Tajamar Mediano,9762.5,CANELONES,Otros usos agropecuarios,Abrevadero de ganado,-34.67206,-55.78337,Registrada,NuevaNuevaNuevaNuevaNuevaNuevaNuevaNueva,Permiso de usoPermiso de usoPermiso de usoPermiso de usoPermiso de usoPermiso de usoPermiso de usoPermiso de uso,Cda. s/n,102.0,Tajamar Mediano
Río de la Plata,27,Tajamar Chico,9762.5,CANELONES,Otros usos agropecuarios,Abrevadero de ganado,-34.67206,-55.78337,Registrada,NuevaNuevaNuevaNuevaNuevaNuevaNuevaNueva,Permiso de usoPermiso de usoPermiso de usoPermiso de usoPermiso de usoPermiso de usoPermiso de usoPermiso de uso,Cda. s/n,102.0,Tajamar Chico
Río de la Plata,27,Tajamar Chico,9762.5,CANELONES,Otros usos agropecuarios,Abrevadero de ganado,-34.67206,-55.78337,Registrada,NuevaNuevaNuevaNuevaNuevaNuevaNuevaNueva,Permiso de usoPermiso de usoPermiso de usoPermiso de usoPermiso de usoPermiso de usoPermiso de usoPermiso de uso,Cda. s/n,102.0,Tajamar Chico
Río de la Plata,27,Tajamar Mediano,9762.5,CANELONES,Otros usos agropecuarios,Abrevadero de ganado,-34.67206,-55.78337,Registrada,NuevaNuevaNuevaNuevaNuevaNuevaNuevaNueva,Permiso de usoPermiso de usoPermiso de usoPermiso de usoPermiso de usoPermiso de usoPermiso de usoPermiso de uso,Cda. s/n,102.0,Tajamar Mediano
Río de la Plata,27,Tajamar Chico,9762.5,CANELONES,Otros usos agropecuarios,Abrevadero de ganado,-34.67206,-55.78337,Registrada,NuevaNuevaNuevaNuevaNuevaNuevaNuevaNueva,Permiso de usoPermiso de usoPermiso de usoPermiso de usoPermiso de usoPermiso de usoPermiso de usoPermiso de uso,Cda. s/n,102.0,Tajamar Chico
Río de la Plata,27,Tajamar Chico,916.0,CANELONES,Riego,Forraje/Pradera/Semillas,-34.67247,-55.77796,Registrada,Nueva,Permiso de uso,Cda. s/n,8.5,Tajamar Chico
Río de la Plata,27,Tajamar Chico,6000.0,CANELONES,Riego,Otros,-34.67535,-55.7446,Registrada,NuevaNueva,Permiso de usoPermiso de uso,Cda. s/n,30.0,Tajamar Chico
Río de la Plata,27,Tajamar Mediano,6000.0,CANELONES,Riego,Otros,-34.67535,-55.7446,Registrada,NuevaNueva,Permiso de usoPermiso de uso,Cda. s/n,30.0,Tajamar Mediano
Río de la Plata,27,Tajamar Mediano,4500.0,CANELONES,Riego,Otros,-34.67589,-55.78647,Registrada,Nueva,Permiso de uso,Ao. De Los Padres,10.0,Tajamar Mediano
Río de la Plata,27,Tanque Excavado,825.0,CANELONES,Riego,Hortalizas,-34.57737,-55.71442,Registrada,Nueva,Permiso de uso,Cda. s/n,5.0,Tanque Excavado
Río de la Plata,27,Tajamar Chico,3018.5,CANELONES,Riego,Forraje/Pradera/Semillas,-34.6674,-55.76575,Registrada,NuevaNueva,Permiso de usoPermiso de uso,Cda. s/n,10.0,Tajamar Chico
Río de la Plata,27,Tajamar Chico,3018.5,CANELONES,Riego,Forraje/Pradera/Semillas,-34.6674,-55.76575,Registrada,NuevaNueva,Permiso de usoPermiso de uso,Cda. s/n,10.0,Tajamar Chico
Río de la Plata,27,Tajamar Chico,3741.333333333333,CANELONES,Riego,Forraje/Pradera/Semillas,-34.66177,-55.77914,Registrada,NuevaNuevaNueva,Permiso de usoPermiso de usoPermiso de uso,Cda. s/n,29.0,Tajamar Chico
Río de la Plata,27,Tajamar Chico,3741.333333333333,CANELONES,Riego,Forraje/Pradera/Semillas,-34.66177,-55.77914,Registrada,NuevaNuevaNueva,Permiso de usoPermiso de usoPermiso de uso,Cda. s/n,29.0,Tajamar Chico
Río de la Plata,27,Tajamar Mediano,3741.333333333333,CANELONES,Riego,Forraje/Pradera/Semillas,-34.66177,-55.77914,Registrada,NuevaNuevaNueva,Permiso de usoPermiso de usoPermiso de uso,Cda. s/n,29.0,Tajamar Mediano
Río de la Plata,27,Tajamar Chico,2400.0,CANELONES,Riego,Forraje/Pradera/Semillas,-34.67136,-55.77757,Registrada,Nueva,Permiso de uso,Cda. s/n,12.0,Tajamar Chico
Río de la Plata,27,Tajamar Chico,3018.5,CANELONES,Riego,Forraje/Pradera/Semillas,-34.67312,-55.79645,Registrada,NuevaNueva,Permiso de usoPermiso de uso,Cda. s/n,24.0,Tajamar Chico
Río de la Plata,27,Tajamar Mediano,3018.5,CANELONES,Riego,Forraje/Pradera/Semillas,-34.67312,-55.79645,Registrada,NuevaNueva,Permiso de usoPermiso de uso,Cda. s/n,24.0,Tajamar Mediano
Río de la Plata,27,Tajamar Chico,1271.0,CANELONES,Riego,Forraje/Pradera/Semillas,-34.66495,-55.77514,Registrada,NuevaNueva,Permiso de usoPermiso de uso,Cda. s/n,79.0,Tajamar Chico
Río de la Plata,27,Tajamar Chico,1271.0,CANELONES,Riego,Forraje/Pradera/Semillas,-34.66495,-55.77514,Registrada,NuevaNueva,Permiso de usoPermiso de uso,Cda. s/n,79.0,Tajamar Chico
Río de la Plata,27,Tajamar Chico,5432.0,CANELONES,Riego,Forraje/Pradera/Semillas,-34.67157,-55.78899,Registrada,NuevaNuevaNuevaNueva,Permiso de usoPermiso de usoPermiso de usoPermiso de uso,Cda. s/n,303.0,Tajamar Chico
Río de la Plata,27,Tajamar Chico,5432.0,CANELONES,Riego,Forraje/Pradera/Semillas,-34.67157,-55.78899,Registrada,NuevaNuevaNuevaNueva,Permiso de usoPermiso de usoPermiso de usoPermiso de uso,Cda. s/n,303.0,Tajamar Chico
Río de la Plata,27,Tajamar Chico,5432.0,CANELONES,Riego,Forraje/Pradera/Semillas,-34.67157,-55.78899,Registrada,NuevaNuevaNuevaNueva,Permiso de usoPermiso de usoPermiso de usoPermiso de uso,Cda. s/n,303.0,Tajamar Chico
Río de la Plata,27,Tajamar Chico,5432.0,CANELONES,Riego,Forraje/Pradera/Semillas,-34.67157,-55.78899,Registrada,NuevaNuevaNuevaNueva,Permiso de usoPermiso de usoPermiso de usoPermiso de uso,Cda. s/n,303.0,Tajamar Chico
Río de la Plata,27,Tajamar Mediano,2265.0,CANELONES,Riego,Forraje/Pradera/Semillas,-34.67477,-55.7877,Registrada,NuevaNuevaNueva,Permiso de usoPermiso de usoPermiso de uso,Cda. s/n,9.0,Tajamar Mediano
Río de la Plata,27,Tajamar Mediano,2265.0,CANELONES,Riego,Forraje/Pradera/Semillas,-34.67477,-55.7877,Registrada,NuevaNuevaNueva,Permiso de usoPermiso de usoPermiso de uso,Cda. s/n,9.0,Tajamar Mediano
Río de la Plata,27,Tajamar Mediano,2265.0,CANELONES,Riego,Forraje/Pradera/Semillas,-34.67477,-55.7877,Registrada,NuevaNuevaNueva,Permiso de usoPermiso de usoPermiso de uso,Cda. s/n,9.0,Tajamar Mediano
Río de la Plata,27,Tanque Excavado,3851.333333333333,CANELONES,Riego,Hortalizas,-34.57606,-55.71962,Registrada,NuevaNuevaNueva,Permiso de usoPermiso de usoPermiso de uso,Cda. s/n,18.0,Tanque Excavado
Río de la Plata,27,Tanque Excavado,3851.333333333333,CANELONES,Riego,Hortalizas,-34.57606,-55.71962,Registrada,NuevaNuevaNueva,Permiso de usoPermiso de usoPermiso de uso,Cda. s/n,18.0,Tanque Excavado
Río de la Plata,27,Tanque Excavado,3851.333333333333,CANELONES,Riego,Hortalizas,-34.57606,-55.71962,Registrada,NuevaNuevaNueva,Permiso de usoPermiso de usoPermiso de uso,Cda. s/n,18.0,Tanque Excavado
Río de la Plata,27,Tajamar Mediano,4920.0,CANELONES,Riego,Hortalizas,-34.4489715682447,-55.75866222381592,Registrada,NuevaNueva,Permiso de usoPermiso de uso,Cda. s/n,19.0,Tajamar Mediano
Río de la Plata,27,Tanque Excavado,4920.0,CANELONES,Riego,Hortalizas,-34.4489715682447,-55.75866222381592,Registrada,NuevaNueva,Permiso de usoPermiso de uso,Cda. s/n,19.0,Tanque Excavado
Río de la Plata,27,Tanque Excavado,3000.0,CANELONES,Riego,Hortalizas,-34.41777450639657,-55.6781858112663,Registrada,NuevaNuevaNueva,Permiso de usoPermiso de usoPermiso de uso,Cda. s/n,,Tanque Excavado
Río de la Plata,27,Tanque Excavado,3000.0,CANELONES,Riego,Hortalizas,-34.41777450639657,-55.6781858112663,Registrada,NuevaNuevaNueva,Permiso de usoPermiso de usoPermiso de uso,Cda. s/n,,Tanque Excavado
Río de la Plata,27,Tanque Excavado,3000.0,CANELONES,Riego,Hortalizas,-34.41777450639657,-55.6781858112663,Registrada,NuevaNuevaNueva,Permiso de usoPermiso de usoPermiso de uso,Cda. s/n,,Tanque Excavado
Río de la Plata,27,Tajamar Chico,2000.0,CANELONES,Otros usos agropecuarios,Abrevadero de ganado,-34.61853303282415,-55.72115130722522,Registrada,Nueva,Permiso de uso,Cda. s/n,4.0,Tajamar Chico
Río de la Plata,27,Tajamar Mediano,17200.0,CANELONES,Riego,Forraje/Pradera/Semillas,-34.61269406993048,-55.72161465883256,Registrada,Nueva,Permiso de uso,Cda. s/n,19.0,Tajamar Mediano
Río de la Plata,27,Tanque Excavado,6430.5,CANELONES,Riego,Hortalizas,-34.5487858081804,-55.66878743469717,Registrada,NuevaNueva,Permiso de usoPermiso de uso,Cda. s/n,138.0,Tanque Excavado
Río de la Plata,27,Tanque Excavado,6430.5,CANELONES,Riego,Hortalizas,-34.5487858081804,-55.66878743469717,Registrada,NuevaNueva,Permiso de usoPermiso de uso,Cda. s/n,138.0,Tanque Excavado
Río de la Plata,27,Tanque Excavado,1125.0,CANELONES,Otros usos agropecuarios,Abrevadero de ganado,-34.72572905145196,-55.77950634062289,Registrada,NuevaNueva,Permiso de usoPermiso de uso,Cda. s/n,,Tanque Excavado
Río de la Plata,27,Tanque Excavado,1125.0,CANELONES,Otros usos agropecuarios,Abrevadero de ganado,-34.72572905145196,-55.77950634062289,Registrada,NuevaNueva,Permiso de usoPermiso de uso,Cda. s/n,,Tanque Excavado
Río de la Plata,27,Tanque Excavado,1216.666666666667,CANELONES,Otros usos agropecuarios,Abrevadero de ganado,-34.69167659269755,-55.6126439385116,Registrada,NuevaNuevaNueva,Permiso de usoPermiso de usoPermiso de uso,Cda. s/n,13.4,Tanque Excavado
Río de la Plata,27,Tanque Excavado,1216.666666666667,CANELONES,Otros usos agropecuarios,Abrevadero de ganado,-34.69167659269755,-55.6126439385116,Registrada,NuevaNuevaNueva,Permiso de usoPermiso de usoPermiso de uso,Cda. s/n,13.4,Tanque Excavado
Río de la Plata,27,Tanque Excavado,1216.666666666667,CANELONES,Otros usos agropecuarios,Abrevadero de ganado,-34.69167659269755,-55.6126439385116,Registrada,NuevaNuevaNueva,Permiso de usoPermiso de usoPermiso de uso,Cda. s/n,13.4,Tanque Excavado
Río de la Plata,27,Tanque Excavado,4284.0,CANELONES,Riego,Hortalizas,-34.48573978688346,-55.82548301368768,Registrada,Nueva,Permiso de uso,Cda. s/n,52.0,Tanque Excavado
Río de la Plata,27,Tanque Excavado,866.0,CANELONES,Riego,Hortalizas,-34.4858488814251,-55.82565424963831,Registrada,NuevaNuevaNueva,Permiso de usoPermiso de usoPermiso de uso,Cda. s/n,,Tanque Excavado
Río de la Plata,27,Tanque Excavado,866.0,CANELONES,Riego,Hortalizas,-34.4858488814251,-55.82565424963831,Registrada,NuevaNuevaNueva,Permiso de usoPermiso de usoPermiso de uso,Cda. s/n,,Tanque Excavado
Río de la Plata,27,Tanque Excavado,866.0,CANELONES,Riego,Hortalizas,-34.4858488814251,-55.82565424963831,Registrada,NuevaNuevaNueva,Permiso de usoPermiso de usoPermiso de uso,Cda. s/n,,Tanque Excavado
Río de la Plata,27,Tanque Excavado,8520.0,CANELONES,Riego,Hortalizas,-34.42731936239311,-55.69233655929565,Registrada,Nueva,Permiso de uso,Ao. Chico,,Tanque Excavado
Río de la Plata,27,Tanque Excavado,2520.0,CANELONES,Riego,Hortalizas,-34.42705387348325,-55.69225072860717,Registrada,Nueva,Permiso de uso,Ao. Solís Chico,350.0,Tanque Excavado
Río de la Plata,27,Tanque Excavado,2600.0,CANELONES,Riego,Hortalizas,-34.48723825331815,-55.82666561007499,Registrada,Nueva,Permiso de uso,Cda. s/n,33.0,Tanque Excavado
Río de la Plata,27,Tajamar Chico,3000.0,CANELONES,Otros usos agropecuarios,Abrevadero de ganado,-34.6579599531708,-55.59759079478682,Registrada,Nueva,Permiso de uso,Cda. s/n,51.0,Tajamar Chico
Río de la Plata,27,Represa Grande,535055.0,CANELONES,Riego,Cereales/Oleaginosas,-34.63430254672538,-55.66678047180176,Registrada,Nueva,Concesión,Cda. s/n,1174.0,Represa Grande
Río de la Plata,27,Tajamar Chico,90.0,CANELONES,Otros usos agropecuarios,Otros,-34.63686605577035,-55.81269765039907,Registrada,NuevaNueva,Permiso de usoPermiso de uso,Cda. s/n,50.0,Tajamar Chico
Río de la Plata,27,Tajamar Mediano,90.0,CANELONES,Otros usos agropecuarios,Otros,-34.63686605577035,-55.81269765039907,Registrada,NuevaNueva,Permiso de usoPermiso de uso,Cda. s/n,50.0,Tajamar Mediano
Río de la Plata,27,Tajamar Mediano,55000.0,CANELONES,Otros usos agropecuarios,Otros,-34.6972609422286,-55.78513383690733,Registrada,Nueva,Permiso de uso,Cda. El Talita,35.0,Tajamar Mediano
Río de la Plata,27,Tajamar Chico,90.0,CANELONES,Otros usos,Otros,-34.63306666705695,-55.81719875335693,Registrada,Nueva,Permiso de uso,Cda. s/n,11.0,Tajamar Chico
Río de la Plata,27,Tajamar Chico,3240.0,CANELONES,Riego,Hortalizas,-34.59024258465742,-55.73072239367058,Registrada,Nueva,Permiso de uso,Cda. De Los Negros,7.0,Tajamar Chico
Río de la Plata,27,Tanque Excavado,1875.0,CANELONES,Riego,Hortalizas,-34.42422193967412,-55.69663345791923,Registrada,NuevaNueva,Permiso de usoPermiso de uso,Cda. s/n,16.0,Tanque Excavado
Río de la Plata,27,Tanque Excavado,1875.0,CANELONES,Riego,Hortalizas,-34.42422193967412,-55.69663345791923,Registrada,NuevaNueva,Permiso de usoPermiso de uso,Cda. s/n,16.0,Tanque Excavado
Río de la Plata,27,Tanque Excavado,5000.0,CANELONES,Riego,Hortalizas,-34.44244309427668,-55.69628566492612,Registrada,Nueva,Permiso de uso,Cda. s/n,11.0,Tanque Excavado
Río de la Plata,27,Tajamar Mediano,24000.0,CANELONES,Otros usos,Turismo/Recreación,-34.64984241832754,-55.78999066674513,Registrada,Nueva,Permiso de uso,,110.0,Tajamar Mediano
Río de la Plata,27,Tajamar Grande,8600.0,CANELONES,Otros usos agropecuarios,Abrevadero de ganado,-34.44090787856572,-55.69197497232778,Registrada,Nueva,Permiso de uso,Cda. s/n,18.0,Tajamar Grande
Río de la Plata,27,Tajamar Chico,1080.0,CANELONES,Otros usos agropecuarios,Abrevadero de ganado,-34.44645977546827,-55.69767308231895,Registrada,Nueva,Permiso de uso,Cda. s/n,148.6,Tajamar Chico
Río de la Plata,27,Tajamar Mediano,8000.0,CANELONES,Riego,Frutales,-34.67085515022041,-55.60021189972757,Registrada,Nueva,Permiso de uso,Ao. Cueva Del Tigre,5.0,Tajamar Mediano
Río de la Plata,27,Tanque Excavado,2700.0,CANELONES,Riego,Hortalizas,-34.71175776058519,-56.10131442546845,Registrada,Nueva,Permiso de uso,Cda. s/n,121.0,Tanque Excavado
Río de la Plata,27,Tajamar Mediano,0.0,CANELONES,Otros usos,Turismo/Recreación,-34.68883592725975,-55.78638553658674,Registrada,Nueva,Permiso de uso,Ao. Solís Chico,28.0,Tajamar Mediano
Río de la Plata,27,Tajamar Grande,1.0,CANELONES,Otros usos,Turismo/Recreación,-34.55222542718052,-55.81628994868477,Registrada,Nueva,Permiso de uso,Cda. s/n,100.0,Tajamar Grande
Río de la Plata,27,Tajamar Chico,1.0,CANELONES,Otros usos,Turismo/Recreación,-34.67300678539564,-55.74787259014556,Registrada,Nueva,Permiso de uso,Ao. Solís Chico,45.7,Tajamar Chico
Río de la Plata,28,Represa Chica,535055.0,CANELONES,Riego,Forraje/Pradera/Semillas,-34.63430254672538,-55.66678047180176,Registrada,Nueva,Concesión,Cda. s/n,165.0,Represa Chica
Río de la Plata,28,Tajamar Mediano,19400.0,LAVALLEJA,Riego,Forraje/Pradera/Semillas,-34.53575381453374,-55.46440586131622,Registrada,Nueva,Permiso de uso,Cda. s/n,23.0,Tajamar Mediano
Río de la Plata,28,Tajamar Grande,11200.0,LAVALLEJA,Riego,Forraje/Pradera/Semillas,-34.54025618560591,-55.46264480831128,Registrada,Nueva,Permiso de uso,Cañada s/n,9.0,Tajamar Grande
Río de la Plata,28,Tajamar Mediano,3000.0,CANELONES,Riego,Hortalizas,-34.53786095635298,-55.60426823395722,Registrada,Nueva,Permiso de uso,Ao. Sauce De Solís,10.0,Tajamar Mediano
Río de la Plata,28,Tajamar Mediano,2000.0,CANELONES,Riego,Hortalizas,-34.54778883082129,-55.61187126912955,Registrada,Nueva,Permiso de uso,Ao. Sauce De Solís,10.0,Tajamar Mediano
Río de la Plata,28,Tanque Excavado,9000.0,CANELONES,Riego,Hortalizas,-34.56977,-55.58367,Registrada,Nueva,Permiso de uso,Cda. s/n,12.0,Tanque Excavado
Río de la Plata,28,Tajamar Grande,11000.0,MALDONADO,Otros usos,Turismo/Recreación,-34.68254,-55.44037,Registrada,Nueva,Permiso de uso,Ao. Solís Grande,15.0,Tajamar Grande
Río de la Plata,28,Tajamar Mediano,4180.0,CANELONES,Riego,Hortalizas,-34.37937,-55.64481,Registrada,Nueva,Permiso de uso,Cañada,16.0,Tajamar Mediano
Río de la Plata,28,Tanque Excavado,4180.0,CANELONES,Riego,Hortalizas,-34.37907,-55.64532,Registrada,Nueva,Permiso de uso,Cda. s/n,,Tanque Excavado
Río de la Plata,28,Tajamar Mediano,68000.0,CANELONES,Riego,Frutales,-34.70096,-55.49281,Registrada,Nueva,Permiso de uso,Ao. Quebracho,33.0,Tajamar Mediano
Río de la Plata,28,Tajamar Grande,9000.0,CANELONES,Riego,Hortalizas,-34.37703,-55.62924,Registrada,Nueva,Permiso de uso,Cda. De Los Cerros,49.0,Tajamar Grande
Río de la Plata,28,Represa Chica,130529.0,MALDONADO,Riego,Frutales,-34.70962,-55.38008,Registrada,Nueva,Concesión,Cda. s/n,164.0,Represa Chica
Río de la Plata,28,Tajamar Grande,42247.0,MALDONADO,Otros usos agropecuarios,Abrevadero de ganado,-34.68352,-55.38183,Registrada,Nueva,Permiso de uso,Cda. s/n,102.0,Tajamar Grande
Río de la Plata,28,Tajamar Mediano,87120.0,MALDONADO,Riego,Frutales,-34.75298,-55.36656,Registrada,Nueva,Permiso de uso,Ao. Pedregoso,7.7,Tajamar Mediano
Río de la Plata,28,Tajamar Mediano,12000.0,LAVALLEJA,Riego,Forraje/Pradera/Semillas,-34.49034,-55.5186,Registrada,Nueva,Permiso de uso,Cda. s/n,40.0,Tajamar Mediano
Río de la Plata,28,Tajamar Grande,55000.0,CANELONES,Otros usos agropecuarios,Abrevadero de ganado,-34.75759,-55.49377,Registrada,NuevaNueva,Permiso de usoPermiso de uso,Cda. s/n,430.0,Tajamar Grande
Río de la Plata,28,Tajamar Grande,55000.0,CANELONES,Otros usos agropecuarios,Abrevadero de ganado,-34.75759,-55.49377,Registrada,NuevaNueva,Permiso de usoPermiso de uso,Cda. s/n,430.0,Tajamar Grande
Río de la Plata,28,Tajamar Grande,64800.0,CANELONES,Riego,Frutales,-34.66306,-55.48765,Registrada,Nueva,Permiso de uso,Cda. s/n,150.0,Tajamar Grande
Río de la Plata,28,Tanque Excavado,3900.0,CANELONES,Otros usos agropecuarios,Abrevadero de ganado,-34.3842991651779,-55.64305063337087,Registrada,Nueva,Permiso de uso,Cda. s/n,30.0,Tanque Excavado
Río de la Plata,28,Tanque Excavado,2732.5,CANELONES,Riego,Hortalizas,-34.37606092490464,-55.64103243872522,Registrada,NuevaNueva,Permiso de usoPermiso de uso,Cda. s/n,8.3,Tanque Excavado
Río de la Plata,28,Tanque Excavado,2732.5,CANELONES,Riego,Hortalizas,-34.37606092490464,-55.64103243872522,Registrada,NuevaNueva,Permiso de usoPermiso de uso,Cda. s/n,8.3,Tanque Excavado
Río de la Plata,28,Tanque Excavado,2560.0,LAVALLEJA,Otros usos agropecuarios,Abrevadero de ganado,-34.33982712620973,-55.51012990996242,Registrada,Nueva,Permiso de uso,Cda. s/n,,Tanque Excavado
Río de la Plata,28,Tanque Excavado,960.0,CANELONES,Otros usos agropecuarios,Abrevadero de ganado,-34.70706874116571,-55.47845838591456,Registrada,Nueva,Permiso de uso,Cda. s/n,145.0,Tanque Excavado
Río de la Plata,28,Tajamar Grande,48000.0,MALDONADO,Riego,Forraje/Pradera/Semillas,-34.68462250940721,-55.41920185089111,Registrada,Nueva,Permiso de uso,Cañada,315.0,Tajamar Grande
Río de la Plata,28,Tajamar Grande,5000.0,CANELONES,Otros usos agropecuarios,Abrevadero de ganado,-34.56404007004481,-55.51589012145997,Registrada,Nueva,Permiso de uso,Cda. s/n,124.0,Tajamar Grande
Río de la Plata,28,Tanque Excavado,10000.0,CANELONES,Riego,Hortalizas,-34.77153370425109,-55.46547532081604,Registrada,Nueva,Permiso de uso,Cda. s/n,,Tanque Excavado
Río de la Plata,28,Tajamar Mediano,775.0,MALDONADO,Otros usos,Otros,-34.66210765939664,-55.38327693007886,Registrada,NuevaNueva,Permiso de usoPermiso de uso,Cda. s/n,11.0,Tajamar Mediano
Río de la Plata,28,Tajamar Chico,775.0,MALDONADO,Otros usos,Otros,-34.66210765939664,-55.38327693007886,Registrada,NuevaNueva,Permiso de usoPermiso de uso,Cda. s/n,11.0,Tajamar Chico
Río de la Plata,28,Tajamar Grande,98000.0,LAVALLEJA,Otros usos agropecuarios,Abrevadero de ganado,-34.5564855256756,-55.40532496923136,Registrada,Nueva,Permiso de uso,Cda. s/n,1982.0,Tajamar Grande
Río de la Plata,28,Represa Grande,33820.0,MALDONADO,Otros usos agropecuarios,Otros,-34.66538768889995,-55.38679003715516,Registrada,Nueva,Concesión,Cda. s/n,1007.0,Represa Grande
Río de la Plata,28,Tajamar Grande,4380.0,LAVALLEJA,Otros usos agropecuarios,Abrevadero de ganado,-34.35862790783367,-55.45905012113464,Registrada,Nueva,Permiso de uso,Cda. s/n,77.0,Tajamar Grande
Río de la Plata,28,Tajamar Grande,65662.0,CANELONES,Otros usos,Turismo/Recreación,-34.7180402601177,-55.499526601977,Registrada,Nueva,Permiso de uso,Cda. s/n,44.0,Tajamar Grande
Río de la Plata,28,Tajamar Grande,71465.0,LAVALLEJA,Otros usos agropecuarios,Abrevadero de ganado,-34.45484,-55.41203,Registrada,Renovación,Concesión,Ao. Del Abra Del Sauce,300.0,Tajamar Grande
Río de la Plata,28,Tajamar Chico,793.5714285714286,CANELONES,Otros usos,Otros,-34.65534,-56.28229,Registrada,NuevaNuevaNuevaNuevaNuevaNuevaNueva,Permiso de usoPermiso de usoPermiso de usoPermiso de usoPermiso de usoPermiso de usoPermiso de uso,Cda. s/n,37.4,Tajamar Chico
Río de la Plata,28,Tajamar Chico,793.5714285714286,CANELONES,Otros usos,Otros,-34.65534,-56.28229,Registrada,NuevaNuevaNuevaNuevaNuevaNuevaNueva,Permiso de usoPermiso de usoPermiso de usoPermiso de usoPermiso de usoPermiso de usoPermiso de uso,Cda. s/n,37.4,Tajamar Chico
Río de la Plata,28,Tajamar Chico,793.5714285714286,CANELONES,Otros usos,Otros,-34.65534,-56.28229,Registrada,NuevaNuevaNuevaNuevaNuevaNuevaNueva,Permiso de usoPermiso de usoPermiso de usoPermiso de usoPermiso de usoPermiso de usoPermiso de uso,Cda. s/n,37.4,Tajamar Chico
Río de la Plata,28,Tajamar Chico,793.5714285714286,CANELONES,Otros usos,Otros,-34.65534,-56.28229,Registrada,NuevaNuevaNuevaNuevaNuevaNuevaNueva,Permiso de usoPermiso de usoPermiso de usoPermiso de usoPermiso de usoPermiso de usoPermiso de uso,Cda. s/n,37.4,Tajamar Chico
Río de la Plata,28,Tajamar Chico,793.5714285714286,CANELONES,Otros usos,Otros,-34.65534,-56.28229,Registrada,NuevaNuevaNuevaNuevaNuevaNuevaNueva,Permiso de usoPermiso de usoPermiso de usoPermiso de usoPermiso de usoPermiso de usoPermiso de uso,Cda. s/n,37.4,Tajamar Chico
Río de la Plata,28,Tajamar Chico,793.5714285714286,CANELONES,Otros usos,Otros,-34.65534,-56.28229,Registrada,NuevaNuevaNuevaNuevaNuevaNuevaNueva,Permiso de usoPermiso de usoPermiso de usoPermiso de usoPermiso de usoPermiso de usoPermiso de uso,Cda. s/n,37.4,Tajamar Chico
Río de la Plata,28,Tajamar Chico,793.5714285714286,CANELONES,Otros usos,Otros,-34.65534,-56.28229,Registrada,NuevaNuevaNuevaNuevaNuevaNuevaNueva,Permiso de usoPermiso de usoPermiso de usoPermiso de usoPermiso de usoPermiso de usoPermiso de uso,Cda. s/n,37.4,Tajamar Chico
Río de la Plata,28,Tajamar Chico,590.6666666666666,CANELONES,Otros usos,Otros,-34.65534,-56.28229,Registrada,NuevaNuevaNuevaNuevaNuevaNueva,Permiso de usoPermiso de usoPermiso de usoPermiso de usoPermiso de usoPermiso de uso,Cda. s/n,41.0,Tajamar Chico
Río de la Plata,28,Tajamar Chico,590.6666666666666,CANELONES,Otros usos,Otros,-34.65534,-56.28229,Registrada,NuevaNuevaNuevaNuevaNuevaNueva,Permiso de usoPermiso de usoPermiso de usoPermiso de usoPermiso de usoPermiso de uso,Cda. s/n,41.0,Tajamar Chico
Río de la Plata,28,Tajamar Chico,590.6666666666666,CANELONES,Otros usos,Otros,-34.65534,-56.28229,Registrada,NuevaNuevaNuevaNuevaNuevaNueva,Permiso de usoPermiso de usoPermiso de usoPermiso de usoPermiso de usoPermiso de uso,Cda. s/n,41.0,Tajamar Chico
Río de la Plata,28,Tajamar Chico,590.6666666666666,CANELONES,Otros usos,Otros,-34.65534,-56.28229,Registrada,NuevaNuevaNuevaNuevaNuevaNueva,Permiso de usoPermiso de usoPermiso de usoPermiso de usoPermiso de usoPermiso de uso,Cda. s/n,41.0,Tajamar Chico
Río de la Plata,28,Tajamar Chico,590.6666666666666,CANELONES,Otros usos,Otros,-34.65534,-56.28229,Registrada,NuevaNuevaNuevaNuevaNuevaNueva,Permiso de usoPermiso de usoPermiso de usoPermiso de usoPermiso de usoPermiso de uso,Cda. s/n,41.0,Tajamar Chico
Río de la Plata,28,Tajamar Chico,590.6666666666666,CANELONES,Otros usos,Otros,-34.65534,-56.28229,Registrada,NuevaNuevaNuevaNuevaNuevaNueva,Permiso de usoPermiso de usoPermiso de usoPermiso de usoPermiso de usoPermiso de uso,Cda. s/n,41.0,Tajamar Chico
Río de la Plata,28,Tajamar Mediano,1000.0,CANELONES,Otros usos agropecuarios,Abrevadero de ganado,-34.61664714169882,-55.52562761247827,Registrada,Nueva,Permiso de uso,Cda. Bola,585.0,Tajamar Mediano
Río de la Plata,28,Tajamar Grande,195.0,LAVALLEJA,Otros usos agropecuarios,Abrevadero de ganado,-34.41923771484004,-55.41415143144496,Registrada,Nueva,Permiso de uso,Cda. Baya,47.0,Tajamar Grande
Río de la Plata,28,Tajamar Grande,83160.0,MALDONADO,Otros usos agropecuarios,Abrevadero de ganado,-34.70463253084749,-55.37746489048003,Registrada,Nueva,Permiso de uso,Cda. s/n,91.0,Tajamar Grande
Río de la Plata,28,Tajamar Chico,450.0,CANELONES,Otros usos agropecuarios,Abrevadero de ganado,-34.67726439465915,-55.57679414661833,Registrada,NuevaNueva,Permiso de usoPermiso de uso,Ao. Quebracho,4.0,Tajamar Chico
Río de la Plata,28,Tajamar Chico,450.0,CANELONES,Otros usos agropecuarios,Abrevadero de ganado,-34.67726439465915,-55.57679414661833,Registrada,NuevaNueva,Permiso de usoPermiso de uso,Ao. Quebracho,4.0,Tajamar Chico
Río de la Plata,29,Tanque Excavado,300.0,MALDONADO,Industrial,Otros,-34.80654844338252,-55.30962388615046,Registrada,Nueva,Permiso de uso,Cda. s/n,0.0,Tanque Excavado
Río de la Plata,29,Tajamar Mediano,2200.0,MALDONADO,Otros usos,Otros,-34.85126268751016,-55.22629021831148,Registrada,Nueva,Permiso de uso,Cda. s/n,7.28,Tajamar Mediano
Río de la Plata,29,Tajamar Grande,8400.0,MALDONADO,Otros usos,Otros,-34.8474645756454,-55.2236924542736,Registrada,Nueva,Permiso de uso,Cda. Del Tío Diego,23.87,Tajamar Grande
Río de la Plata,29,Tajamar Grande,8400.0,MALDONADO,Otros usos,Otros,-34.8474645756454,-55.2236924542736,Registrada,Nueva,Permiso de uso,Cda. s/n,14.36,Tajamar Grande
Río de la Plata,29,Represa Chica,396480.0,MALDONADO,Otros usos,Turismo/Recreación,-34.85026,-55.14762,Registrada,Nueva,Concesión,Cda. s/n,135.0,Represa Chica
Río de la Plata,29,Reservorio,17050.0,MALDONADO,Riego,Otros,-34.839,-55.22121,Registrada,Renovación,Permiso de uso,Cda. Del Tío Diego,60.0,Reservorio/Otros
Río de la Plata,29,Tanque Excavado,17050.0,MALDONADO,Otros usos,Llenado de embalse/tanque,-34.83773,-55.22429,Registrada,Renovación,Permiso de uso,Cda. Del Tío Diego,0.0,Tanque Excavado
Río de la Plata,29,Tanque Excavado,6874.0,MALDONADO,Riego,Frutales,-34.74446,-55.02202,Registrada,Nueva,Permiso de uso,Cañada,270.0,Tanque Excavado
Río de la Plata,29,Reservorio,523.0,MALDONADO,Otros usos agropecuarios,Abrevadero de ganado,-34.73913684008682,-55.25549001913164,Registrada,Nueva,Permiso de uso,Ao. Pan De Azúcar,,Reservorio/Otros
Río de la Plata,29,Tajamar Mediano,4500.0,MALDONADO,Riego,Frutales,-34.81173106176666,-55.08098898936774,Registrada,Nueva,Permiso de uso,Cda. s/n,39.0,Tajamar Mediano
Río de la Plata,29,Tajamar Grande,15600.0,MALDONADO,Otros usos,Turismo/Recreación,-34.73424908577442,-55.26313258494861,Registrada,Nueva,Permiso de uso,Cda. s/n,700.0,Tajamar Grande
Río de la Plata,29,Represa Mediana,98000.0,MALDONADO,Otros usos agropecuarios,Abrevadero de ganado,-34.59789111276192,-55.18390202531008,Registrada,Nueva,Concesión,Cda. s/n,640.0,Represa Mediana
Río de la Plata,29,Represa Chica,350000.0,MALDONADO,Otros usos,Turismo/Recreación,-34.79748,-55.11118,Registrada,Nueva,Concesión,Cañada,259.5,Represa Chica
Río de la Plata,29,Tajamar Grande,30470.0,MALDONADO,Riego,Frutales,-34.86085,-55.23623,Registrada,Nueva,Permiso de uso,Cda. s/n,75.8,Tajamar Grande
Río de la Plata,29,Toma,12500000.0,MALDONADO,Consumo humano,Abastecimiento a poblaciones,-34.90152,-54.95507,Registrada,RenovaciónRenovación,Permiso de usoPermiso de uso,Laguna Del Sauce,70500.0,Reservorio/Otros
Río de la Plata,29,Represa Grande,12500000.0,MALDONADO,Consumo humano,Abastecimiento a poblaciones,-34.90152,-54.95507,Registrada,RenovaciónRenovación,Permiso de usoPermiso de uso,Laguna Del Sauce,70500.0,Represa Grande
Río de la Plata,29,Tajamar Mediano,4811.0,MALDONADO,Otros usos,Turismo/Recreación,-34.63171,-55.19163,Registrada,Nueva,Permiso de uso,Cda. Del Curupí,8.6,Tajamar Mediano
Río de la Plata,29,Tajamar Mediano,4500.0,MALDONADO,Otros usos agropecuarios,Abrevadero de ganado,-34.69281,-55.16579,Registrada,Nueva,Permiso de uso,Cda. s/n,5.3,Tajamar Mediano
Río de la Plata,29,Tajamar Chico,900.0,MALDONADO,Otros usos agropecuarios,Abrevadero de ganado,-34.78186,-55.2594,Registrada,Nueva,Permiso de uso,Cda. s/n,2.4,Tajamar Chico
Río de la Plata,29,Tajamar Mediano,2300.0,MALDONADO,Otros usos agropecuarios,Abrevadero de ganado,-34.76461,-55.29115,Registrada,Nueva,Permiso de uso,Cda. s/n,4.8,Tajamar Mediano
Río de la Plata,29,Tajamar Chico,1140.0,MALDONADO,Otros usos agropecuarios,Abrevadero de ganado,-34.76767,-55.29909,Registrada,Nueva,Permiso de uso,Cda. s/n,4.7,Tajamar Chico
Río de la Plata,29,Tajamar Grande,22000.0,MALDONADO,Otros usos agropecuarios,Abrevadero de ganado,-34.68453,-55.26003,Registrada,Nueva,Permiso de uso,Cda. s/n,6.3,Tajamar Grande
Río de la Plata,29,Tajamar Chico,1450.0,MALDONADO,Otros usos agropecuarios,Abrevadero de ganado,-34.63218,-55.18965,Registrada,Nueva,Permiso de uso,Cda. s/n,2.7,Tajamar Chico
Río de la Plata,29,Tajamar Mediano,12395.0,MALDONADO,Otros usos agropecuarios,Abrevadero de ganado,-34.70287,-55.14565,Registrada,Nueva,Permiso de uso,Cda. s/n,13.4,Tajamar Mediano
Río de la Plata,29,Tajamar Chico,668.0,MALDONADO,Otros usos agropecuarios,Abrevadero de ganado,-34.52055303032809,-55.12574907392262,Registrada,NuevaNueva,Permiso de usoPermiso de uso,Cda. s/n,6.33,Tajamar Chico
Río de la Plata,29,Tajamar Chico,668.0,MALDONADO,Otros usos agropecuarios,Abrevadero de ganado,-34.52055303032809,-55.12574907392262,Registrada,NuevaNueva,Permiso de usoPermiso de uso,Cda. s/n,6.33,Tajamar Chico
Río de la Plata,29,Tajamar Chico,3041.0,MALDONADO,Otros usos agropecuarios,Abrevadero de ganado,-34.70979748899745,-55.1759147644043,Registrada,Nueva,Permiso de uso,Cda. s/n,6.34,Tajamar Chico
Río de la Plata,29,Tajamar Chico,1984.0,MALDONADO,Otros usos agropecuarios,Abrevadero de ganado,-34.55743500559088,-55.22451370954513,Registrada,Nueva,Permiso de uso,Cda. s/n,92.0,Tajamar Chico
Río de la Plata,29,Tajamar Chico,1025.0,MALDONADO,Otros usos agropecuarios,Abrevadero de ganado,-34.73076637809431,-55.17412930727004,Registrada,NuevaNueva,Permiso de usoPermiso de uso,Cda. s/n,12.0,Tajamar Chico
Río de la Plata,29,Tajamar Chico,1025.0,MALDONADO,Otros usos agropecuarios,Abrevadero de ganado,-34.73076637809431,-55.17412930727004,Registrada,NuevaNueva,Permiso de usoPermiso de uso,Cda. s/n,12.0,Tajamar Chico
Río de la Plata,29,Tajamar Chico,648.0,MALDONADO,Otros usos agropecuarios,Abrevadero de ganado,-34.73726427075506,-55.02973495982586,Registrada,Nueva,Permiso de uso,Cda. s/n,320.0,Tajamar Chico
Río de la Plata,29,Tajamar Chico,2527.0,MALDONADO,Otros usos agropecuarios,Abrevadero de ganado,-34.74995606962396,-55.24381153285502,Registrada,Nueva,Permiso de uso,Cda. s/n,200.0,Tajamar Chico
Río de la Plata,29,Tajamar Grande,6207.0,MALDONADO,Usos no consuntivos,Otros,-34.74808720064361,-55.05216434597968,Registrada,Nueva,Permiso de uso,Cda. s/n,60.0,Tajamar Grande
Río de la Plata,29,Represa Chica,322120.0,MALDONADO,Riego,Forraje/Pradera/Semillas,-34.84121,-55.19921,Registrada,Renovación,Concesión,Ao. Pan De Azúcar,145.0,Represa Chica
Río de la Plata,29,Tajamar Grande,116893.0,MALDONADO,Otros usos,Turismo/Recreación,-34.80608670994314,-55.08920431137084,Registrada,Nueva,Permiso de uso,Cda. s/n,265.0,Tajamar Grande
Río de la Plata,29,Tajamar Chico,2583.0,MALDONADO,Otros usos,Control de incendios,-34.81899136018083,-55.26734590530396,Registrada,Nueva,Permiso de uso,Cda. s/n,41.3,Tajamar Chico
Río de la Plata,29,Tajamar Chico,765.0,MALDONADO,Otros usos,Control de incendios,-34.81987214999116,-55.26440620422363,Registrada,Nueva,Permiso de uso,Cda. s/n,37.5,Tajamar Chico
Río de la Plata,29,Tajamar Chico,842.3333333333334,MALDONADO,Otros usos,Turismo/Recreación,-34.76584126333805,-55.01171110197901,Registrada,NuevaNuevaNueva,Permiso de usoPermiso de usoPermiso de uso,Cda. s/n,38.5,Tajamar Chico
Río de la Plata,29,Tajamar Chico,842.3333333333334,MALDONADO,Otros usos,Turismo/Recreación,-34.76584126333805,-55.01171110197901,Registrada,NuevaNuevaNueva,Permiso de usoPermiso de usoPermiso de uso,Cda. s/n,38.5,Tajamar Chico
Río de la Plata,29,Tajamar Chico,842.3333333333334,MALDONADO,Otros usos,Turismo/Recreación,-34.76584126333805,-55.01171110197901,Registrada,NuevaNuevaNueva,Permiso de usoPermiso de usoPermiso de uso,Cda. s/n,38.5,Tajamar Chico
Río de la Plata,29,Tajamar Chico,400.0,MALDONADO,Otros usos agropecuarios,Abrevadero de ganado,-34.66210765939664,-55.38327693007886,Registrada,Nueva,Permiso de uso,Cda. Zanja Honda,84.6,Tajamar Chico
Río de la Plata,29,Tajamar Chico,963.0,MALDONADO,Otros usos agropecuarios,Abrevadero de ganado,-34.81804009660809,-55.26499629020691,Registrada,Nueva,Permiso de uso,Cda. Zanja Honda,33.5,Tajamar Chico
Río de la Plata,29,Tajamar Grande,50220.0,MALDONADO,Otros usos,Turismo/Recreación,-34.66755360436809,-55.19484728341923,Registrada,Nueva,Permiso de uso,Cda. s/n,135.0,Tajamar Grande
Río de la Plata,29,Tajamar Mediano,32795.0,MALDONADO,Otros usos,Turismo/Recreación,-34.76543755705048,-55.04256664775312,Registrada,Nueva,Permiso de uso,Cda. s/n,1.274,Tajamar Mediano
Río de la Plata,29,Tajamar Chico,1260.0,MALDONADO,Riego,Otros,-34.84673364086522,-55.29007192701101,Registrada,Nueva,Permiso de uso,Cda. Zanja Honda,1062.0,Tajamar Chico
Río de la Plata,29,Tanque Excavado,125500.0,MALDONADO,Otros usos,Control de incendios,-34.80732000635567,-55.23845493706175,Registrada,Nueva,Permiso de uso,Cda. s/n,10.0,Tanque Excavado
Río de la Plata,29,Tajamar Grande,51590.0,MALDONADO,Otros usos,Turismo/Recreación,-34.79137969868891,-55.27373135089876,Registrada,Nueva,Permiso de uso,Cda. s/n,37.0,Tajamar Grande
Río de la Plata,29,Tajamar Mediano,500.0,MALDONADO,Otros usos,Turismo/Recreación,-34.80227746996582,-55.09733122591569,Registrada,Nueva,Permiso de uso,Cda. s/n,25.0,Tajamar Mediano
Río de la Plata,29,Tajamar Grande,4175.0,MALDONADO,Otros usos,Turismo/Recreación,-34.8725209385685,-55.23692429043876,Registrada,NuevaNuevaNueva,Permiso de usoPermiso de usoPermiso de uso,Cda. s/n,63.0,Tajamar Grande
Río de la Plata,29,Tajamar Chico,4175.0,MALDONADO,Otros usos,Turismo/Recreación,-34.8725209385685,-55.23692429043876,Registrada,NuevaNuevaNueva,Permiso de usoPermiso de usoPermiso de uso,Cda. s/n,63.0,Tajamar Chico
Río de la Plata,29,Tajamar Chico,4175.0,MALDONADO,Otros usos,Turismo/Recreación,-34.8725209385685,-55.23692429043876,Registrada,NuevaNuevaNueva,Permiso de usoPermiso de usoPermiso de uso,Cda. s/n,63.0,Tajamar Chico
Océano Atlántico,30,Tajamar Grande,16000.0,MALDONADO,Riego,Frutales,-34.51652353627574,-55.06036014134727,,Nueva,Permiso de uso,,,Tajamar Grande
Océano Atlántico,30,Represa Chica,17948.0,MALDONADO,Riego,Otros,-34.84611734380161,-55.01235541388341,,Nueva,Permiso de uso,,,Represa Chica
Océano Atlántico,30,Tajamar Chico,1809.0,MALDONADO,Otros usos,Turismo/Recreación,-34.885230112715,-54.83396760518956,,Nueva,Permiso de uso,,,Tajamar Chico
Océano Atlántico,30,Tajamar Mediano,18000.0,MALDONADO,Riego,Otros,-34.81921,-54.97161,,Nueva,Permiso de uso,,,Tajamar Mediano
Océano Atlántico,30,Tajamar Chico,1000.0,MALDONADO,Otros usos agropecuarios,Otros,-34.81446,-54.96039,,Nueva,Permiso de uso,,,Tajamar Chico
Océano Atlántico,30,Tajamar Chico,8000.0,MALDONADO,Riego,Forraje/Pradera/Semillas,-34.66703,-54.92459,,Nueva,Permiso de uso,,,Tajamar Chico
Océano Atlántico,30,Tajamar Chico,1304.0,MALDONADO,Otros usos agropecuarios,Abrevadero de ganado,-34.52819092883021,-54.94234862941084,,Nueva,Permiso de uso,,,Tajamar Chico
Océano Atlántico,30,Tajamar Chico,4800.0,MALDONADO,Otros usos agropecuarios,Abrevadero de ganado,-34.96595969147128,-54.94266705262174,,Nueva,Permiso de uso,,,Tajamar Chico
Océano Atlántico,30,Tajamar Chico,839.0,MALDONADO,Otros usos agropecuarios,Abrevadero de ganado,-34.48757766836457,-54.89485269819853,,Nueva,Permiso de uso,,,Tajamar Chico
Océano Atlántico,30,Tajamar Chico,1400.0,MALDONADO,Riego,Hortalizas,-34.68279282946143,-54.92819784209133,,Nueva,Permiso de uso,,,Tajamar Chico
Océano Atlántico,30,Tajamar Chico,280.0,MALDONADO,Otros usos agropecuarios,Abrevadero de ganado,-34.67489633111741,-55.03751395270227,,Nueva,Permiso de uso,,,Tajamar Chico
Océano Atlántico,30,Tajamar Mediano,11200.0,MALDONADO,Otros usos,Turismo/Recreación,-34.8515857973542,-54.82632695697247,,Nueva,Permiso de uso,,,Tajamar Mediano
Océano Atlántico,30,Tajamar Mediano,19000.0,MALDONADO,Otros usos,Turismo/Recreación,-34.84916377890521,-54.89583011716604,,Nueva,Permiso de uso,,,Tajamar Mediano
Océano Atlántico,30,Tajamar Mediano,14400.0,MALDONADO,Otros usos,Turismo/Recreación,-34.84789052429316,-54.89478824660181,,Nueva,Permiso de uso,,,Tajamar Mediano
Océano Atlántico,30,Tajamar Mediano,29600.0,MALDONADO,Otros usos,Turismo/Recreación,-34.84882919894247,-54.90173097699881,,Nueva,Permiso de uso,,,Tajamar Mediano
Océano Atlántico,30,Reservorio,36500.0,MALDONADO,Otros usos,Turismo/Recreación,-34.84925182603774,-54.89670988172291,,Nueva,Permiso de uso,,,Reservorio/Otros
Océano Atlántico,30,Tajamar Grande,126500.0,MALDONADO,Otros usos,Turismo/Recreación,-34.84860027502623,-54.89495035260916,,Nueva,Permiso de uso,,,Tajamar Grande
Océano Atlántico,30,Tajamar Chico,7500.0,MALDONADO,Otros usos,Turismo/Recreación,-34.84808423085753,-54.8924600891769,,Nueva,Permiso de uso,,,Tajamar Chico
Océano Atlántico,30,Tajamar Mediano,37000.0,MALDONADO,Otros usos,Turismo/Recreación,-34.85387609410687,-54.90387909114361,,Nueva,Permiso de uso,,,Tajamar Mediano
Océano Atlántico,30,Tajamar Mediano,24400.0,MALDONADO,Otros usos,Turismo/Recreación,-34.85583748446275,-54.91106506437063,,Nueva,Permiso de uso,,,Tajamar Mediano
Océano Atlántico,30,Reservorio,9500.0,MALDONADO,Otros usos,Turismo/Recreación,-34.85108318503443,-54.90797515958547,,Nueva,Permiso de uso,,,Reservorio/Otros
Océano Atlántico,30,Reservorio,3200.0,MALDONADO,Otros usos,Turismo/Recreación,-34.85379493022165,-54.90885492414234,,Nueva,Permiso de uso,,,Reservorio/Otros
Océano Atlántico,30,Reservorio,3800.0,MALDONADO,Otros usos,Turismo/Recreación,-34.85415934168238,-54.90743754431606,,Nueva,Permiso de uso,,,Reservorio/Otros
Océano Atlántico,30,Tanque Excavado,900.0,MALDONADO,Otros usos,Turismo/Recreación,-34.85570735017841,-54.91254799067974,,Nueva,Permiso de uso,,,Tanque Excavado
Océano Atlántico,30,Tanque Excavado,7368.0,MALDONADO,Otros usos,Turismo/Recreación,-34.85490769386806,-54.89774940535425,,Nueva,Permiso de uso,,,Tanque Excavado
Océano Atlántico,30,Reservorio,20553.0,MALDONADO,Otros usos,Turismo/Recreación,-34.85435915513337,-54.89732502959669,,Nueva,Permiso de uso,,,Reservorio/Otros
Océano Atlántico,30,Reservorio,1500.0,MALDONADO,Otros usos,Turismo/Recreación,-34.85383358625155,-54.90303872153163,,Nueva,Permiso de uso,,,Reservorio/Otros
Océano Atlántico,30,Reservorio,2000.0,MALDONADO,Otros usos,Turismo/Recreación,-34.85486903834284,-54.89763256162406,,Nueva,Permiso de uso,,,Reservorio/Otros
Océano Atlántico,30,Reservorio,2000.0,MALDONADO,Otros usos,Turismo/Recreación,-34.85308522429562,-54.90074275061487,,Nueva,Permiso de uso,,,Reservorio/Otros
Océano Atlántico,30,Reservorio,2300.0,MALDONADO,Otros usos,Turismo/Recreación,-34.85566484326927,-54.89851115271449,,Nueva,Permiso de uso,,,Reservorio/Otros
Océano Atlántico,30,Reservorio,900.0,MALDONADO,Otros usos,Turismo/Recreación,-34.85621241036463,-54.89906846545636,,Nueva,Permiso de uso,,,Reservorio/Otros
Océano Atlántico,30,Reservorio,800.0,MALDONADO,Otros usos,Turismo/Recreación,-34.8590175942474,-54.89821426570416,,Nueva,Permiso de uso,,,Reservorio/Otros
Océano Atlántico,30,Reservorio,900.0,MALDONADO,Otros usos,Turismo/Recreación,-34.85914469704059,-54.89912018179891,,Nueva,Permiso de uso,,,Reservorio/Otros
Océano Atlántico,30,Reservorio,1200.0,MALDONADO,Otros usos,Turismo/Recreación,-34.86266608160928,-54.90160927176475,,Nueva,Permiso de uso,,,Reservorio/Otros
Océano Atlántico,30,Reservorio,500.0,MALDONADO,Otros usos,Turismo/Recreación,-34.85970812870259,-54.90366920828821,,Nueva,Permiso de uso,,,Reservorio/Otros
Océano Atlántico,30,Reservorio,13500.0,MALDONADO,Otros usos,Turismo/Recreación,-34.87060927633167,-54.90630146116018,,Nueva,Permiso de uso,,,Reservorio/Otros
Océano Atlántico,30,Reservorio,2000.0,MALDONADO,Otros usos,Turismo/Recreación,-34.87144742774385,-54.91302005946635,,Nueva,Permiso de uso,,,Reservorio/Otros
Océano Atlántico,30,Reservorio,2100.0,MALDONADO,Otros usos,Turismo/Recreación,-34.87111981526184,-54.9124812707305,,Nueva,Permiso de uso,,,Reservorio/Otros
Océano Atlántico,30,Reservorio,3600.0,MALDONADO,Otros usos,Turismo/Recreación,-34.86758118717379,-54.90853305906057,,Nueva,Permiso de uso,,,Reservorio/Otros
Océano Atlántico,30,Reservorio,16216.0,MALDONADO,Otros usos,Turismo/Recreación,-34.86496865546273,-54.90053169429301,,Nueva,Permiso de uso,,,Reservorio/Otros
Océano Atlántico,30,Reservorio,3400.0,MALDONADO,Otros usos,Turismo/Recreación,-34.86890158859912,-54.90441318601369,,Nueva,Permiso de uso,,,Reservorio/Otros
Océano Atlántico,30,Reservorio,2100.0,MALDONADO,Otros usos,Turismo/Recreación,-34.86626076454606,-54.90801807492971,,Nueva,Permiso de uso,,,Reservorio/Otros
Océano Atlántico,30,Reservorio,1500.0,MALDONADO,Otros usos,Turismo/Recreación,-34.86749315965823,-54.90872617810965,,Nueva,Permiso de uso,,,Reservorio/Otros
Océano Atlántico,30,Tajamar Mediano,12724.0,MALDONADO,Otros usos,Turismo/Recreación,-34.86970526541451,-54.82522338555968,,NuevaNueva,Permiso de usoPermiso de uso,,,Tajamar Mediano
Océano Atlántico,30,Tajamar Chico,12724.0,MALDONADO,Otros usos,Turismo/Recreación,-34.86970526541451,-54.82522338555968,,NuevaNueva,Permiso de usoPermiso de uso,,,Tajamar Chico
Océano Atlántico,30,Tajamar Grande,61000.0,MALDONADO,Otros usos,Turismo/Recreación,-34.86434487541223,-54.82778470851073,,NuevaNuevaNuevaNuevaNueva,Permiso de usoPermiso de usoPermiso de usoPermiso de usoPermiso de uso,,,Tajamar Grande
Océano Atlántico,30,Tajamar Grande,61000.0,MALDONADO,Otros usos,Turismo/Recreación,-34.86434487541223,-54.82778470851073,,NuevaNuevaNuevaNuevaNueva,Permiso de usoPermiso de usoPermiso de usoPermiso de usoPermiso de uso,,,Tajamar Grande
Océano Atlántico,30,Tajamar Chico,61000.0,MALDONADO,Otros usos,Turismo/Recreación,-34.86434487541223,-54.82778470851073,,NuevaNuevaNuevaNuevaNueva,Permiso de usoPermiso de usoPermiso de usoPermiso de usoPermiso de uso,,,Tajamar Chico
Océano Atlántico,30,Tajamar Mediano,61000.0,MALDONADO,Otros usos,Turismo/Recreación,-34.86434487541223,-54.82778470851073,,NuevaNuevaNuevaNuevaNueva,Permiso de usoPermiso de usoPermiso de usoPermiso de usoPermiso de uso,,,Tajamar Mediano
Océano Atlántico,30,Tajamar Mediano,61000.0,MALDONADO,Otros usos,Turismo/Recreación,-34.86434487541223,-54.82778470851073,,NuevaNuevaNuevaNuevaNueva,Permiso de usoPermiso de usoPermiso de usoPermiso de usoPermiso de uso,,,Tajamar Mediano
Océano Atlántico,30,Tajamar Mediano,16851.0,MALDONADO,Usos no consuntivos,Otros,-34.80570541232894,-54.88140749809099,,Nueva,Permiso de uso,,,Tajamar Mediano
Océano Atlántico,30,Tanque Excavado,4266.666666666667,MALDONADO,Otros usos,Turismo/Recreación,-34.87949937103418,-54.83957594665843,,NuevaNuevaNueva,Permiso de usoPermiso de usoPermiso de uso,,,Tanque Excavado
Océano Atlántico,30,Tajamar Chico,4266.666666666667,MALDONADO,Otros usos,Turismo/Recreación,-34.87949937103418,-54.83957594665843,,NuevaNuevaNueva,Permiso de usoPermiso de usoPermiso de uso,,,Tajamar Chico
Océano Atlántico,30,Tajamar Chico,4266.666666666667,MALDONADO,Otros usos,Turismo/Recreación,-34.87949937103418,-54.83957594665843,,NuevaNuevaNueva,Permiso de usoPermiso de usoPermiso de uso,,,Tajamar Chico
Océano Atlántico,30,Tajamar Chico,18934.5,MALDONADO,Otros usos,Turismo/Recreación,-34.77092266690957,-54.80629205529112,,NuevaNuevaNuevaNueva,Permiso de usoPermiso de usoPermiso de usoPermiso de uso,,,Tajamar Chico
Océano Atlántico,30,Tajamar Grande,18934.5,MALDONADO,Otros usos,Turismo/Recreación,-34.77092266690957,-54.80629205529112,,NuevaNuevaNuevaNueva,Permiso de usoPermiso de usoPermiso de usoPermiso de uso,,,Tajamar Grande
Océano Atlántico,30,Tajamar Chico,18934.5,MALDONADO,Otros usos,Turismo/Recreación,-34.77092266690957,-54.80629205529112,,NuevaNuevaNuevaNueva,Permiso de usoPermiso de usoPermiso de usoPermiso de uso,,,Tajamar Chico
Océano Atlántico,30,Tajamar Chico,18934.5,MALDONADO,Otros usos,Turismo/Recreación,-34.77092266690957,-54.80629205529112,,NuevaNuevaNuevaNueva,Permiso de usoPermiso de usoPermiso de usoPermiso de uso,,,Tajamar Chico
Océano Atlántico,30,Tajamar Chico,960.0,MALDONADO,Otros usos,Turismo/Recreación,-34.66588378059257,-54.91821214556693,,NuevaNuevaNuevaNuevaNueva,Permiso de usoPermiso de usoPermiso de usoPermiso de usoPermiso de uso,,,Tajamar Chico
Océano Atlántico,30,Tajamar Chico,960.0,MALDONADO,Otros usos,Turismo/Recreación,-34.66588378059257,-54.91821214556693,,NuevaNuevaNuevaNuevaNueva,Permiso de usoPermiso de usoPermiso de usoPermiso de usoPermiso de uso,,,Tajamar Chico
Océano Atlántico,30,Tajamar Chico,960.0,MALDONADO,Otros usos,Turismo/Recreación,-34.66588378059257,-54.91821214556693,,NuevaNuevaNuevaNuevaNueva,Permiso de usoPermiso de usoPermiso de usoPermiso de usoPermiso de uso,,,Tajamar Chico
Océano Atlántico,30,Tajamar Chico,960.0,MALDONADO,Otros usos,Turismo/Recreación,-34.66588378059257,-54.91821214556693,,NuevaNuevaNuevaNuevaNueva,Permiso de usoPermiso de usoPermiso de usoPermiso de usoPermiso de uso,,,Tajamar Chico
Océano Atlántico,30,Tajamar Chico,960.0,MALDONADO,Otros usos,Turismo/Recreación,-34.66588378059257,-54.91821214556693,,NuevaNuevaNuevaNuevaNueva,Permiso de usoPermiso de usoPermiso de usoPermiso de usoPermiso de uso,,,Tajamar Chico
Océano Atlántico,31,Represa Chica,1689000.0,MALDONADO,Otros usos,Control de incendios,-34.56737442881038,-54.65725454986446,,Nueva,Concesión,,,Represa Chica
Océano Atlántico,31,Represa Chica,108000.0,MALDONADO,Otros usos,Comercial y servicios,-34.56663294178585,-54.5363158031019,,Nueva,Permiso de uso,,,Represa Chica
Océano Atlántico,31,Tajamar Grande,19000.0,MALDONADO,Riego,Frutales,-34.58145922292333,-54.64440884654991,,Nueva,Permiso de uso,,,Tajamar Grande
Océano Atlántico,31,Represa Chica,190000.0,MALDONADO,Riego,Otros,-34.5711,-54.63068,,Nueva,Concesión,,,Represa Chica
Océano Atlántico,31,Tajamar Grande,33000.0,MALDONADO,Riego,Frutales,-34.59351511559657,-54.638236083739,,Nueva,Permiso de uso,,,Tajamar Grande
Océano Atlántico,31,Tajamar Grande,29900.0,MALDONADO,Riego,Frutales,-34.59350047476016,-54.63669940684859,,Nueva,Permiso de uso,,,Tajamar Grande
Océano Atlántico,31,Tajamar Grande,36000.0,MALDONADO,Riego,Frutales,-34.57465608536442,-54.61735759819252,,Nueva,Permiso de uso,,,Tajamar Grande
Océano Atlántico,31,Tajamar Grande,93500.0,MALDONADO,Riego,Frutales,-34.58048186533312,-54.62138367305518,,Nueva,Permiso de uso,,,Tajamar Grande
Océano Atlántico,31,Tajamar Grande,22000.0,MALDONADO,Riego,Frutales,-34.58387225015494,-54.62712295349797,,Nueva,Permiso de uso,,,Tajamar Grande
Océano Atlántico,31,Represa Chica,140000.0,MALDONADO,Riego,Frutales,-34.59216,-54.64335,,Nueva,Concesión,,,Represa Chica
Océano Atlántico,31,Represa Chica,148000.0,MALDONADO,Riego,Frutales,-34.58487,-54.62166,,Nueva,Concesión,,,Represa Chica
Océano Atlántico,31,Tajamar Chico,1622.0,MALDONADO,Otros usos,Turismo/Recreación,-34.89192720882005,-54.8328390305816,,Nueva,Permiso de uso,,,Tajamar Chico
Océano Atlántico,31,Tajamar Grande,33550.0,MALDONADO,Otros usos,Turismo/Recreación,-34.88748102751148,-54.8336568510936,,Nueva,Permiso de uso,,,Tajamar Grande
Océano Atlántico,31,Tajamar Mediano,15587.0,MALDONADO,Otros usos,Turismo/Recreación,-34.88715,-54.82818,,Nueva,Permiso de uso,,,Tajamar Mediano
Océano Atlántico,31,Tajamar Grande,11442.0,MALDONADO,Otros usos,Turismo/Recreación,-34.89080919534876,-54.82579436083675,,Nueva,Permiso de uso,,,Tajamar Grande
Océano Atlántico,31,Represa Mediana,23600.0,MALDONADO,Otros usos,Otros,-34.63733,-54.65349,,Nueva,Concesión,,,Represa Mediana
Océano Atlántico,31,Tajamar Mediano,22400.0,MALDONADO,Riego,Otros,-34.62553,-54.60883,,Nueva,Permiso de uso,,,Tajamar Mediano
Océano Atlántico,31,Represa Chica,348400.0,MALDONADO,Otros usos,Control de incendios,-34.62478,-54.58823,,Nueva,Concesión,,,Represa Chica
Océano Atlántico,31,Tajamar Grande,19000.0,MALDONADO,Riego,Frutales,-34.58088,-54.64376,,Nueva,,,,Tajamar Grande
Océano Atlántico,31,Tajamar Grande,13380.0,MALDONADO,Otros usos,Otros,-34.64021,-54.66381,,Nueva,Permiso de uso,,,Tajamar Grande
Océano Atlántico,31,Tajamar Grande,89000.0,MALDONADO,Otros usos,Control de incendios,-34.6327,-54.60358,,Nueva,Permiso de uso,,,Tajamar Grande
Océano Atlántico,31,Tajamar Mediano,38070.0,MALDONADO,Riego,Frutales,-34.62567,-54.609,,Nueva,Permiso de uso,,,Tajamar Mediano
Océano Atlántico,31,Tajamar Grande,73660.0,MALDONADO,Otros usos,Control de incendios,-34.66293,-54.59364,,Nueva,Permiso de uso,,,Tajamar Grande
Océano Atlántico,31,Represa Chica,230000.0,MALDONADO,Riego,Frutales,-34.62176,-54.60606,,Nueva,Permiso de uso,,,Represa Chica
Océano Atlántico,31,Tajamar Grande,23550.0,MALDONADO,Riego,Frutales,-34.62402,-54.62377,,Nueva,Permiso de uso,,,Tajamar Grande
Océano Atlántico,31,Represa Chica,274400.0,MALDONADO,Otros usos,Otros,-34.63724,-54.58698,,Nueva,Concesión,,,Represa Chica
Océano Atlántico,31,Represa Chica,76000.0,MALDONADO,Otros usos,Otros,-34.62492,-54.61093,,Nueva,Concesión,,,Represa Chica
Océano Atlántico,31,Tajamar Mediano,75000.0,MALDONADO,Riego,Forraje/Pradera/Semillas,-34.75481,-54.60791,,Nueva,Permiso de uso,,,Tajamar Mediano
Océano Atlántico,31,Tajamar Grande,26200.0,MALDONADO,Riego,Frutales,-34.62541,-54.62682,,Nueva,Permiso de uso,,,Tajamar Grande
Océano Atlántico,31,Represa Mediana,750000.0,ROCHA,Riego,Forraje/Pradera/Semillas,-34.53333,-54.14893,,Nueva,Concesión,,,Represa Mediana
Océano Atlántico,31,Tajamar Grande,74000.0,MALDONADO,Riego,Otros,-34.84439,-54.8167,,Renovación,Permiso de uso,,,Tajamar Grande
Océano Atlántico,31,Tajamar Grande,4500.0,MALDONADO,Otros usos,Turismo/Recreación,-34.8255230449852,-54.66639029363225,,Nueva,Permiso de uso,,,Tajamar Grande
Océano Atlántico,31,Tajamar Chico,761.0,MALDONADO,Otros usos agropecuarios,Abrevadero de ganado,-34.58542360444963,-54.67159634863492,,Nueva,Permiso de uso,,,Tajamar Chico
Océano Atlántico,31,Tajamar Chico,227.0,MALDONADO,Otros usos agropecuarios,Abrevadero de ganado,-34.5043038486298,-54.54849493573418,,Nueva,Permiso de uso,,,Tajamar Chico
Océano Atlántico,31,Tajamar Chico,304.0,ROCHA,Otros usos agropecuarios,Abrevadero de ganado,-34.38135244627633,-54.27207720349541,,Nueva,Permiso de uso,,,Tajamar Chico
Océano Atlántico,31,Tajamar Chico,370.0,ROCHA,Otros usos agropecuarios,Abrevadero de ganado,-34.38195454873448,-54.27330029080621,,Nueva,Permiso de uso,,,Tajamar Chico
Océano Atlántico,31,Tajamar Chico,904.0,MALDONADO,Otros usos agropecuarios,Abrevadero de ganado,-34.50311996887886,-54.54698029177962,,Nueva,Permiso de uso,,,Tajamar Chico
Océano Atlántico,31,Tajamar Chico,600.0,ROCHA,Otros usos agropecuarios,Abrevadero de ganado,-34.54480556379478,-54.46650517056695,,Nueva,Permiso de uso,,,Tajamar Chico
Océano Atlántico,31,Tajamar Chico,390.0,ROCHA,Otros usos agropecuarios,Abrevadero de ganado,-34.54920635307508,-54.46538937161677,,Nueva,Permiso de uso,,,Tajamar Chico
Océano Atlántico,31,Tajamar Chico,3230.0,MALDONADO,Otros usos agropecuarios,Abrevadero de ganado,-34.61397175255269,-54.7073460824322,,Nueva,Permiso de uso,,,Tajamar Chico
Océano Atlántico,31,Tajamar Mediano,5900.0,ROCHA,Otros usos agropecuarios,Abrevadero de ganado,-34.51502961569776,-54.22804856440052,,Nueva,Permiso de uso,,,Tajamar Mediano
Océano Atlántico,31,Tajamar Mediano,3000.0,MALDONADO,Otros usos agropecuarios,Abrevadero de ganado,-34.64820685484261,-54.69884868711234,,Nueva,Permiso de uso,,,Tajamar Mediano
Océano Atlántico,31,Tajamar Grande,19000.0,MALDONADO,Riego,Otros,-34.76128105086696,-54.71992012113332,,Nueva,Permiso de uso,,,Tajamar Grande
Océano Atlántico,31,Tajamar Grande,65000.0,MALDONADO,Riego,Otros,-34.86748243129833,-54.76577281951905,,Nueva,Permiso de uso,,,Tajamar Grande
Océano Atlántico,31,Tajamar Chico,1376.0,MALDONADO,Otros usos agropecuarios,Abrevadero de ganado,-34.36708759149987,-54.58761571906508,,Nueva,Permiso de uso,,,Tajamar Chico
Océano Atlántico,31,Tajamar Chico,3432.0,MALDONADO,Otros usos,Otros,-34.71614122827837,-54.54688369296492,,Nueva,Permiso de uso,,,Tajamar Chico
Océano Atlántico,31,Tajamar Grande,20900.0,ROCHA,Riego,Forraje/Pradera/Semillas,-34.6445988051018,-54.5021914690733,,Nueva,Permiso de uso,,,Tajamar Grande
Océano Atlántico,31,Tajamar Grande,2200.0,MALDONADO,Otros usos agropecuarios,Abrevadero de ganado,-34.75401253232756,-54.72143171355127,,Nueva,Permiso de uso,,,Tajamar Grande
Océano Atlántico,31,Tajamar Chico,450.0,MALDONADO,Otros usos,Turismo/Recreación,-34.82769851715035,-54.67207906767727,,Nueva,Permiso de uso,,,Tajamar Chico
Océano Atlántico,31,Tajamar Chico,45.0,MALDONADO,Otros usos,Turismo/Recreación,-34.82707899642011,-54.66935813426971,,Nueva,Permiso de uso,,,Tajamar Chico
Océano Atlántico,31,Tajamar Grande,100850.0,MALDONADO,Otros usos,Turismo/Recreación,-34.71191885219148,-54.6350634098053,,Nueva,Permiso de uso,,,Tajamar Grande
Océano Atlántico,31,Tajamar Grande,34000.0,MALDONADO,Riego,Frutales,-34.63414840853509,-54.68312590875532,,Renovación,Permiso de uso,,,Tajamar Grande
Océano Atlántico,31,Tajamar Mediano,46000.0,MALDONADO,Otros usos,Turismo/Recreación,-34.73472054823303,-54.72253650112024,,Nueva,Permiso de uso,,,Tajamar Mediano
Océano Atlántico,31,Tajamar Grande,48100.0,ROCHA,Otros usos,Turismo/Recreación,-34.53847762858846,-54.18493779547997,,Renovación,Permiso de uso,,,Tajamar Grande
Océano Atlántico,31,Tanque Excavado,8603.0,MALDONADO,Otros usos,Turismo/Recreación,-34.90409635994433,-54.83263820303178,,Nueva,Permiso de uso,,,Tanque Excavado
Océano Atlántico,31,Represa Chica,758547.0,MALDONADO,Otros usos,Otros,-34.72178801572496,-54.74758237306853,,Nueva,Concesión,,,Represa Chica
Océano Atlántico,31,Tajamar Chico,1254.0,MALDONADO,Otros usos,Turismo/Recreación,-34.89470558557429,-54.82379315354552,,Nueva,Permiso de uso,,,Tajamar Chico
Océano Atlántico,31,Tajamar Chico,368.0,MALDONADO,Otros usos,Turismo/Recreación,-34.89526538972174,-54.82214522478994,,Nueva,Permiso de uso,,,Tajamar Chico
Océano Atlántico,31,Tajamar Grande,22000.0,MALDONADO,Otros usos,Turismo/Recreación,-34.89402374143642,-54.82556587492581,,Nueva,Permiso de uso,,,Tajamar Grande
Océano Atlántico,31,Tajamar Chico,10681.0,MALDONADO,Otros usos,Turismo/Recreación,-34.71541200395002,-54.72898148401964,,Nueva,Permiso de uso,,,Tajamar Chico
Océano Atlántico,31,Reservorio,28600.0,MALDONADO,Otros usos,Turismo/Recreación,-34.89071133794979,-54.82407329550098,,Nueva,Permiso de uso,,,Reservorio/Otros
Océano Atlántico,31,Tajamar Mediano,11300.0,MALDONADO,Otros usos,Turismo/Recreación,-34.89104868094705,-54.82396004657804,,Nueva,Permiso de uso,,,Tajamar Mediano
Océano Atlántico,31,Tajamar Chico,5653.0,MALDONADO,Otros usos,Turismo/Recreación,-34.72235220708489,-54.7489189915359,,Nueva,Permiso de uso,,,Tajamar Chico
Océano Atlántico,31,Tajamar Chico,6007.666666666667,MALDONADO,Otros usos,Turismo/Recreación,-34.79020389454057,-54.65943094342946,,NuevaNuevaNuevaNuevaNuevaNuevaNuevaNuevaNueva,Permiso de usoPermiso de usoPermiso de usoPermiso de usoPermiso de usoPermiso de usoPermiso de usoPermiso de usoPermiso de uso,,,Tajamar Chico
Océano Atlántico,31,Tajamar Chico,6007.666666666667,MALDONADO,Otros usos,Turismo/Recreación,-34.79020389454057,-54.65943094342946,,NuevaNuevaNuevaNuevaNuevaNuevaNuevaNuevaNueva,Permiso de usoPermiso de usoPermiso de usoPermiso de usoPermiso de usoPermiso de usoPermiso de usoPermiso de usoPermiso de uso,,,Tajamar Chico
Océano Atlántico,31,Tajamar Chico,6007.666666666667,MALDONADO,Otros usos,Turismo/Recreación,-34.79020389454057,-54.65943094342946,,NuevaNuevaNuevaNuevaNuevaNuevaNuevaNuevaNueva,Permiso de usoPermiso de usoPermiso de usoPermiso de usoPermiso de usoPermiso de usoPermiso de usoPermiso de usoPermiso de uso,,,Tajamar Chico
Océano Atlántico,31,Tajamar Mediano,6007.666666666667,MALDONADO,Otros usos,Turismo/Recreación,-34.79020389454057,-54.65943094342946,,NuevaNuevaNuevaNuevaNuevaNuevaNuevaNuevaNueva,Permiso de usoPermiso de usoPermiso de usoPermiso de usoPermiso de usoPermiso de usoPermiso de usoPermiso de usoPermiso de uso,,,Tajamar Mediano
Océano Atlántico,31,Tajamar Chico,6007.666666666667,MALDONADO,Otros usos,Turismo/Recreación,-34.79020389454057,-54.65943094342946,,NuevaNuevaNuevaNuevaNuevaNuevaNuevaNuevaNueva,Permiso de usoPermiso de usoPermiso de usoPermiso de usoPermiso de usoPermiso de usoPermiso de usoPermiso de usoPermiso de uso,,,Tajamar Chico
Océano Atlántico,31,Tajamar Chico,6007.666666666667,MALDONADO,Otros usos,Turismo/Recreación,-34.79020389454057,-54.65943094342946,,NuevaNuevaNuevaNuevaNuevaNuevaNuevaNuevaNueva,Permiso de usoPermiso de usoPermiso de usoPermiso de usoPermiso de usoPermiso de usoPermiso de usoPermiso de usoPermiso de uso,,,Tajamar Chico
Océano Atlántico,31,Tajamar Chico,6007.666666666667,MALDONADO,Otros usos,Turismo/Recreación,-34.79020389454057,-54.65943094342946,,NuevaNuevaNuevaNuevaNuevaNuevaNuevaNuevaNueva,Permiso de usoPermiso de usoPermiso de usoPermiso de usoPermiso de usoPermiso de usoPermiso de usoPermiso de usoPermiso de uso,,,Tajamar Chico
Océano Atlántico,31,Tajamar Grande,6007.666666666667,MALDONADO,Otros usos,Turismo/Recreación,-34.79020389454057,-54.65943094342946,,NuevaNuevaNuevaNuevaNuevaNuevaNuevaNuevaNueva,Permiso de usoPermiso de usoPermiso de usoPermiso de usoPermiso de usoPermiso de usoPermiso de usoPermiso de usoPermiso de uso,,,Tajamar Grande
Océano Atlántico,31,Tajamar Chico,6007.666666666667,MALDONADO,Otros usos,Turismo/Recreación,-34.79020389454057,-54.65943094342946,,NuevaNuevaNuevaNuevaNuevaNuevaNuevaNuevaNueva,Permiso de usoPermiso de usoPermiso de usoPermiso de usoPermiso de usoPermiso de usoPermiso de usoPermiso de usoPermiso de uso,,,Tajamar Chico
Océano Atlántico,31,Tajamar Chico,6737.333333333333,MALDONADO,Otros usos,Turismo/Recreación,-34.79691073694683,-54.65797416865826,,NuevaNuevaNueva,Permiso de usoPermiso de usoPermiso de uso,,,Tajamar Chico
Océano Atlántico,31,Tajamar Chico,6737.333333333333,MALDONADO,Otros usos,Turismo/Recreación,-34.79691073694683,-54.65797416865826,,NuevaNuevaNueva,Permiso de usoPermiso de usoPermiso de uso,,,Tajamar Chico
Océano Atlántico,31,Tajamar Chico,6737.333333333333,MALDONADO,Otros usos,Turismo/Recreación,-34.79691073694683,-54.65797416865826,,NuevaNuevaNueva,Permiso de usoPermiso de usoPermiso de uso,,,Tajamar Chico
Océano Atlántico,31,Tajamar Mediano,12250.0,MALDONADO,Otros usos,Turismo/Recreación,-34.80702434710948,-54.65466968715189,,Nueva,Permiso de uso,,,Tajamar Mediano
Océano Atlántico,31,Tajamar Grande,9300.0,MALDONADO,Otros usos,Turismo/Recreación,-34.80750692602627,-54.6545385941863,,Nueva,Permiso de uso,,,Tajamar Grande
Océano Atlántico,31,Tajamar Grande,214260.0,MALDONADO,Otros usos,Turismo/Recreación,-34.80696075549557,-54.65490337461233,,Nueva,Permiso de uso,,,Tajamar Grande
Océano Atlántico,31,Tajamar Chico,1367.0,MALDONADO,Otros usos,Otros,-34.89459318126354,-54.83014118833449,,Nueva,Permiso de uso,,,Tajamar Chico
Océano Atlántico,31,Tajamar Mediano,48648.0,MALDONADO,Otros usos,Turismo/Recreación,-34.72435994554113,-54.66072142124175,,Nueva,Permiso de uso,,,Tajamar Mediano
Océano Atlántico,31,Tajamar Mediano,12827.0,MALDONADO,Otros usos,Turismo/Recreación,-34.72622310588186,-54.65931057929993,,Nueva,Permiso de uso,,,Tajamar Mediano
Océano Atlántico,31,Tajamar Mediano,6302.0,MALDONADO,Otros usos,Turismo/Recreación,-34.72344286332199,-54.65967714742874,,Nueva,Permiso de uso,,,Tajamar Mediano
Océano Atlántico,31,Tajamar Chico,3283.5,MALDONADO,Otros usos,Turismo/Recreación,-34.72251401322172,-54.65910494327545,,NuevaNueva,Permiso de usoPermiso de uso,,,Tajamar Chico
Océano Atlántico,31,Tajamar Mediano,3283.5,MALDONADO,Otros usos,Turismo/Recreación,-34.72251401322172,-54.65910494327545,,NuevaNueva,Permiso de usoPermiso de uso,,,Tajamar Mediano
Océano Atlántico,31,Tanque Excavado,15200.0,MALDONADO,Otros usos,Turismo/Recreación,-34.82666536540066,-54.66466641409715,,Nueva,Permiso de uso,,,Tanque Excavado
Océano Atlántico,31,Tajamar Grande,33380.0,MALDONADO,Riego,Frutales,-34.6147668780641,-54.65032545792109,,Renovación,Permiso de uso,,,Tajamar Grande
Océano Atlántico,31,Tanque Excavado,4500.0,MALDONADO,Otros usos,Otros,-34.8255230449852,-54.66639029363225,,Nueva,Permiso de uso,,,Tanque Excavado
Océano Atlántico,31,Tajamar Chico,0.0,ROCHA,Otros usos,Otros,-34.71543864892645,-54.39407463117822,,NuevaNuevaNuevaNueva,Permiso de usoPermiso de usoPermiso de usoPermiso de uso,,,Tajamar Chico
Océano Atlántico,31,Tajamar Chico,0.0,ROCHA,Otros usos,Otros,-34.71543864892645,-54.39407463117822,,NuevaNuevaNuevaNueva,Permiso de usoPermiso de usoPermiso de usoPermiso de uso,,,Tajamar Chico
Océano Atlántico,31,Tajamar Chico,0.0,ROCHA,Otros usos,Otros,-34.71543864892645,-54.39407463117822,,NuevaNuevaNuevaNueva,Permiso de usoPermiso de usoPermiso de usoPermiso de uso,,,Tajamar Chico
Océano Atlántico,31,Tajamar Chico,0.0,ROCHA,Otros usos,Otros,-34.71543864892645,-54.39407463117822,,NuevaNuevaNuevaNueva,Permiso de usoPermiso de usoPermiso de usoPermiso de uso,,,Tajamar Chico
Océano Atlántico,31,Tajamar Chico,0.0,MALDONADO,Otros usos,Turismo/Recreación,-34.88801720666122,-54.81743658699588,,NuevaNueva,Permiso de usoPermiso de uso,,,Tajamar Chico
Océano Atlántico,31,Tajamar Chico,0.0,MALDONADO,Otros usos,Turismo/Recreación,-34.88801720666122,-54.81743658699588,,NuevaNueva,Permiso de usoPermiso de uso,,,Tajamar Chico
Océano Atlántico,31,Tajamar Chico,2921.0,MALDONADO,Otros usos,Turismo/Recreación,-34.81845334366224,-54.68520892323607,,Nueva,Permiso de uso,,,Tajamar Chico
Océano Atlántico,31,Tajamar Chico,1133.4,MALDONADO,Otros usos,Turismo/Recreación,-34.58778567635742,-54.6932019060199,,NuevaNuevaNuevaNuevaNueva,Permiso de usoPermiso de usoPermiso de usoPermiso de usoPermiso de uso,,,Tajamar Chico
Océano Atlántico,31,Tajamar Chico,1133.4,MALDONADO,Otros usos,Turismo/Recreación,-34.58778567635742,-54.6932019060199,,NuevaNuevaNuevaNuevaNueva,Permiso de usoPermiso de usoPermiso de usoPermiso de usoPermiso de uso,,,Tajamar Chico
Océano Atlántico,31,Tajamar Chico,1133.4,MALDONADO,Otros usos,Turismo/Recreación,-34.58778567635742,-54.6932019060199,,NuevaNuevaNuevaNuevaNueva,Permiso de usoPermiso de usoPermiso de usoPermiso de usoPermiso de uso,,,Tajamar Chico
Océano Atlántico,31,Tajamar Chico,1133.4,MALDONADO,Otros usos,Turismo/Recreación,-34.58778567635742,-54.6932019060199,,NuevaNuevaNuevaNuevaNueva,Permiso de usoPermiso de usoPermiso de usoPermiso de usoPermiso de uso,,,Tajamar Chico
Océano Atlántico,31,Tajamar Mediano,1133.4,MALDONADO,Otros usos,Turismo/Recreación,-34.58778567635742,-54.6932019060199,,NuevaNuevaNuevaNuevaNueva,Permiso de usoPermiso de usoPermiso de usoPermiso de usoPermiso de uso,,,Tajamar Mediano
Océano Atlántico,31,Tajamar Chico,1834.0,MALDONADO,Otros usos,Turismo/Recreación,-34.88879621235875,-54.82060359752582,,Nueva,Permiso de uso,,,Tajamar Chico
Océano Atlántico,31,Tajamar Mediano,6975.5,MALDONADO,Otros usos,Turismo/Recreación,-34.80857030965281,-54.65948130048565,,NuevaNueva,Permiso de usoPermiso de uso,,,Tajamar Mediano
Océano Atlántico,31,Tajamar Mediano,6975.5,MALDONADO,Otros usos,Turismo/Recreación,-34.80857030965281,-54.65948130048565,,NuevaNueva,Permiso de usoPermiso de uso,,,Tajamar Mediano
Océano Atlántico,31,Tajamar Grande,135400.0,ROCHA,Otros usos agropecuarios,Abrevadero de ganado,-34.57933952802543,-54.21724853348328,,Nueva,Permiso de uso,,,Tajamar Grande
Océano Atlántico,32,Represa Chica,747140.0,ROCHA,Riego,Forraje/Pradera/Semillas,-34.51140450591373,-54.07438394935212,,Nueva,Concesión,,,Represa Chica
Océano Atlántico,32,Tajamar Chico,1800.0,ROCHA,Otros usos,Otros,-34.28311,-54.04625,,Nueva,Permiso de uso,,,Tajamar Chico
Océano Atlántico,32,Represa Grande,25000.0,ROCHA,Otros usos agropecuarios,Abrevadero de ganado,-34.36001,-53.81138,,Nueva,Permiso de uso,,,Represa Grande
Océano Atlántico,32,Tanque Excavado,500.0,ROCHA,Otros usos agropecuarios,Abrevadero de ganado,-34.36674,-53.80994,,Nueva,Permiso de uso,,,Tanque Excavado
Océano Atlántico,32,Tajamar Chico,500.0,ROCHA,Otros usos agropecuarios,Abrevadero de ganado,-34.35995,-53.81135,,Nueva,Permiso de uso,,,Tajamar Chico
Océano Atlántico,32,Tajamar Chico,748.0,ROCHA,Otros usos agropecuarios,Abrevadero de ganado,-34.17466843837429,-53.8676095608389,,Nueva,Permiso de uso,,,Tajamar Chico
Océano Atlántico,32,Tajamar Chico,1294.0,ROCHA,Otros usos agropecuarios,Abrevadero de ganado,-34.34934978601541,-54.06848555838224,,Nueva,Permiso de uso,,,Tajamar Chico
Océano Atlántico,32,Tajamar Mediano,3220.0,ROCHA,Otros usos agropecuarios,Abrevadero de ganado,-34.34332267987884,-54.269480825169,,Nueva,Permiso de uso,,,Tajamar Mediano
Océano Atlántico,32,Tajamar Chico,700.0,ROCHA,Otros usos agropecuarios,Abrevadero de ganado,-34.37126835775542,-54.26774525782093,,Nueva,Permiso de uso,,,Tajamar Chico
Océano Atlántico,32,Tajamar Chico,786.0,ROCHA,Otros usos agropecuarios,Abrevadero de ganado,-34.34581719604882,-53.80266729014693,,Nueva,Permiso de uso,,,Tajamar Chico
Océano Atlántico,32,Tajamar Chico,538.0,ROCHA,Otros usos agropecuarios,Abrevadero de ganado,-34.34415005956188,-53.79825836454983,,Nueva,Permiso de uso,,,Tajamar Chico
Océano Atlántico,32,Tajamar Chico,840.0,ROCHA,Otros usos agropecuarios,Abrevadero de ganado,-34.20766060020168,-53.84991880506276,,Nueva,Permiso de uso,,,Tajamar Chico
Océano Atlántico,32,Reservorio,3266300.0,ROCHA,Riego,Cereales/Oleaginosas,-34.45979501409581,-54.07282680273057,,Nueva,Permiso de uso,,,Reservorio/Otros
Océano Atlántico,33,Tajamar Chico,2000.0,ROCHA,Otros usos agropecuarios,Abrevadero de ganado,-34.18436967561028,-53.78824132892592,,Nueva,Permiso de uso,,,Tajamar Chico
Océano Atlántico,33,Tajamar Chico,600.0,ROCHA,Otros usos agropecuarios,Abrevadero de ganado,-34.13169370060389,-53.88619660399853,,Nueva,Permiso de uso,,,Tajamar Chico
Laguna Merín,40,Represa Chica,1590000.0,CERRO LARGO,Riego,Arroz,-31.95316895548403,-54.02029211974543,Registrada,Renovación,Concesión,Cda./Cda los Burros,105.0,Represa Chica
Laguna Merín,40,Represa Mediana,2275000.0,CERRO LARGO,Riego,Arroz,-32.04066246029229,-54.02283502938098,Registrada,Renovación,Concesión,Cda del Sauce/Cda de los Burros,630.0,Represa Mediana
Laguna Merín,40,Represa Chica,806000.0,CERRO LARGO,Riego,Arroz,-32.13217607592408,-53.97216335825221,Registrada,Nueva,Concesión,Cañada de los Ombucitos,180.0,Represa Chica
Laguna Merín,40,Represa Grande,2111800.0,CERRO LARGO,Riego,Arroz,-32.05341453088435,-53.9685968992201,Registrada,Renovación,Concesión,Cda. de los Sauces/Cda. de los Burros,2900.0,Represa Grande
Laguna Merín,40,Represa Chica,1129000.0,CERRO LARGO,Riego,Arroz,-32.07557551811097,-53.91630071284447,Registrada,Nueva,Concesión,Cda del Palomo,252.0,Represa Chica
Laguna Merín,40,Represa Mediana,1934000.0,CERRO LARGO,Riego,Arroz,-32.09687848609502,-53.85653093041253,Registrada,Renovación,Concesión,Ao. Berachi,640.0,Represa Mediana
Laguna Merín,40,Represa Chica,2111000.0,CERRO LARGO,Riego,Arroz,-32.06685812278229,-53.96303491097517,Registrada,Nueva,Autorización,Cda./Cda. Ombucito,230.0,Represa Chica
Laguna Merín,40,Represa Mediana,2985700.0,CERRO LARGO,Riego,Arroz,-32.50670947182223,-53.56582569519958,Registrada,Nueva,Autorización,Cda. del Sauce/Cda. las Pajas,752.0,Represa Mediana
Laguna Merín,40,Represa Grande,7160000.0,CERRO LARGO,Riego,Arroz,-32.53466,-53.61004,Registrada,Renovación,Concesión,,1200.0,Represa Grande
Laguna Merín,40,Represa Grande,6430000.0,CERRO LARGO,Riego,Arroz,-32.03668,-54.06818,Registrada,Renovación,Concesión,Cda. s/n,2253.0,Represa Grande
Laguna Merín,40,Tajamar Chico,2.0,CERRO LARGO,Otros usos agropecuarios,Abrevadero de ganado,-32.2507738434057,-53.855780124577,Registrada,Nueva,Permiso de uso,Cda. s/n,2.7,Tajamar Chico
Laguna Merín,40,Tajamar Mediano,16.0,CERRO LARGO,Otros usos agropecuarios,Abrevadero de ganado,-32.4769861671161,-53.57824659338803,Registrada,Nueva,Permiso de uso,Cda. s/n,9.2,Tajamar Mediano
Laguna Merín,40,Tajamar Chico,9600.0,CERRO LARGO,Otros usos agropecuarios,Abrevadero de ganado,-32.4329858221017,-53.63440704328239,Registrada,Nueva,Permiso de uso,Cda. s/n,14.0,Tajamar Chico
Laguna Merín,41,Represa Chica,850000.0,CERRO LARGO,Riego,Arroz,-32.16385753379351,-53.99977812945507,Registrada,Nueva,Concesión,Cda sin nombre,227.0,Represa Chica
Laguna Merín,41,Represa Grande,5592814.0,CERRO LARGO,Riego,Arroz,-32.58139952280273,-53.66192876949362,Registrada,Nueva,Concesión,Cda. De Las Pajas I,1370.0,Represa Grande
Laguna Merín,41,Represa Mediana,2074800.0,CERRO LARGO,Riego,Arroz,-32.55979235756396,-54.30883615050595,Registrada,Nueva,Concesión,Cda. de las Pajas/Cda. de la Muerta,620.0,Represa Mediana
Laguna Merín,41,Represa Chica,277000.0,CERRO LARGO,Riego,Otros,-32.60073179936747,-54.27706722802053,Registrada,Nueva,Concesión,cda sin nombre/cda Infiernillo,75.0,Represa Chica
Laguna Merín,41,Represa Chica,1218000.0,CERRO LARGO,Riego,Arroz,-32.30511567828472,-54.06885713408701,Registrada,Nueva,Concesión,Cda del Medio/arroyo Chuy,290.0,Represa Chica
Laguna Merín,41,Tajamar Grande,94400.0,CERRO LARGO,Riego,Otros,-32.33148530494038,-54.10015109841653,Registrada,Nueva,Permiso de uso,cda sin nombre/arroyo del Sarandi,100.0,Tajamar Grande
Laguna Merín,41,Represa Chica,1578800.0,CERRO LARGO,Riego,Arroz,-32.31258906774518,-54.3084519218293,Registrada,Renovación,Concesión,Cda/Cda del Rodeo,410.0,Represa Chica
Laguna Merín,41,Tajamar Chico,3070.0,CERRO LARGO,Riego,Hortalizas,-32.40478756717737,-54.21659865193823,Registrada,Nueva,Permiso de uso,zanja,1.5,Tajamar Chico
Laguna Merín,41,Tajamar Chico,1500.0,CERRO LARGO,Riego,Hortalizas,-32.40514096175693,-54.21387170752714,Registrada,Nueva,Permiso de uso,zanja,3.0,Tajamar Chico
Laguna Merín,41,Represa Chica,1584000.0,CERRO LARGO,Riego,Arroz,-32.68702619615407,-53.47028030434046,Registrada,Nueva,Concesión,Cda./Cda. Sauce,180.0,Represa Chica
Laguna Merín,41,Represa Chica,853000.0,CERRO LARGO,Riego,Arroz,-32.71165089187936,-53.44510634165912,Registrada,Nueva,Concesión,Cda./Cda. del Medio,296.0,Represa Chica
Laguna Merín,41,Represa Chica,371000.0,CERRO LARGO,Riego,Arroz,-32.7234993678474,-53.43814070351065,Registrada,Nueva,Concesión,Cda./Cda. del Medio/Cda. de Santos,94.0,Represa Chica
Laguna Merín,41,Tajamar Grande,133000.0,CERRO LARGO,Riego,Arroz,-32.67888956727659,-53.42574814519085,Registrada,Nueva,Concesión,Cda./Cda. Grande,148.0,Tajamar Grande
Laguna Merín,41,Represa Chica,850000.0,CERRO LARGO,Riego,Arroz,-32.69337850203806,-53.42260355390967,Registrada,Nueva,Autorización,Cda./Cda. Grande,201.0,Represa Chica
Laguna Merín,41,Tajamar Grande,398000.0,CERRO LARGO,Riego,Arroz,-32.65900532852927,-53.56310889046578,Registrada,Nueva,Concesión,Cda./Cda. del Sauce,187.0,Tajamar Grande
Laguna Merín,41,Tajamar Grande,549190.0,CERRO LARGO,Riego,Arroz,-32.60225954254879,-53.51553330290247,Registrada,Nueva,Autorización,Cda./Cda. de las Camelias/Cda. Grande,137.0,Tajamar Grande
Laguna Merín,41,Represa Mediana,2100000.0,CERRO LARGO,Riego,Arroz,-32.19716319197762,-53.93391308321144,Registrada,Nueva,Concesión,Cda. del Sarandí/Cda. Isla de Zapata,820.0,Represa Mediana
Laguna Merín,41,Tajamar Mediano,112000.0,CERRO LARGO,Riego,Arroz,-32.66606133134333,-53.55440734505546,Registrada,Nueva,Permiso de uso,Cda./Cda. Sauce Chico/Cda. Sauce,36.3,Tajamar Mediano
Laguna Merín,41,Tajamar Mediano,110000.0,CERRO LARGO,Riego,Arroz,-32.65521083409566,-53.552547612701,Registrada,Nueva,Permiso de uso,Cda./Cda. Sauce Chico/Cda. Sauce,28.3,Tajamar Mediano
Laguna Merín,41,Tajamar Grande,63100.0,CERRO LARGO,Riego,Arroz,-32.64640980273981,-53.56448813056675,Registrada,Nueva,Permiso de uso,Cda./Cda. Sauce Chico/Cda. Sauce,45.7,Tajamar Grande
Laguna Merín,41,Represa Grande,10719500.0,TREINTA Y TRES,Riego,Arroz,-32.78187681243855,-53.84923146350246,Registrada,Nueva,Autorización,Cda. de la Teja,1100.0,Represa Grande
Laguna Merín,41,Represa Chica,140000.0,CERRO LARGO,Industrial,Otros,-32.41356354021909,-54.12822539258746,Registrada,Nueva,Permiso de uso,Cda. sin nombre,44.0,Represa Chica
Laguna Merín,41,Tajamar Chico,395.0,CERRO LARGO,Otros usos agropecuarios,Abrevadero de ganado,6397287.867507366,638940.3196780465,Registrada,Nueva,Permiso de uso,Cda. Zanja Salobre,10.0,Tajamar Chico
Laguna Merín,41,Tajamar Chico,600.0,CERRO LARGO,Otros usos agropecuarios,Abrevadero de ganado,-32.55308,-54.32323,Registrada,Nueva,Permiso de uso,Cda. Zanja Salobre,39.0,Tajamar Chico
Laguna Merín,41,Represa Mediana,2167000.0,CERRO LARGO,Riego,Arroz,-32.52816,-54.44952,Registrada,Renovación,Concesión,Cda. Del Abrojal,790.0,Represa Mediana
Laguna Merín,41,Represa Grande,8313500.0,CERRO LARGO,Consumo humano,Abastecimiento a poblaciones,-32.51656,-54.26779,Registrada,Nueva,Reserva,Cda. s/n,2900.0,Represa Grande
Laguna Merín,41,Represa Chica,1050.0,CERRO LARGO,Riego,Arroz,-32.15754,-53.96507,Registrada,Renovación,Concesión,Cda. s/n,375.0,Represa Chica
Laguna Merín,41,Tajamar Mediano,2182000.0,CERRO LARGO,Riego,Arroz,-32.41839,-54.24494,Registrada,Renovación,Concesión,Cda. s/n,450.0,Tajamar Mediano
Laguna Merín,41,Represa Grande,6314000.0,CERRO LARGO,Riego,Arroz,-32.69865,-53.76001,Registrada,Renovación,Concesión,Cda. s/n,1260.0,Represa Grande
Laguna Merín,41,Tajamar Chico,95000.0,CERRO LARGO,Industrial,Alimentos y bebidas,-32.41806620966536,-54.12234807154163,Registrada,NuevaNueva,Permiso de usoPermiso de uso,Cda. s/n,35.0,Tajamar Chico
Laguna Merín,41,Tajamar Chico,95000.0,CERRO LARGO,Industrial,Alimentos y bebidas,-32.41806620966536,-54.12234807154163,Registrada,NuevaNueva,Permiso de usoPermiso de uso,Cda. s/n,35.0,Tajamar Chico
Laguna Merín,41,Represa Grande,7518000.0,TREINTA Y TRES,Riego,Arroz,-32.76467216711524,-53.9225342287682,Registrada,Renovación,Concesión,Cda. de la Palma,2100.0,Represa Grande
Laguna Merín,41,Tajamar Chico,4019.0,CERRO LARGO,Otros usos agropecuarios,Abrevadero de ganado,-32.28009769674794,-54.26784896815661,Registrada,Nueva,Permiso de uso,Cda. Zanja Honda,13.84,Tajamar Chico
Laguna Merín,41,Tajamar Chico,2.0,CERRO LARGO,Otros usos agropecuarios,Abrevadero de ganado,-32.32229051262278,-54.12385332580016,Registrada,Nueva,Permiso de uso,Cda. s/n,0.918,Tajamar Chico
Laguna Merín,41,Tajamar Chico,4050.0,CERRO LARGO,Otros usos agropecuarios,Abrevadero de ganado,-32.26869243065768,-54.32905054083675,Registrada,Nueva,Permiso de uso,Cda. s/n,3.035,Tajamar Chico
Laguna Merín,41,Tajamar Chico,2462.0,CERRO LARGO,Otros usos agropecuarios,Abrevadero de ganado,-32.49401049013584,-53.80897448322152,Registrada,Nueva,Permiso de uso,Cda. De La Divisa,2.717,Tajamar Chico
Laguna Merín,41,Tajamar Chico,1209.0,CERRO LARGO,Otros usos agropecuarios,Abrevadero de ganado,-32.25971890893414,-54.15333476875038,Registrada,Nueva,Permiso de uso,Cda. s/n,42.86,Tajamar Chico
Laguna Merín,41,Represa Grande,5084000.0,CERRO LARGO,Riego,Arroz,-32.56609813598811,-54.36016857647496,Registrada,Renovación,Concesión,Cda. Del Medio,3050.0,Represa Grande
Laguna Merín,41,Tajamar Grande,362600.0,CERRO LARGO,Industrial,Otros,-32.44969785584687,-54.10250694664261,Registrada,Nueva,Concesión,Cda. s/n,70.1,Tajamar Grande
Laguna Merín,41,Represa Chica,1006089.0,CERRO LARGO,Industrial,Otros,-32.42435506229474,-54.12871599197388,Registrada,Renovar expediente Vencido,Concesión,cda sin nombre,470.0,Represa Chica
Laguna Merín,42,Toma,32500000.0,TREINTA Y TRES,Riego,Sistema de riego,-33.01928727601614,-53.70203956961632,Registrada,RenovaciónRenovaciónRenovación,Permiso de usoPermiso de usoPermiso de uso,Cda. s/n,11000.0,Reservorio/Otros
Laguna Merín,42,Tajamar Grande,32500000.0,TREINTA Y TRES,Riego,Sistema de riego,-33.01928727601614,-53.70203956961632,Registrada,RenovaciónRenovaciónRenovación,Permiso de usoPermiso de usoPermiso de uso,Cda. s/n,11000.0,Tajamar Grande
Laguna Merín,42,Tajamar Grande,32500000.0,TREINTA Y TRES,Riego,Sistema de riego,-33.01928727601614,-53.70203956961632,Registrada,RenovaciónRenovaciónRenovación,Permiso de usoPermiso de usoPermiso de uso,Cda. s/n,11000.0,Tajamar Grande
Laguna Merín,42,Reservorio,20250000.0,TREINTA Y TRES,Riego,Sistema de riego,-32.9664250519961,-53.6562442034483,Registrada,RenovaciónRenovación,Permiso de usoPermiso de uso,Ao. Sarandí Grande,7245.0,Reservorio/Otros
Laguna Merín,42,Toma,20250000.0,TREINTA Y TRES,Riego,Sistema de riego,-32.9664250519961,-53.6562442034483,Registrada,RenovaciónRenovación,Permiso de usoPermiso de uso,Ao. Sarandí Grande,7245.0,Reservorio/Otros
Laguna Merín,43,Tajamar Grande,147000.0,TREINTA Y TRES,Riego,Arroz,-33.20024228202793,-54.0362247706345,Registrada,Nueva,Permiso de uso,Cda./Ao. del Tigre/Ao. de los Porongos,25.0,Tajamar Grande
Laguna Merín,43,Tanque Excavado,14000.0,TREINTA Y TRES,Riego,Hortalizas,-33.24099060757797,-54.4055274631105,Registrada,Nueva,Permiso de uso,Cda/,0.0,Tanque Excavado
Laguna Merín,43,Tanque Excavado,6000.0,TREINTA Y TRES,Riego,Hortalizas,-33.18654376689296,-54.37422539412893,Registrada,Nueva,Sin Resolución,Ao. Yerbal Grande,0.0,Tanque Excavado
Laguna Merín,43,Tajamar Grande,18000.0,LAVALLEJA,Riego,Hortalizas,-33.38119980064142,-54.89438990982121,Registrada,Nueva,Permiso de uso,Cda./Cda. Cañitas/Ao. del Sauce,8.0,Tajamar Grande
Laguna Merín,43,Tajamar Mediano,27500.0,TREINTA Y TRES,Riego,Hortalizas,-33.22348910086293,-54.33393903333837,Registrada,Nueva,Permiso de uso,Cda./Ao. de las Piedras,20.0,Tajamar Mediano
Laguna Merín,43,Represa Chica,232000.0,TREINTA Y TRES,Riego,Frutales,-33.12601357733298,-54.72021910898652,Registrada,Nueva,Concesión,Cda. Del Sauce,125.0,Represa Chica
Laguna Merín,43,Tajamar Grande,10740.0,TREINTA Y TRES,Riego,Hortalizas,-33.13405946879366,-54.35728710585076,Registrada,Renovación,Permiso de uso,Cda. s/n,42.0,Tajamar Grande
Laguna Merín,43,Tanque Excavado,5200.0,TREINTA Y TRES,Riego,Hortalizas,-33.17497259930762,-54.38727730686179,Registrada,Renovación,Permiso de uso,Ao. Yerbal Grande,0.0,Tanque Excavado
Laguna Merín,43,Tanque Excavado,1800.0,TREINTA Y TRES,Otros usos agropecuarios,Abrevadero de ganado,-33.17856592798915,-54.38614755433481,Registrada,Renovación,Permiso de uso,Ao. Yerbal Grande,0.0,Tanque Excavado
Laguna Merín,43,Represa Chica,270000.0,TREINTA Y TRES,Industrial,Otros,-33.11401806867374,-54.45528969168662,Registrada,Nueva,Concesión,Cda. s/n,74.0,Represa Chica
Laguna Merín,43,Represa Chica,301360.0,TREINTA Y TRES,Riego,Arroz,-33.22607734916821,-54.0786101499655,Registrada,Nueva,Concesión,Cda. sin nombre,70.0,Represa Chica
Laguna Merín,43,Tajamar Grande,214300.0,TREINTA Y TRES,Riego,Arroz,-33.23157365002465,-54.08493846121439,Registrada,Nueva,Concesión,Cda. sin nombre,47.0,Tajamar Grande
Laguna Merín,43,Represa Grande,623000.0,TREINTA Y TRES,Riego,Arroz,-33.23187593365311,-54.04202580161639,Registrada,Renovación,Concesión,Cda. s/n,880.0,Represa Grande
Laguna Merín,43,Tajamar Grande,54800.0,TREINTA Y TRES,Riego,Forraje/Pradera/Semillas,-33.26025,-54.0992,Registrada,Nueva,Permiso de uso,Cda. s/n,152.0,Tajamar Grande
Laguna Merín,43,Represa Mediana,3700000.0,TREINTA Y TRES,Riego,Arroz,-33.19133817943148,-54.08175453543663,Registrada,Renovación,Concesión,Cda. s/n,650.0,Represa Mediana
Laguna Merín,43,Tajamar Grande,70000.0,TREINTA Y TRES,Otros usos agropecuarios,Abrevadero de ganado,-33.13133395667199,-54.73409535475903,Registrada,Cesión,Permiso de uso,Cda. s/n,40.0,Tajamar Grande
Laguna Merín,43,Tajamar Grande,45500.0,TREINTA Y TRES,Otros usos agropecuarios,Abrevadero de ganado,-33.36842806041621,-54.69235405325891,Registrada,Nueva,Permiso de uso,Cda. De La Isla,1015.0,Tajamar Grande
Laguna Merín,44,Tajamar Grande,116000.0,TREINTA Y TRES,Riego,Arroz,-33.17816313400057,-54.06882767467113,Registrada,Nueva,Permiso de uso,Cda./Ao. del Tigre/Ao. de los Porongos,52.0,Tajamar Grande
Laguna Merín,44,Represa Chica,390000.0,TREINTA Y TRES,Riego,Arroz,-33.15836566712795,-54.07136041993608,Registrada,Nueva,Concesión,Cda./Ao. del Tigre/Ao. de los Porongos,88.0,Represa Chica
Laguna Merín,44,Tanque Excavado,9000.0,TREINTA Y TRES,Riego,Hortalizas,-33.26728608554899,-54.41906088655163,Registrada,Nueva,Permiso de uso,Cda./de los Mimbres,0.0,Tanque Excavado
Laguna Merín,44,Tanque Excavado,0.0,TREINTA Y TRES,Riego,Hortalizas,-33.26683539862263,-54.4190679808283,Registrada,Nueva,Permiso de uso,Cda./de los Mimbres,0.0,Tanque Excavado
Laguna Merín,44,Tanque Excavado,12000.0,TREINTA Y TRES,Riego,Hortalizas,-33.26735743516777,-54.42549882147538,Registrada,Nueva,Permiso de uso,Cda./de los Mimbres,0.0,Tanque Excavado
Laguna Merín,44,Tajamar Mediano,40000.0,TREINTA Y TRES,Riego,Cereales/Oleaginosas,-33.12915150808382,-54.04514795078111,Registrada,Nueva,Permiso de uso,Cda./Cda. de los Chanchos/Ao. de los Porongos,28.0,Tajamar Mediano
Laguna Merín,44,Tajamar Mediano,35000.0,TREINTA Y TRES,Riego,Cereales/Oleaginosas,-33.12737920367047,-54.04732600077419,Registrada,Nueva,Permiso de uso,Cda./Cda. de los Chanchos/Ao. de los Porongos,18.0,Tajamar Mediano
Laguna Merín,44,Tajamar Grande,195000.0,TREINTA Y TRES,Riego,Arroz,-33.09922244202498,-54.09715372898791,Registrada,Nueva,Concesión,Cda. sin nombre/Cda. de los Chanchos/Ao. de los Porongos,147.0,Tajamar Grande
Laguna Merín,44,Tajamar Chico,70.0,LAVALLEJA,Otros usos agropecuarios,Abrevadero de ganado,-34.12001912782352,-55.02966508250305,Registrada,Nueva,Permiso de uso,Cda. sin nombre,160.0,Tajamar Chico
Laguna Merín,44,Represa Chica,610000.0,TREINTA Y TRES,Riego,Arroz,-33.35026888269518,-54.36872474849223,Registrada,Renovación,Concesión,Cda. s/n,170.0,Represa Chica
Laguna Merín,44,Reservorio,3200000.0,ROCHA,Riego,Arroz,-33.53912856033811,-54.23282308628215,Registrada,Nueva,Concesión,Río Cebollatí,,Reservorio/Otros
Laguna Merín,44,Represa Mediana,3665000.0,ROCHA,Riego,Arroz,-33.47492528792593,-53.98185700178146,Registrada,Nueva,Concesión,Cda. s/n,3100.0,Represa Mediana
Laguna Merín,44,Represa Grande,2800000.0,LAVALLEJA,Riego,Otros,-33.53374096122047,-54.46543245808856,Registrada,Renovación,Permiso de uso,Ao. De Los Porongos,4170.0,Represa Grande
Laguna Merín,44,Tajamar Grande,54700.0,TREINTA Y TRES,Riego,Forraje/Pradera/Semillas,-33.41363362274097,-54.62314690381784,Registrada,Nueva,Permiso de uso,Cda. s/n,25.0,Tajamar Grande
Laguna Merín,44,Tajamar Grande,423560.0,ROCHA,Otros usos agropecuarios,Abrevadero de ganado,-33.90226873657001,-54.36944773028208,Registrada,Renovación,Sin Resolución,Cda. s/n,180.0,Tajamar Grande
Laguna Merín,44,Reservorio,6120000.0,LAVALLEJA,Riego,Arroz,-33.79117530567918,-54.45031151175498,Registrada,Nueva,Permiso de uso,Cda. Sarandí,2280.0,Reservorio/Otros
Laguna Merín,44,Represa Chica,223600.0,LAVALLEJA,Otros usos agropecuarios,Abrevadero de ganado,-34.27933134779498,-54.99118354949058,Registrada,Nueva,Permiso de uso,Cda./Ao. de los Chanchos/Ao. Marmarajá,145.0,Represa Chica
Laguna Merín,44,Represa Chica,1152200.0,LAVALLEJA,Riego,Arroz,-33.96596061700583,-54.5928736080322,Registrada,Nueva,Concesión,Cda. s/n,260.0,Represa Chica
Laguna Merín,44,Tajamar Grande,170400.0,ROCHA,Riego,Arroz,-33.92411740541739,-54.38800600008192,Registrada,Nueva,Permiso de uso,Cda./Ao. Sauce,140.0,Tajamar Grande
Laguna Merín,44,Tajamar Grande,275000.0,ROCHA,Riego,Arroz,-33.92417927779918,-54.39341169384198,Registrada,Nueva,Permiso de uso,Cda. de la Cachimba/Ao. Sauce,72.0,Tajamar Grande
Laguna Merín,44,Tajamar Grande,62100.0,ROCHA,Otros usos agropecuarios,Abrevadero de ganado,-33.77488121270054,-54.27064055368643,Registrada,Nueva,Permiso de uso,Cda./Ao. Sarandí del Abra,275.0,Tajamar Grande
Laguna Merín,44,Tajamar Grande,110500.0,ROCHA,Riego,Cereales/Oleaginosas,-33.86857356449818,-54.34029269557374,Registrada,Nueva,Permiso de uso,Cda./Cda. del Carancho/Cda. Grande,63.0,Tajamar Grande
Laguna Merín,44,Represa Chica,440400.0,ROCHA,Riego,Cereales/Oleaginosas,-33.95269852608463,-54.32695894349451,Registrada,Nueva,Concesión,Cda. Grande,130.0,Represa Chica
Laguna Merín,44,Represa Grande,385000.0,LAVALLEJA,Otros usos,Turismo/Recreación,-33.88686314220354,-55.26201370385601,Registrada,Nueva,Permiso de uso,Ao. Polanco,1351.0,Represa Grande
Laguna Merín,44,Reservorio,737000.0,TREINTA Y TRES,Riego,Arroz,-33.38523,-54.23827,Registrada,Renovación,Permiso de uso,Ao. Corrales,,Reservorio/Otros
Laguna Merín,44,Represa Mediana,1791000.0,TREINTA Y TRES,Riego,Arroz,-33.37581095101974,-54.41975578665734,Registrada,Renovación,Concesión,Cda. s/n,550.0,Represa Mediana
Laguna Merín,44,Tajamar Mediano,66100.0,TREINTA Y TRES,Riego,Forraje/Pradera/Semillas,-33.26062,-54.41476,Registrada,Nueva,Permiso de uso,Cda. s/n,27.0,Tajamar Mediano
Laguna Merín,44,Represa Mediana,1480000.0,LAVALLEJA,Riego,Arroz,-33.3739972057861,-54.36018459498882,Registrada,Nueva,Concesión,Cda. s/n,298.0,Represa Mediana
Laguna Merín,44,Tajamar Mediano,1126.0,MALDONADO,Otros usos agropecuarios,Abrevadero de ganado,-34.38162162197398,-54.77417475020047,Registrada,Nueva,Permiso de uso,Cda. s/n,10.7,Tajamar Mediano
Laguna Merín,44,Tajamar Chico,1971.0,LAVALLEJA,Otros usos agropecuarios,Abrevadero de ganado,-33.66726858357656,-54.6422242373228,Registrada,Nueva,Permiso de uso,Cda. s/n,4.37,Tajamar Chico
Laguna Merín,44,Tajamar Chico,1811.0,MALDONADO,Otros usos agropecuarios,Abrevadero de ganado,-33.99366174187853,-54.50907703489065,Registrada,Nueva,Permiso de uso,Cda. s/n,13.6,Tajamar Chico
Laguna Merín,44,Tajamar Chico,686.0,MALDONADO,Otros usos agropecuarios,Abrevadero de ganado,-34.07311210468045,-54.60247486364098,Registrada,Nueva,Permiso de uso,Cda. s/n,2.25,Tajamar Chico
Laguna Merín,44,Represa Grande,12500.0,TREINTA Y TRES,Otros usos agropecuarios,Abrevadero de ganado,-33.26593787775628,-54.44519754499198,Registrada,Nueva,Permiso de uso,Cda. s/n,18.0,Represa Grande
Laguna Merín,44,Tajamar Chico,462.0,MALDONADO,Otros usos agropecuarios,Abrevadero de ganado,-34.37981191854325,-54.77251287549734,Registrada,Nueva,Permiso de uso,Cda. s/n,2.4,Tajamar Chico
Laguna Merín,44,Tajamar Chico,1036.0,MALDONADO,Otros usos agropecuarios,Abrevadero de ganado,-34.06888587489739,-54.50425861403346,Registrada,Nueva,Permiso de uso,Cda. s/n,5.4,Tajamar Chico
Laguna Merín,44,Tajamar Chico,277.0,MALDONADO,Otros usos agropecuarios,Abrevadero de ganado,-33.98916409001267,-54.50901148840785,Registrada,Nueva,Permiso de uso,Cda. s/n,33.5,Tajamar Chico
Laguna Merín,44,Tajamar Grande,400000.0,ROCHA,Otros usos agropecuarios,Abrevadero de ganado,-33.34681099584792,-53.95565031096339,Registrada,Nueva,Permiso de uso,Cda. s/n,800.0,Tajamar Grande
Laguna Merín,44,Represa Chica,1436000.0,LAVALLEJA,Riego,Arroz,-33.58756841313856,-54.54824432730674,Registrada,Renovación,Concesión,Cda. s/n,460.0,Represa Chica
Laguna Merín,44,Represa Grande,6963000.0,LAVALLEJA,Riego,Arroz,-33.84181948518497,-54.51712600886822,Registrada,Cesión,Concesión,Cda. s/n,2375.0,Represa Grande
Laguna Merín,44,Tajamar Chico,540.0,TREINTA Y TRES,Otros usos agropecuarios,Abrevadero de ganado,-33.37013356156125,-54.45187088102102,Registrada,Nueva,Permiso de uso,Cda. s/n,19.0,Tajamar Chico
Laguna Merín,44,Tajamar Chico,900.0,TREINTA Y TRES,Otros usos agropecuarios,Abrevadero de ganado,-33.37068908122954,-54.45768591016532,Registrada,Nueva,Permiso de uso,Cda. s/n,22.0,Tajamar Chico
Laguna Merín,44,Tajamar Chico,1970.0,LAVALLEJA,Otros usos agropecuarios,Abrevadero de ganado,-34.15854766272766,-55.10535238310695,Registrada,Nueva,Permiso de uso,Cda. s/n,9.5,Tajamar Chico
Laguna Merín,44,Tajamar Chico,865.0,LAVALLEJA,Otros usos agropecuarios,Abrevadero de ganado,-34.15142008399394,-55.09544908069074,Registrada,Nueva,Permiso de uso,Cda. s/n,32.0,Tajamar Chico
Laguna Merín,44,Tajamar Chico,37000.0,ROCHA,Otros usos agropecuarios,Abrevadero de ganado,-33.94723353801997,-54.34241529554129,Registrada,Nueva,Permiso de uso,Cda. s/n,73.0,Tajamar Chico
Laguna Merín,44,Represa Grande,6637000.0,TREINTA Y TRES,Riego,Arroz,-33.14751265445913,-54.00879845023155,Registrada,Renovación,Concesión,Cda. s/n,1835.0,Represa Grande
Laguna Merín,44,Represa Mediana,1203000.0,TREINTA Y TRES,Riego,Forraje/Pradera/Semillas,-32.94615583880937,-54.03215822529749,Registrada,Nueva,Concesión,Cda. s/n,850.0,Represa Mediana
Laguna Merín,44,Tajamar Grande,57800.0,TREINTA Y TRES,Riego,Cereales/Oleaginosas,-33.09482120715155,-53.90202507376671,Registrada,Nueva,Permiso de uso,Cda. s/n,40.0,Tajamar Grande
Laguna Merín,44,Tajamar Mediano,76700.0,ROCHA,Otros usos agropecuarios,Abrevadero de ganado,-33.81911637052279,-54.35350392561306,Registrada,Nueva,Permiso de uso,Cda. s/n,448.0,Tajamar Mediano
Laguna Merín,44,Represa Chica,1101800.0,TREINTA Y TRES,Riego,Arroz,-33.17591502527129,-53.99784799665212,Registrada,Renovación,Concesión,Ao. Del Tigre,200.0,Represa Chica
Laguna Merín,44,Represa Chica,378.0,LAVALLEJA,Riego,Cereales/Oleaginosas,-33.59630499760519,-54.57999698817729,Registrada,Nueva,Concesión,Cda. s/n,183.0,Represa Chica
Laguna Merín,44,Tajamar Grande,23041.0,MALDONADO,Otros usos,Control de incendios,-34.3378589117163,-54.5212458819151,Registrada,Nueva,Permiso de uso,Cda. s/n,22.45,Tajamar Grande
Laguna Merín,44,Represa Mediana,2000000.0,LAVALLEJA,Riego,Arroz,-33.57649908944395,-54.45519916713238,Registrada,Renovación,Concesión,Cda. s/n,427.0,Represa Mediana
Laguna Merín,44,Represa Grande,19400000.0,TREINTA Y TRES,Riego,Sistema de riego,-33.17416980571213,-53.92494186758995,Registrada,Renovación,Concesión,Cda. s/n,6800.0,Represa Grande
Laguna Merín,44,Represa Chica,893000.0,TREINTA Y TRES,Riego,Arroz,-33.17196828114509,-54.01320900913841,Registrada,Renovación,Concesión,Ao. Del Tigre,280.0,Represa Chica
Laguna Merín,44,Represa Chica,713300.0,LAVALLEJA,Riego,Cereales/Oleaginosas,-33.69187,-54.59343,Registrada,Renovación,Concesión,Cda. s/n,475.0,Represa Chica
Laguna Merín,44,Represa Mediana,1783000.0,LAVALLEJA,Riego,Arroz,-33.47620613484784,-54.35478866100311,Registrada,Renovación,Concesión,Cda. s/n,590.0,Represa Mediana
Laguna Merín,44,Represa Mediana,5015000.0,TREINTA Y TRES,Riego,Arroz,-32.88599697529241,-53.91596249144751,Registrada,Cesión,Concesión,Cda. De Las Pajas,904.0,Represa Mediana
Laguna Merín,44,Represa Grande,6745500.0,LAVALLEJA,Riego,Sistema de riego,-33.53374096122047,-54.46543245808856,Registrada,Renovación,Concesión,Ao. Sarandí,1490.0,Represa Grande
Laguna Merín,44,Represa Grande,2850000.0,LAVALLEJA,Riego,Cereales/Oleaginosas,-33.52627072504732,-54.32491287589073,Registrada,Cesión,Concesión,Cda. s/n,1094.0,Represa Grande
Laguna Merín,44,Represa Mediana,1950000.0,LAVALLEJA,Riego,Forraje/Pradera/Semillas,-33.51159913501742,-54.27627969424837,Registrada,Cesión,Concesión,Cda. s/n,2200.0,Represa Mediana
Laguna Merín,44,Represa Grande,13685000.0,LAVALLEJA,Riego,Sistema de riego,-33.66066671752334,-54.5335490823592,Registrada,Renovación,Concesión,Cda. s/n,4200.0,Represa Grande
Laguna Merín,45,Represa Grande,28893000.0,ROCHA,Riego,Arroz,-34.18436967561028,-53.78824132892592,Registrada,Renovación,Concesión,Cda. s/n,5503.0,Represa Grande
Laguna Merín,45,Tajamar Chico,13656.0,ROCHA,Otros usos agropecuarios,Abrevadero de ganado,-33.77018286444774,-54.24700199626386,Registrada,Nueva,Permiso de uso,Cda. s/n,19.8,Tajamar Chico
Laguna Merín,45,Tajamar Mediano,2550.0,ROCHA,Otros usos agropecuarios,Abrevadero de ganado,-34.19283444690171,-54.28255105158315,Registrada,Nueva,Permiso de uso,Cda. s/n,8.09,Tajamar Mediano
Laguna Merín,45,Reservorio,3600000.0,ROCHA,Riego,Arroz,-33.55228966908104,-54.06552784144878,Registrada,Renovación,Permiso de uso,Ao. Del Arrayán,,Reservorio/Otros
Laguna Merín,46,Represa Chica,1900000.0,ROCHA,Riego,Forraje/Pradera/Semillas,-33.96617,-54.18567,Registrada,Nueva,Concesión,Ao. Sarandí De La India Muerta,380.0,Represa Chica
Laguna Merín,46,Tajamar Mediano,75000.0,ROCHA,Riego,Forraje/Pradera/Semillas,-34.07243,-54.11574,Registrada,Nueva,Concesión,Cda. s/n,3500.0,Tajamar Mediano
Laguna Merín,46,Tajamar Chico,679.0,ROCHA,Otros usos agropecuarios,Abrevadero de ganado,-34.01888482063623,-53.97428762982599,Registrada,Nueva,Permiso de uso,Cda. s/n,6.61,Tajamar Chico
Laguna Merín,46,Tajamar Chico,471.0,ROCHA,Otros usos agropecuarios,Abrevadero de ganado,-34.02241689999964,-53.96527791162953,Registrada,Nueva,Permiso de uso,Cda. s/n,1.7,Tajamar Chico
Laguna Merín,46,Tajamar Chico,1408.0,ROCHA,Otros usos agropecuarios,Abrevadero de ganado,-34.02434472001384,-53.96754992078058,Registrada,Nueva,Permiso de uso,Cda. s/n,3.87,Tajamar Chico
Laguna Merín,46,Tajamar Chico,835.0,ROCHA,Otros usos agropecuarios,Abrevadero de ganado,-34.01611383176184,-53.9880622032797,Registrada,Nueva,Permiso de uso,Cda. s/n,1.45,Tajamar Chico
Laguna Merín,46,Represa Mediana,1686800.0,ROCHA,Riego,Arroz,-33.92033003671801,-53.75422462821007,Registrada,Nueva,Concesión,Cda. s/n,692.0,Represa Mediana
Laguna Merín,46,Represa Mediana,2490000.0,ROCHA,Riego,Arroz,-33.91655658078917,-54.014032040899,Registrada,Renovación,Concesión,Cda. s/n,698.0,Represa Mediana
Laguna Merín,46,Represa Grande,1300000.0,ROCHA,Riego,Cereales/Oleaginosas,-33.91229530927254,-54.0746258944273,Registrada,Renovación,Concesión,Cda. s/n,343.0,Represa Grande
Laguna Merín,46,Represa Mediana,717000.0,ROCHA,Riego,Arroz,-33.93278897077315,-53.97061997921106,Registrada,Renovación,Concesión,Cda. s/n,515.0,Represa Mediana
Laguna Merín,46,Represa Mediana,995000.0,ROCHA,Riego,Arroz,-33.94434115414506,-53.98139872839975,Registrada,Renovación,Concesión,Cda. s/n,370.0,Represa Mediana
Laguna Merín,46,Represa Chica,306103.0,ROCHA,Otros usos agropecuarios,Abrevadero de ganado,-33.9224630590053,-53.63387980146175,Registrada,Nueva,Permiso de uso,Cda. s/n,128.0,Represa Chica
Río Negro,50,Represa Chica,1950000.0,CERRO LARGO,Riego,Arroz,-31.90325056525619,-54.43030837366798,Registrada,Renovación,Concesión,Cda. Moyano,486.0,Represa Chica
Río Negro,50,Represa Chica,3050000.0,RIVERA,Riego,Arroz,-31.63424214148106,-54.49373224021636,Registrada,Renovación,Concesión,Cda. s/n,370.0,Represa Chica
Río Negro,50,Represa Chica,1060000.0,CERRO LARGO,Riego,Arroz,-32.14359542337678,-54.66200674861725,Registrada,Renovación,Concesión,Cda. s/n,250.0,Represa Chica
Río Negro,50,Represa Mediana,2790000.0,CERRO LARGO,Riego,Arroz,-31.816084890728,-54.4195861830376,Registrada,Renovación,Concesión,Cda. s/n,820.0,Represa Mediana
Río Negro,50,Represa Grande,3640000.0,CERRO LARGO,Riego,Arroz,-32.46670609579039,-54.64572917353421,Registrada,Renovación,Concesión,Cda. Del Mandú,1170.0,Represa Grande
Río Negro,50,Represa Chica,1480000.0,RIVERA,Riego,Arroz,-31.57593791313266,-54.6620071970457,Registrada,Renovación,Concesión,Cda. s/n,199.0,Represa Chica
Río Negro,50,Tajamar Grande,67540.0,RIVERA,Riego,Arroz,-31.70486077426991,-54.58986894134523,Registrada,Renovación,Permiso de uso,Cda. s/n,106.0,Tajamar Grande
Río Negro,50,Represa Chica,670000.0,RIVERA,Riego,Arroz,-31.71611027758826,-54.60660175549813,Registrada,Renovación,Concesión,Ao. Coronilla Chico,232.0,Represa Chica
Río Negro,50,Represa Chica,1900000.0,CERRO LARGO,Riego,Arroz,-32.1487375066684,-54.39239523818753,Registrada,Renovación,Concesión,Ao. Corrales,430.0,Represa Chica
Río Negro,50,Represa Mediana,3880000.0,CERRO LARGO,Riego,Arroz,-32.02336513946642,-54.35061477783307,Registrada,Renovación,Concesión,Cda. s/n,570.0,Represa Mediana
Río Negro,50,Represa Chica,1183000.0,CERRO LARGO,Riego,Arroz,-32.0234809855872,-54.37515722367578,Registrada,Renovación,Concesión,Cda. s/n,310.0,Represa Chica
Río Negro,50,Represa Chica,622700.0,CERRO LARGO,Riego,Forraje/Pradera/Semillas,-32.16330686077728,-54.46459225631664,Registrada,Nueva,Concesión,Cda. s/n,150.0,Represa Chica
Río Negro,50,Represa Chica,3526900.0,CERRO LARGO,Otros usos agropecuarios,Abrevadero de ganado,-32.42327231518511,-54.7850182386614,Registrada,Renovación,Concesión,Cda. s/n,383.0,Represa Chica
Río Negro,50,Represa Mediana,3249000.0,CERRO LARGO,Riego,Arroz,-31.77772022804169,-54.38973754530334,Registrada,Renovación,Concesión,Cda. De La Aruera,800.0,Represa Mediana
Río Negro,50,Represa Grande,2778000.0,CERRO LARGO,Riego,Arroz,-32.61270319072412,-54.79460553589913,Registrada,Renovación,Concesión,Cda. s/n,1150.0,Represa Grande
Río Negro,50,Represa Chica,1363000.0,CERRO LARGO,Riego,Forraje/Pradera/Semillas,-31.77772022804169,-54.38973754530334,Registrada,Cesión,Concesión,Cda. San Miguel,120.0,Represa Chica
Río Negro,50,Represa Chica,1222000.0,RIVERA,Riego,Arroz,-31.49732021774039,-54.5951812271098,Registrada,Renovación,Concesión,Cda. s/n,225.0,Represa Chica
Río Negro,50,Represa Mediana,2551500.0,CERRO LARGO,Riego,Arroz,-32.57178438500176,-54.77996253233694,Registrada,Nueva,Concesión,Cda sin nombre/arroyo Tupanbae,737.0,Represa Mediana
Río Negro,50,Represa Grande,3180000.0,TACUAREMBÓ,Riego,Arroz,-32.28471557657858,-54.94844471483687,Registrada,Renovación,Concesión,Cda sin nombre,1830.0,Represa Grande
Río Negro,50,Represa Grande,6997000.0,RIVERA,Riego,Arroz,-31.99532206783443,-54.64881637676428,Registrada,Renovación,Concesión,Cda. De Los Mongoles,3270.0,Represa Grande
Río Negro,50,Represa Grande,7217000.0,RIVERA,Riego,Arroz,-31.99532206783443,-54.64881637676428,Registrada,Renovación,Concesión,Cda. De Los Mongoles,2180.0,Represa Grande
Río Negro,50,Represa Mediana,3452000.0,CERRO LARGO,Riego,Arroz,-32.05447677036361,-54.33278274728216,Registrada,Renovación,Concesión,Cda sin nombre,770.0,Represa Mediana
Río Negro,50,Represa Chica,1434000.0,CERRO LARGO,Riego,Arroz,-32.05427853898245,-54.3346123698866,Registrada,Renovación,Concesión,Cda sin nombre,320.0,Represa Chica
Río Negro,50,Represa Mediana,2018000.0,CERRO LARGO,Riego,Arroz,-32.02632547722337,-54.33599352906457,Registrada,Renovación,Concesión,Cda sin nombre,570.0,Represa Mediana
Río Negro,50,Represa Mediana,1839000.0,CERRO LARGO,Riego,Arroz,-31.72056512633775,-54.38130970284276,Registrada,Renovación,Concesión,Cda sin nombre,510.0,Represa Mediana
Río Negro,50,Represa Mediana,5431000.0,CERRO LARGO,Riego,Arroz,-32.38304251948669,-54.82903696021867,Registrada,Renovación,Concesión,Cda. de la Estancia,715.0,Represa Mediana
Río Negro,50,Represa Mediana,2331000.0,CERRO LARGO,Riego,Arroz,-32.70048282260933,-55.29750736308057,Registrada,Renovación,Concesión,Cda sin nombre,520.0,Represa Mediana
Río Negro,50,Represa Chica,72000.0,CERRO LARGO,Riego,Arroz,-32.3695506397387,-54.8334312142314,Registrada,Renovación,Concesión,Cda sin nombre,115.0,Represa Chica
Río Negro,50,Represa Mediana,2248738.0,CERRO LARGO,Riego,Arroz,-32.31889241129295,-54.52215943164755,Registrada,Renovación,Concesión,sin nombre,515.0,Represa Mediana
Río Negro,50,Represa Grande,6149000.0,CERRO LARGO,Otros usos agropecuarios,Abrevadero de ganado,-32.55519504290793,-54.9432380779802,Registrada,Renovación,Concesión,Cda. De Garcete,4000.0,Represa Grande
Río Negro,50,Represa Chica,1700000.0,CERRO LARGO,Riego,Arroz,-32.31953579587378,-54.4916750533045,Registrada,Renovación,Concesión,Cda. s/n,425.0,Represa Chica
Río Negro,50,Represa Mediana,1129000.0,CERRO LARGO,Industrial,Forestal,-32.78123172037424,-55.31863696592536,Registrada,Nueva,Concesión,Cda. s/n,727.0,Represa Mediana
Río Negro,50,Represa Chica,1477800.0,CERRO LARGO,Riego,Arroz,-32.42756813453649,-54.7057645289644,Registrada,Renovación,Concesión,Cda. Rodeo,387.0,Represa Chica
Río Negro,50,Represa Mediana,2129000.0,CERRO LARGO,Riego,Arroz,-31.84345523620111,-54.32450250934981,Registrada,Renovación,Concesión,Cda./Cda. del Ceibal,660.0,Represa Mediana
Río Negro,50,Represa Chica,1981000.0,CERRO LARGO,Riego,Arroz,-32.55428990876376,-55.14687958221519,Registrada,Nueva,Concesión,Cda./Cda Capucho,420.0,Represa Chica
Río Negro,50,Represa Chica,239.76,CERRO LARGO,Riego,Forraje/Pradera/Semillas,-32.13928866296047,-54.41699931198259,Registrada,Nueva,Permiso de uso,"Cda S/N, Aº Corrales",130.0,Represa Chica
Río Negro,50,Represa Chica,0.0,TACUAREMBÓ,Otros usos agropecuarios,Abrevadero de ganado,-32.25536142400045,-54.98635887275243,Registrada,Renovación,Concesión,Cda. Sarandí,162.0,Represa Chica
Río Negro,50,Represa Chica,3340000.0,CERRO LARGO,Riego,Arroz,-32.05017532959179,-54.19521105884371,Registrada,Renovación,Concesión,Cda./Cda. Sarandí,470.0,Represa Chica
Río Negro,50,Represa Chica,0.0,TACUAREMBÓ,Riego,Forraje/Pradera/Semillas,-32.42218840502701,-55.39101966014958,Registrada,Nueva,Concesión,cda sin nombre,70.0,Represa Chica
Río Negro,50,Represa Chica,912000.0,CERRO LARGO,Otros usos agropecuarios,Otros,-32.51399483476032,-55.23096860509331,Registrada,Nueva,Concesión,cda sin nombre,233.0,Represa Chica
Río Negro,50,Tajamar Grande,148000.0,CERRO LARGO,Otros usos agropecuarios,Otros,-32.34892150451422,-54.45231209857177,Registrada,Nueva,Permiso de uso,cda sin nombre,162.0,Tajamar Grande
Río Negro,50,Represa Chica,550000.0,RIVERA,Otros usos agropecuarios,Abrevadero de ganado,-31.82842757631685,-54.54411007782366,Registrada,Nueva,Concesión,Cda. s/n,165.0,Represa Chica
Río Negro,50,Represa Chica,390000.0,RIVERA,Otros usos agropecuarios,Abrevadero de ganado,-31.82842757631685,-54.54411007782366,Registrada,Nueva,Concesión,Cañada sin nombre,78.0,Represa Chica
Río Negro,50,Represa Grande,5677000.0,CERRO LARGO,Riego,Arroz,-32.25399776434842,-54.59078897070149,Registrada,Renovación,Concesión,Cda. Manguera/Ao. Sarandí,1250.0,Represa Grande
Río Negro,50,Represa Chica,5156000.0,CERRO LARGO,Riego,Arroz,-32.25787934015599,-54.6541205811991,Registrada,Renovación,Concesión,Cda. Manguera/Ao. Sauce,415.0,Represa Chica
Río Negro,50,Represa Chica,137000.0,CERRO LARGO,Riego,Arroz,-31.93455613065747,-54.36640119671512,Registrada,Renovación,Concesión,Ao. Bañados De Aceguá,180.0,Represa Chica
Río Negro,50,Represa Chica,79000.0,CERRO LARGO,Riego,Arroz,-31.83532583477747,-54.36265653312504,Registrada,Renovación,Sin Resolución,Cda. sin nombre/Cda de Camundá,16.0,Represa Chica
Río Negro,50,Represa Chica,1233000.0,CERRO LARGO,Riego,Arroz,-31.84215896757361,-54.36888851069348,Registrada,Renovación,Concesión,Cda. sin nombre/Cda de Camundá,280.0,Represa Chica
Río Negro,50,Represa Chica,1100000.0,CERRO LARGO,Riego,Arroz,-32.06626298948282,-54.25634414034541,Registrada,Nueva,Concesión,Cda. s/n,155.0,Represa Chica
Río Negro,50,Represa Grande,3700000.0,CERRO LARGO,Riego,Arroz,-32.5046096200024,-54.6010870740582,Registrada,Renovación,Concesión,Cda. Doña la Mancha,2783.0,Represa Grande
Río Negro,50,Represa Grande,1000000.0,CERRO LARGO,Riego,Arroz,-32.68114429046101,-55.23465574388609,Registrada,Nueva,Concesión,Cda. s/n,360.0,Represa Grande
Río Negro,50,Represa Chica,1280000.0,CERRO LARGO,Riego,Arroz,-32.20121657864345,-54.46828057401451,Registrada,Nueva,Concesión,Cda. de la Arena,330.0,Represa Chica
Río Negro,50,Represa Chica,1339870.0,CERRO LARGO,Riego,Arroz,-32.20121657864345,-54.46828057401451,Registrada,Nueva,Concesión,Cda. sin nombre,366.0,Represa Chica
Río Negro,50,Represa Chica,1723000.0,CERRO LARGO,Riego,Arroz,-32.13177519791621,-54.72827932479156,Registrada,Nueva,Concesión,Cda. sin nombre,295.0,Represa Chica
Río Negro,50,Represa Chica,1929000.0,CERRO LARGO,Riego,Arroz,-32.13482600340782,-54.74689524840696,Registrada,Nueva,Concesión,Cda. sin nombre,390.0,Represa Chica
Río Negro,50,Represa Mediana,1300000.0,RIVERA,Riego,Forraje/Pradera/Semillas,-31.81707708744517,-54.5434505678018,Registrada,Renovación,Concesión,Cda. s/n,850.0,Represa Mediana
Río Negro,50,Represa Chica,1364000.0,TACUAREMBÓ,Otros usos agropecuarios,Abrevadero de ganado,-32.2959377505972,-54.88467292312456,Registrada,Renovación,Concesión,Cda./Cda. Veloz,125.0,Represa Chica
Río Negro,50,Tajamar Grande,100000.0,RIVERA,Otros usos agropecuarios,Abrevadero de ganado,-31.80858,-54.57455,Registrada,Nueva,Permiso de uso,,75.0,Tajamar Grande
Río Negro,50,Represa Mediana,770000.0,RIVERA,Riego,Forraje/Pradera/Semillas,-31.78935,-54.57402,Registrada,Renovación,Concesión,Cda. s/n,760.0,Represa Mediana
Río Negro,50,Represa Chica,756400.0,RIVERA,Otros usos agropecuarios,Abrevadero de ganado,-31.82106,-54.55251,Registrada,Renovación,Concesión,,270.0,Represa Chica
Río Negro,50,Represa Mediana,2460500.0,CERRO LARGO,Riego,Arroz,-32.16931818746762,-54.52281051773373,Registrada,RenovaciónRenovación,ConcesiónConcesión,Cda. s/n,670.0,Represa Mediana
Río Negro,50,Represa Mediana,2460500.0,CERRO LARGO,Riego,Arroz,-32.16931818746762,-54.52281051773373,Registrada,RenovaciónRenovación,ConcesiónConcesión,Cda. s/n,670.0,Represa Mediana
Río Negro,50,Tajamar Grande,5112500.0,CERRO LARGO,Riego,Arroz,-32.39011,-54.77538,Registrada,Renovación,Concesión,Cda. De Las Losas,830.0,Tajamar Grande
Río Negro,50,Represa Mediana,2933000.0,RIVERA,Riego,Arroz,-31.69965,-54.50262,Registrada,Renovación,Concesión,Cda. s/n,625.0,Represa Mediana
Río Negro,50,Represa Mediana,1831000.0,CERRO LARGO,Riego,Arroz,-31.76766,-54.3449,Registrada,Renovación,Concesión,Cda. s/n,245.0,Represa Mediana
Río Negro,50,Represa Mediana,2400000.0,CERRO LARGO,Riego,Arroz,-32.13859766103234,-54.48146868031471,Registrada,Renovación,Concesión,Cda. s/n,520.0,Represa Mediana
Río Negro,50,Tajamar Mediano,1.0,RIVERA,Otros usos agropecuarios,Abrevadero de ganado,-31.87932,-54.58214,Registrada,Nueva,Permiso de uso,Cda. s/n,16.2,Tajamar Mediano
Río Negro,50,Represa Mediana,665000.0,RIVERA,Riego,Arroz,-31.51131,-54.61005,Registrada,Renovación,Concesión,Gajo Sur Del San Luis,935.0,Represa Mediana
Río Negro,50,Tajamar Grande,93.0,CERRO LARGO,Otros usos agropecuarios,Abrevadero de ganado,-32.29681,-54.58225,Registrada,Nueva,Permiso de uso,Cda. s/n,41.0,Tajamar Grande
Río Negro,50,Represa Mediana,3870000.0,RIVERA,Riego,Arroz,-31.62538002340483,-54.48927395045758,Registrada,Renovación,Concesión,Cda. s/n,790.0,Represa Mediana
Río Negro,50,Represa Grande,4715000.0,CERRO LARGO,Riego,Arroz,-32.17825,-54.69171,Registrada,Renovación,Concesión,Cda. s/n,1070.0,Represa Grande
Río Negro,50,Tajamar Grande,524450.0,CERRO LARGO,Riego,Arroz,-32.03748,-54.19284,Registrada,Nueva,Concesión,Cda. s/n,70.0,Tajamar Grande
Río Negro,50,Tajamar Chico,250.0,CERRO LARGO,Otros usos agropecuarios,Abrevadero de ganado,-32.53568487482142,-54.59430581366177,Registrada,Nueva,Permiso de uso,Cda. s/n,5.0,Tajamar Chico
Río Negro,50,Represa Chica,1196000.0,CERRO LARGO,Riego,Arroz,-32.30804952188399,-54.54248897731304,Registrada,Renovación,Concesión,Ao. Sarandí,265.0,Represa Chica
Río Negro,50,Represa Mediana,3085900.0,CERRO LARGO,Riego,Arroz,-32.30804952188399,-54.54248897731304,Registrada,Renovación,Concesión,Cda. s/n,585.0,Represa Mediana
Río Negro,50,Represa Chica,1941000.0,CERRO LARGO,Riego,Arroz,-32.28833779592892,-54.54850181937218,Registrada,Renovación,Concesión,Cda. s/n,397.0,Represa Chica
Río Negro,50,Represa Grande,1002000.0,TACUAREMBÓ,Otros usos agropecuarios,Abrevadero de ganado,-32.35589899632485,-54.9826446507294,Registrada,Renovación,Concesión,Cda. Del Tigre,1080.0,Represa Grande
Río Negro,50,Represa Mediana,2710000.0,CERRO LARGO,Riego,Arroz,-32.02846783974815,-54.50465808901301,Registrada,Renovación,Concesión,Cda sin nombre,705.0,Represa Mediana
Río Negro,50,Tajamar Chico,2700.0,CERRO LARGO,Otros usos agropecuarios,Abrevadero de ganado,-32.55633046491097,-55.22765064204577,Registrada,Nueva,Permiso de uso,Bañado De Los Tres Hermanos,15.0,Tajamar Chico
Río Negro,50,Tajamar Chico,3800.0,CERRO LARGO,Otros usos agropecuarios,Abrevadero de ganado,-32.55907178910888,-55.22529709334778,Registrada,Nueva,Permiso de uso,Cda. s/n,8.0,Tajamar Chico
Río Negro,50,Tajamar Chico,6225.0,DURAZNO,Otros usos agropecuarios,Abrevadero de ganado,-32.52640782678794,-55.47352266294182,Registrada,NuevaNuevaNuevaNueva,Permiso de usoPermiso de usoPermiso de usoPermiso de uso,Cda. s/n,10.26,Tajamar Chico
Río Negro,50,Tajamar Chico,6225.0,DURAZNO,Otros usos agropecuarios,Abrevadero de ganado,-32.52640782678794,-55.47352266294182,Registrada,NuevaNuevaNuevaNueva,Permiso de usoPermiso de usoPermiso de usoPermiso de uso,Cda. s/n,10.26,Tajamar Chico
Río Negro,50,Tajamar Mediano,6225.0,DURAZNO,Otros usos agropecuarios,Abrevadero de ganado,-32.52640782678794,-55.47352266294182,Registrada,NuevaNuevaNuevaNueva,Permiso de usoPermiso de usoPermiso de usoPermiso de uso,Cda. s/n,10.26,Tajamar Mediano
Río Negro,50,Tajamar Mediano,6225.0,DURAZNO,Otros usos agropecuarios,Abrevadero de ganado,-32.52640782678794,-55.47352266294182,Registrada,NuevaNuevaNuevaNueva,Permiso de usoPermiso de usoPermiso de usoPermiso de uso,Cda. s/n,10.26,Tajamar Mediano
Río Negro,50,Tajamar Chico,2349.0,CERRO LARGO,Otros usos agropecuarios,Abrevadero de ganado,-32.96164215096429,-55.05411601057857,Registrada,Nueva,Permiso de uso,Cda. s/n,1.12,Tajamar Chico
Río Negro,50,Tajamar Grande,40000.0,CERRO LARGO,Riego,Forraje/Pradera/Semillas,-32.0394415122698,-54.15260982495965,Registrada,Nueva,Permiso de uso,Cda. s/n,126.0,Tajamar Grande
Río Negro,50,Represa Chica,622700.0,CERRO LARGO,Riego,Forraje/Pradera/Semillas,-32.16330686077728,-54.46459225631664,Registrada,Renovación,,Cda. s/n,150.0,Represa Chica
Río Negro,50,Represa Mediana,1725350.0,CERRO LARGO,Riego,Otros,-32.01731995838994,-54.38945540738067,Registrada,Renovación,Concesión,Cda. sin nombre,220.0,Represa Mediana
Río Negro,50,Represa Chica,1900000.0,CERRO LARGO,Riego,Arroz,-32.47838271390983,-54.84209918940905,Registrada,Nueva,Concesión,Cda. s/n,271.0,Represa Chica
Río Negro,50,Represa Mediana,4776450.0,CERRO LARGO,Riego,Arroz,-32.4843596526673,-54.80929183890112,Registrada,Nueva,Permiso de uso,Cda. s/n,990.0,Represa Mediana
Río Negro,51,Tajamar Grande,90000.0,RIVERA,Otros usos agropecuarios,Abrevadero de ganado,-31.65160659668237,-55.57682502572646,Registrada,Renovación,Permiso de uso,Cda. sin nombre,90.0,Tajamar Grande
Río Negro,51,Represa Chica,242500.0,RIVERA,Otros usos agropecuarios,Abrevadero de ganado,-31.65160659668237,-55.57682502572646,Registrada,Cesión,Permiso de uso,Cda. sin nombre,79.0,Represa Chica
Río Negro,51,Represa Mediana,1963000.0,RIVERA,Riego,Arroz,-31.38330973073507,-55.09638416551459,Registrada,Nueva,Concesión,Cda. Del Cerro Pelado,740.0,Represa Mediana
Río Negro,51,Tajamar Mediano,6000.0,TACUAREMBÓ,Otros usos agropecuarios,Abrevadero de ganado,-31.82298220719786,-55.5906731230441,Registrada,Nueva,Permiso de uso,Cda. s/n,60.0,Tajamar Mediano
Río Negro,51,Represa Chica,430500.0,RIVERA,Riego,Cereales/Oleaginosas,-31.45807249769593,-55.23834393417097,Registrada,Nueva,Concesión,Cda. s/n,108.0,Represa Chica
Río Negro,51,Tajamar Grande,42270.0,RIVERA,Otros usos,Control de incendios,-31.26571263683356,-55.65858766802491,Registrada,Cesión,Permiso de uso,Cda./Ao. de los Medanos,12.4,Tajamar Grande
Río Negro,51,Represa Chica,603000.0,RIVERA,Otros usos,Control de incendios,-31.24184742180147,-55.44395438031158,Registrada,Cesión,Permiso de uso,Cda sin nombre,135.0,Represa Chica
Río Negro,51,Represa Chica,265400.0,RIVERA,Otros usos,Control de incendios,-31.22742554588012,-55.44715714483645,Registrada,Cesión,Concesión,Cda sin nombre,105.0,Represa Chica
Río Negro,51,Represa Chica,210000.0,TACUAREMBÓ,Otros usos agropecuarios,Abrevadero de ganado,-31.91791523795468,-55.42165590358297,Registrada,Cesión,Permiso de uso,Cda sin nombre,68.0,Represa Chica
Río Negro,51,Represa Chica,257000.0,RIVERA,Otros usos,Control de incendios,-31.25067067135555,-55.25862932372647,Registrada,Renovación,Concesión,Cda Estancia Vieja,680.0,Represa Chica
Río Negro,51,Represa Chica,240590.0,RIVERA,Otros usos,Control de incendios,-31.29130866641296,-55.69586581179244,Registrada,Renovación,Concesión,Cda. Malacara,58.42,Represa Chica
Río Negro,51,Represa Mediana,1369000.0,RIVERA,Riego,Arroz,-31.6572312054494,-55.46768463894044,Registrada,Renovación,Concesión,Cda sin nombre,715.0,Represa Mediana
Río Negro,51,Represa Chica,296600.0,RIVERA,Industrial,Otros,-31.58577329416817,-55.51493780052841,Registrada,Renovación,Permiso de uso,Cda. sin nombre,168.0,Represa Chica
Río Negro,51,Represa Chica,244000.0,TACUAREMBÓ,Otros usos agropecuarios,Abrevadero de ganado,-31.86026790243961,-55.53259961307048,Registrada,Cesión,Concesión,Cda. s/n,288.0,Represa Chica
Río Negro,51,Tajamar Grande,24840.0,RIVERA,Otros usos,Llenado de embalse/tanque,-31.56792,-55.53315,Registrada,Nueva,Permiso de uso,Ao. Guayabo,1135.0,Tajamar Grande
Río Negro,51,Represa Mediana,2714000.0,RIVERA,Otros usos agropecuarios,Abrevadero de ganado,-31.29748,-55.24558,Registrada,Nueva,Concesión,Cda. s/n,510.0,Represa Mediana
Río Negro,51,Represa Chica,467000.0,RIVERA,Riego,Arroz,-31.43106,-55.18953,Registrada,Nueva,Concesión,Cda. s/n,93.0,Represa Chica
Río Negro,51,Represa Chica,812000.0,RIVERA,Riego,Arroz,-31.43523,-55.11492,Registrada,Nueva,Concesión,Cda. s/n,290.0,Represa Chica
Río Negro,51,Represa Chica,261050.0,RIVERA,Riego,Arroz,-31.40795,-55.13451,Registrada,Nueva,Concesión,Cda. s/n,46.0,Represa Chica
Río Negro,51,Represa Chica,928000.0,RIVERA,Otros usos agropecuarios,Abrevadero de ganado,-31.27315,-55.21596,Registrada,Nueva,Concesión,Cda. s/n,440.0,Represa Chica
Río Negro,51,Tajamar Chico,3000.0,RIVERA,Otros usos agropecuarios,Abrevadero de ganado,-31.02037651676244,-55.60163998743519,Registrada,Nueva,Permiso de uso,Cda. s/n,2.33,Tajamar Chico
Río Negro,51,Tajamar Chico,3000.0,RIVERA,Otros usos agropecuarios,Abrevadero de ganado,-31.7236189150458,-55.44356828962917,Registrada,Nueva,Permiso de uso,Cda. s/n,5.28,Tajamar Chico
Río Negro,51,Represa Grande,3000.0,RIVERA,Otros usos agropecuarios,Abrevadero de ganado,-31.57247714223664,-55.50428402493707,Registrada,Nueva,Permiso de uso,Cda. s/n,6.86,Represa Grande
Río Negro,51,Tajamar Chico,3000.0,RIVERA,Otros usos agropecuarios,Abrevadero de ganado,-31.56360334840364,-55.46372801814869,Registrada,Nueva,Permiso de uso,Cda. s/n,6.78,Tajamar Chico
Río Negro,51,Tajamar Chico,3000.0,RIVERA,Otros usos agropecuarios,Abrevadero de ganado,-31.40890862125016,-55.39551758905873,Registrada,Nueva,Permiso de uso,Cda. s/n,13.2,Tajamar Chico
Río Negro,51,Tajamar Chico,3000.0,RIVERA,Otros usos agropecuarios,Abrevadero de ganado,-31.18635120958242,-55.64437392371474,Registrada,Nueva,Permiso de uso,Cda. s/n,37.8,Tajamar Chico
Río Negro,51,Tajamar Grande,5000.0,RIVERA,Otros usos agropecuarios,Abrevadero de ganado,-31.79200131747558,-55.28941637312526,Registrada,Nueva,Permiso de uso,Cda. s/n,54.8,Tajamar Grande
Río Negro,51,Tajamar Chico,1916.0,RIVERA,Otros usos agropecuarios,Abrevadero de ganado,-31.13193528513694,-55.61668279784499,Registrada,Nueva,Permiso de uso,Cda. s/n,10.0,Tajamar Chico
Río Negro,51,Tajamar Chico,1650.0,TACUAREMBÓ,Otros usos agropecuarios,Abrevadero de ganado,-31.85826315100793,-55.36174289882182,Registrada,Nueva,Permiso de uso,Cda. s/n,3.3,Tajamar Chico
Río Negro,51,Tajamar Mediano,2.0,TACUAREMBÓ,Otros usos agropecuarios,Abrevadero de ganado,-31.83719240004281,-55.33221714198588,Registrada,Nueva,Permiso de uso,Cda. s/n,22.0,Tajamar Mediano
Río Negro,51,Tajamar Chico,1500.0,TACUAREMBÓ,Otros usos agropecuarios,Abrevadero de ganado,-31.77425027378064,-55.6514834985137,Registrada,Nueva,Permiso de uso,Cda. s/n,6.3,Tajamar Chico
Río Negro,51,Tajamar Chico,900.0,TACUAREMBÓ,Otros usos agropecuarios,Abrevadero de ganado,-31.79022124270718,-55.46276593348013,Registrada,Nueva,Permiso de uso,Cda. s/n,3.6,Tajamar Chico
Río Negro,51,Reservorio,600.0,RIVERA,Otros usos agropecuarios,Abrevadero de ganado,-31.1463783301136,-55.65830586478113,Registrada,Nueva,Permiso de uso,Cda. s/n,2.53,Reservorio/Otros
Río Negro,51,Represa Mediana,1797150.0,TACUAREMBÓ,Riego,Arroz,-31.80699726774044,-55.57750834617755,Registrada,Renovación,Concesión,Cda. sin nombre,501.0,Represa Mediana
Río Negro,51,Represa Mediana,3010500.0,RIVERA,Riego,Arroz,-31.68052688341093,-55.61472263965579,Registrada,Renovación,Concesión,Cda. s/n,600.0,Represa Mediana
Río Negro,51,Represa Chica,610595.0,RIVERA,Riego,Arroz,-31.74059242495186,-55.61112427720216,Registrada,Nueva,Concesión,Cda. s/n,260.0,Represa Chica
Río Negro,52,Represa Chica,274000.0,TACUAREMBÓ,Otros usos,Turismo/Recreación,-31.6679277485259,-55.96568270936761,Registrada,Nueva,Concesión,Cañada SN,51.0,Represa Chica
Río Negro,52,Represa Chica,507000.0,TACUAREMBÓ,Otros usos,Control de incendios,-31.5212143472771,-56.06091566930001,Registrada,Renovación,Concesión,Cda sin nombre,430.0,Represa Chica
Río Negro,52,Reservorio,1147600.0,TACUAREMBÓ,Otros usos agropecuarios,Abrevadero de ganado,-31.94921760245727,-55.57822396691307,Registrada,Renovación,Concesión,Cda. sin nombre,459.0,Reservorio/Otros
Río Negro,52,Represa Chica,1651000.0,TACUAREMBÓ,Otros usos,Otros,-31.88228,-55.75217,Registrada,Nueva,Concesión,Cda. s/n,266.0,Represa Chica
Río Negro,52,Represa Grande,2466500.0,TACUAREMBÓ,Otros usos agropecuarios,Abrevadero de ganado,-31.84188,-55.89372,Registrada,Renovación,Concesión,Cda. s/n,1490.0,Represa Grande
Río Negro,52,Tajamar Chico,1125.0,TACUAREMBÓ,Otros usos agropecuarios,Abrevadero de ganado,-31.58521114884191,-55.88852906366809,Registrada,Nueva,Permiso de uso,Cda. s/n,10.0,Tajamar Chico
Río Negro,52,Tanque Excavado,600.0,TACUAREMBÓ,Otros usos agropecuarios,Abrevadero de ganado,-31.58553929855164,-55.81094979308546,Registrada,Nueva,Permiso de uso,Cda. s/n,,Tanque Excavado
Río Negro,52,Tajamar Chico,2500.0,TACUAREMBÓ,Otros usos agropecuarios,Abrevadero de ganado,-31.70713335758503,-56.05412963050184,Registrada,Nueva,Permiso de uso,Ao. Moja Huevos,4.52,Tajamar Chico
Río Negro,52,Represa Grande,870.0,TACUAREMBÓ,Otros usos agropecuarios,Abrevadero de ganado,-31.62363668767127,-55.87245343253017,Registrada,Nueva,Permiso de uso,Cda. s/n,0.7,Represa Grande
Río Negro,52,Tajamar Chico,820.0,TACUAREMBÓ,Otros usos agropecuarios,Abrevadero de ganado,-31.62695467870918,-55.87710379622877,Registrada,Nueva,Permiso de uso,Cda. s/n,0.8,Tajamar Chico
Río Negro,52,Represa Grande,2500.0,TACUAREMBÓ,Otros usos agropecuarios,Abrevadero de ganado,-31.7777526327986,-56.02830167859791,Registrada,Nueva,Permiso de uso,Cda. s/n,5.2,Represa Grande
Río Negro,52,Represa Grande,718.0,TACUAREMBÓ,Otros usos agropecuarios,Abrevadero de ganado,-31.61997586895096,-55.86458563338964,Registrada,Nueva,Permiso de uso,Cda. s/n,1.6,Represa Grande
Río Negro,52,Tajamar Chico,1132.0,TACUAREMBÓ,Otros usos agropecuarios,Abrevadero de ganado,-31.65095603961768,-56.15996830165385,Registrada,Nueva,Permiso de uso,Cda. s/n,30.0,Tajamar Chico
Río Negro,52,Tajamar Chico,547.0,TACUAREMBÓ,Otros usos agropecuarios,Abrevadero de ganado,-31.63355398091613,-55.93594785779713,Registrada,Nueva,Permiso de uso,Cda. s/n,9.3,Tajamar Chico
Río Negro,52,Tajamar Chico,1600.0,TACUAREMBÓ,Otros usos agropecuarios,Abrevadero de ganado,-32.04452900499193,-55.93863962218167,Registrada,Nueva,Permiso de uso,Cda. s/n,5.0,Tajamar Chico
Río Negro,52,Represa Chica,505000.0,TACUAREMBÓ,Riego,Arroz,-31.83989225156015,-55.70377993981648,Registrada,Renovación,Concesión,Cda. s/n,156.0,Represa Chica
Río Negro,52,Tajamar Mediano,2740000.0,TACUAREMBÓ,Riego,Cereales/Oleaginosas,-31.90890879992762,-55.62419591251257,Registrada,Nueva,Concesión,Cda. s/n,950.0,Tajamar Mediano
Río Negro,53,Represa Grande,6200000.0,RIVERA,Riego,Arroz,-31.42039103471989,-54.88957088141837,Registrada,Renovación,Concesión,Cda. sin nombre/Cda. del Sauce,2078.0,Represa Grande
Río Negro,53,Represa Chica,280298.0,TACUAREMBÓ,Riego,Arroz,-32.17351244322109,-55.1923118102624,Registrada,Nueva,Concesión,Cda. s/n,109.0,Represa Chica
Río Negro,53,Represa Chica,1050000.0,TACUAREMBÓ,Riego,Arroz,-32.13171687076576,-55.22551208717383,Registrada,Nueva,Concesión,Cda. s/n,300.0,Represa Chica
Río Negro,53,Represa Chica,676000.0,TACUAREMBÓ,Otros usos agropecuarios,Abrevadero de ganado,-32.02975402871247,-54.91551993630303,Registrada,Cesión,Concesión,Cda. s/n,230.0,Represa Chica
Río Negro,53,Represa Mediana,2914000.0,TACUAREMBÓ,Riego,Arroz,-31.98326317718404,-55.42546156467496,Registrada,Nueva,Concesión,Cda. s/n,770.0,Represa Mediana
Río Negro,53,Represa Mediana,4200000.0,RIVERA,Otros usos agropecuarios,Abrevadero de ganado,-31.85266394083577,-54.8092797913236,Registrada,Renovación,Concesión,Cda del Sauce,772.8,Represa Mediana
Río Negro,53,Represa Chica,300000.0,TACUAREMBÓ,Riego,Arroz,-32.06924715980065,-55.2946354711616,Registrada,Renovación,Concesión,Cda. s/n,70.0,Represa Chica
Río Negro,53,Represa Chica,721000.0,RIVERA,Riego,Arroz,-31.39618416565499,-54.96027517283799,Registrada,Renovación,Concesión,Ao. Yaguarí,390.0,Represa Chica
Río Negro,53,Represa Mediana,3193000.0,TACUAREMBÓ,Otros usos agropecuarios,Abrevadero de ganado,-32.33214701536619,-55.19918410668251,Registrada,Renovación,Concesión,Cañada Tacuru Chico,680.0,Represa Mediana
Río Negro,53,Represa Mediana,1800000.0,TACUAREMBÓ,Riego,Arroz,-32.28759943187725,-55.14487123629077,Registrada,Renovación,Concesión,Cda. sin nombre,510.0,Represa Mediana
Río Negro,53,Represa Chica,1633000.0,TACUAREMBÓ,Riego,Arroz,-32.24084209849775,-55.15310049443642,Registrada,Renovación,Concesión,Cda. sin nombre,450.0,Represa Chica
Río Negro,53,Represa Mediana,3752000.0,TACUAREMBÓ,Riego,Arroz,-32.0545161172944,-55.22377135910142,Registrada,Renovación,Concesión,Cda de las Piedras,940.0,Represa Mediana
Río Negro,53,Represa Chica,2624000.0,TACUAREMBÓ,Riego,Arroz,-32.14394108667975,-55.37530776341865,Registrada,Cesión,Concesión,Cañada sin nombre,310.0,Represa Chica
Río Negro,53,Represa Chica,496000.0,TACUAREMBÓ,Riego,Arroz,-32.02595976152769,-55.29434401183559,Registrada,Renovación,Concesión,Cda. Las Piedras,152.0,Represa Chica
Río Negro,53,Represa Grande,6183000.0,RIVERA,Riego,Arroz,-31.42039103471989,-54.88957088141837,Registrada,Renovación,Concesión,Cda. sin nombre/Cda. del Sauce,2078.0,Represa Grande
Río Negro,53,Represa Chica,552000.0,TACUAREMBÓ,Riego,Arroz,-32.1973838416554,-55.12000168594287,Registrada,Nueva,Autorización,Cda. sin nombre,263.0,Represa Chica
Río Negro,53,Represa Chica,280298.0,TACUAREMBÓ,Riego,Arroz,-32.17277,-55.19183,Registrada,Nueva,Concesión,Cda. s/n,109.0,Represa Chica
Río Negro,53,Reservorio,2076470.0,TACUAREMBÓ,Riego,Arroz,-32.22529,-55.29921,Registrada,Nueva,Permiso de uso,Bañado Del Turupí,,Reservorio/Otros
Río Negro,53,Tajamar Grande,317800.0,TACUAREMBÓ,Otros usos agropecuarios,Abrevadero de ganado,-32.04918,-55.29801,Registrada,Nueva,Permiso de uso,Cañada,96.0,Tajamar Grande
Río Negro,53,Represa Chica,901000.0,TACUAREMBÓ,Riego,Arroz,-32.36534,-55.51958,Registrada,Nueva,Concesión,Cda. s/n,208.0,Represa Chica
Río Negro,53,Represa Chica,1385000.0,TACUAREMBÓ,Riego,Arroz,-31.96504988800795,-55.41157171108487,Registrada,Renovación,Concesión,Cda. s/n,283.0,Represa Chica
Río Negro,53,Represa Chica,1791000.0,TACUAREMBÓ,Riego,Arroz,-31.94143,-55.40862,Registrada,Nueva,Concesión,Cda. s/n,285.0,Represa Chica
Río Negro,53,Represa Chica,1217000.0,RIVERA,Riego,Arroz,-31.91171,-54.75517,Registrada,Renovación,Concesión,Cda. s/n,260.0,Represa Chica
Río Negro,53,Represa Chica,447491.0,TACUAREMBÓ,Otros usos agropecuarios,Abrevadero de ganado,-32.11828,-55.76685,Registrada,Nueva,Concesión,Cda. s/n,120.0,Represa Chica
Río Negro,53,Represa Grande,1900000.0,TACUAREMBÓ,Riego,Arroz,-32.29056,-55.44803,Registrada,Nueva,Concesión,Cda. s/n,382.0,Represa Grande
Río Negro,53,Tajamar Chico,960.0,RIVERA,Otros usos agropecuarios,Abrevadero de ganado,-31.80376079423025,-54.86570354551076,Registrada,Nueva,Permiso de uso,Cda. s/n,11.0,Tajamar Chico
Río Negro,53,Represa Chica,1036110.0,TACUAREMBÓ,Otros usos agropecuarios,Abrevadero de ganado,-32.12233080347238,-55.19973778864369,Registrada,Nueva,Concesión,Cda. s/n,325.0,Represa Chica
Río Negro,53,Tajamar Chico,3000.0,RIVERA,Otros usos agropecuarios,Abrevadero de ganado,-31.7133937061113,-55.20273935864681,Registrada,Nueva,Permiso de uso,Cda. s/n,3.0,Tajamar Chico
Río Negro,53,Represa Grande,3000.0,RIVERA,Otros usos agropecuarios,Abrevadero de ganado,-31.80476376749475,-55.22685762494801,Registrada,Nueva,Permiso de uso,Cda. s/n,15.2,Represa Grande
Río Negro,53,Tajamar Chico,4380.0,TACUAREMBÓ,Otros usos agropecuarios,Abrevadero de ganado,-31.99644099600494,-54.88482248852961,Registrada,Nueva,Permiso de uso,Cda. s/n,22.0,Tajamar Chico
Río Negro,53,Represa Grande,76000.0,TACUAREMBÓ,Otros usos agropecuarios,Abrevadero de ganado,-31.83728753454472,-55.2764318883419,Registrada,Nueva,Permiso de uso,Cda. s/n,76.0,Represa Grande
Río Negro,53,Tajamar Chico,6741.0,TACUAREMBÓ,Otros usos agropecuarios,Abrevadero de ganado,-32.05480472977294,-55.82497841154691,Registrada,Nueva,Permiso de uso,Cda. s/n,5.0,Tajamar Chico
Río Negro,53,Tajamar Chico,3900.0,TACUAREMBÓ,Otros usos agropecuarios,Abrevadero de ganado,-32.09563829948615,-55.81198704312555,Registrada,Nueva,Permiso de uso,Cda. s/n,4.0,Tajamar Chico
Río Negro,53,Tajamar Chico,2200.0,TACUAREMBÓ,Otros usos agropecuarios,Abrevadero de ganado,-32.06485770862321,-55.81629987806082,Registrada,Nueva,Permiso de uso,Cda. s/n,7.8,Tajamar Chico
Río Negro,53,Represa Grande,1100.0,TACUAREMBÓ,Otros usos agropecuarios,Abrevadero de ganado,-32.07532413717988,-55.15506260097028,Registrada,Nueva,Permiso de uso,Bañado De Los Cinco Sauces,9.8,Represa Grande
Río Negro,53,Tajamar Chico,600.0,TACUAREMBÓ,Otros usos agropecuarios,Abrevadero de ganado,-32.23359697602198,-55.01341816037893,Registrada,Nueva,Permiso de uso,Cda. s/n,11.0,Tajamar Chico
Río Negro,53,Represa Grande,1100.0,TACUAREMBÓ,Otros usos agropecuarios,Abrevadero de ganado,-31.8363462968117,-55.31374929472803,Registrada,Nueva,Permiso de uso,Cda. Del Sauce,8.3,Represa Grande
Río Negro,53,Tajamar Mediano,1500.0,TACUAREMBÓ,Otros usos agropecuarios,Abrevadero de ganado,-32.01703881218926,-55.30369754880666,Registrada,Nueva,Permiso de uso,Cda. s/n,7.2,Tajamar Mediano
Río Negro,53,Tajamar Chico,1500.0,TACUAREMBÓ,Otros usos agropecuarios,Abrevadero de ganado,-31.84262459389176,-55.30951492488384,Registrada,Nueva,Permiso de uso,Cda. s/n,4.6,Tajamar Chico
Río Negro,53,Tajamar Chico,1300.0,TACUAREMBÓ,Otros usos agropecuarios,Abrevadero de ganado,-32.04945417770676,-55.3555394418072,Registrada,Nueva,Permiso de uso,Cda. s/n,4.0,Tajamar Chico
Río Negro,53,Tajamar Chico,3200.0,TACUAREMBÓ,Otros usos agropecuarios,Abrevadero de ganado,-31.86627079014684,-55.35777088254689,Registrada,Nueva,Permiso de uso,Cda. s/n,14.5,Tajamar Chico
Río Negro,53,Represa Mediana,2000000.0,TACUAREMBÓ,Riego,Arroz,-31.83338020556896,-55.28377707997208,Registrada,Cesión,Concesión,Cda. s/n,660.0,Represa Mediana
Río Negro,53,Represa Chica,2500000.0,TACUAREMBÓ,Riego,Arroz,-31.92146802527872,-54.85448885243385,Registrada,Renovación,Concesión,Cda. s/n,350.0,Represa Chica
Río Negro,53,Represa Grande,2796700.0,TACUAREMBÓ,Riego,Arroz,-32.15578417953093,-55.18497335995563,Registrada,Renovación,Concesión,Cda. s/n,726.0,Represa Grande
Río Negro,53,Represa Chica,534900.0,RIVERA,Riego,Arroz,-31.3122529449582,-55.04135354520286,Registrada,Renovación,Concesión,Cda sin nombre,160.0,Represa Chica
Río Negro,53,Represa Chica,789600.0,TACUAREMBÓ,Riego,Arroz,-32.03240379935497,-55.32865548273547,Registrada,Nueva,Concesión,Cda. s/n,421.0,Represa Chica
Río Negro,53,Represa Mediana,3274000.0,TACUAREMBÓ,Riego,Arroz,-32.10233159934898,-55.33894974462049,Registrada,Renovación,Concesión,Cda. s/n,840.0,Represa Mediana
Río Negro,53,Represa Chica,1100000.0,TACUAREMBÓ,Riego,Arroz,-32.02762315772186,-55.43204355519265,Registrada,Renovación,Concesión,Cda. s/n,390.0,Represa Chica
Río Negro,53,Represa Chica,1400000.0,TACUAREMBÓ,Riego,Arroz,-32.07966087199132,-55.43915614982503,Registrada,Renovación,Concesión,Cda. s/n,305.0,Represa Chica
Río Negro,53,Represa Chica,1340000.0,TACUAREMBÓ,Riego,Arroz,-32.01410212262057,-55.44787430902942,Registrada,Renovación,Concesión,Cda. s/n,460.0,Represa Chica
Río Negro,53,Represa Mediana,4418600.0,TACUAREMBÓ,Riego,Arroz,-32.0278414573076,-55.45393038075419,Registrada,Renovación,Concesión,Cda. s/n,900.0,Represa Mediana
Río Negro,53,Represa Mediana,2319605.0,TACUAREMBÓ,Riego,Arroz,-32.17581706163436,-55.70109571113171,Registrada,Renovación,Concesión,Cda sin nombre,602.0,Represa Mediana
Río Negro,53,Represa Mediana,1060000.0,TACUAREMBÓ,Riego,Arroz,-32.0560229116077,-55.16181661255467,Registrada,Renovación,Concesión,Cda. s/n,602.0,Represa Mediana
Río Negro,53,Represa Grande,2225000.0,TACUAREMBÓ,Riego,Arroz,-32.14005121576013,-55.66636133473365,Registrada,Renovación,Concesión,Cda. s/n,1125.0,Represa Grande
Río Negro,53,Tajamar Grande,190000.0,TACUAREMBÓ,Riego,Cereales/Oleaginosas,-32.07888054144222,-55.2273256224484,Registrada,Renovación,Concesión,Cda. De Las Piedras,73.0,Tajamar Grande
Río Negro,54,Represa Mediana,2596000.0,TACUAREMBÓ,Riego,Arroz,-32.45540301157526,-56.26632660627367,Registrada,Renovación,Concesión,Cda. s/n,640.0,Represa Mediana
Río Negro,54,Represa Mediana,1300000.0,DURAZNO,Riego,Arroz,-32.84108203753605,-56.00756190641638,Registrada,Nueva,Concesión,Cda./Ao. Guayabos,512.0,Represa Mediana
Río Negro,54,Tajamar Chico,55875.0,DURAZNO,Riego,Forraje/Pradera/Semillas,-32.99417,-55.97368,Registrada,Nueva,Concesión,Cda. s/n,900.0,Tajamar Chico
Río Negro,54,Represa Chica,800000.0,TACUAREMBÓ,Riego,Arroz,-32.43037,-55.55584,Registrada,Nueva,Concesión,Cda. s/n,233.0,Represa Chica
Río Negro,54,Represa Mediana,857500.0,TACUAREMBÓ,Otros usos agropecuarios,Abrevadero de ganado,-32.22889,-56.00203,Registrada,Nueva,Concesión,Cda. s/n,950.0,Represa Mediana
Río Negro,54,Represa Chica,1569200.0,TACUAREMBÓ,Otros usos agropecuarios,Abrevadero de ganado,-32.16453,-56.04371,Registrada,Nueva,Concesión,Cda. s/n,360.0,Represa Chica
Río Negro,54,Tajamar Chico,3230.0,TACUAREMBÓ,Otros usos agropecuarios,Abrevadero de ganado,-32.00281374480873,-56.17992041632533,Registrada,Nueva,Permiso de uso,Cda. s/n,14.0,Tajamar Chico
Río Negro,54,Represa Chica,1500000.0,DURAZNO,Otros usos agropecuarios,Abrevadero de ganado,-32.6708240644615,-55.56629276834428,Registrada,Nueva,Concesión,Cda. s/n,362.0,Represa Chica
Río Negro,54,Represa Chica,1035000.0,TACUAREMBÓ,Otros usos agropecuarios,Abrevadero de ganado,-32.20107958696707,-55.83673525135964,Registrada,Nueva,Concesión,Cda. s/n,249.0,Represa Chica
Río Negro,54,Represa Mediana,1592000.0,TACUAREMBÓ,Otros usos agropecuarios,Abrevadero de ganado,-32.20998340333448,-55.7921991404146,Registrada,Renovación,Concesión,Cda. s/n,950.0,Represa Mediana
Río Negro,54,Represa Mediana,774000.0,TACUAREMBÓ,Riego,Cereales/Oleaginosas,-32.31017466611332,-55.77184725087135,Registrada,Nueva,Concesión,Cda. s/n,712.0,Represa Mediana
Río Negro,54,Represa Chica,778000.0,TACUAREMBÓ,Riego,Forraje/Pradera/Semillas,-32.24842102939706,-56.05405855458229,Registrada,Nueva,Concesión,Cda. s/n,190.0,Represa Chica
Río Negro,54,Represa Grande,5640600.0,DURAZNO,Riego,Arroz,-32.98806138562946,-56.07426667353138,Registrada,Renovación,Concesión,Ao. De Los Perros,2155.0,Represa Grande
Río Negro,54,Represa Mediana,2524000.0,TACUAREMBÓ,Riego,Arroz,-32.26500648104623,-56.2054309848463,Registrada,Renovación,Concesión,Cda. s/n,520.0,Represa Mediana
Río Negro,55,Represa Mediana,3000000.0,PAYSANDÚ,Riego,Arroz,-32.23621529941126,-56.4689598097466,Registrada,Renovación,Concesión,Cda. s/n,877.0,Represa Mediana
Río Negro,55,Represa Chica,0.0,DURAZNO,Riego,Cereales/Oleaginosas,-33.06382233691235,-57.06922731120868,Registrada,Nueva,Concesión,Cda Durazno,490.0,Represa Chica
Río Negro,55,Represa Grande,4542000.0,TACUAREMBÓ,Riego,Arroz,-32.32489847818924,-56.30586794749077,Registrada,Renovación,Concesión,Cda. De Las Conchas,3205.0,Represa Grande
Río Negro,55,Represa Grande,1680000.0,DURAZNO,Riego,Arroz,-32.96726779831757,-56.30832068069326,Registrada,Renovación,Concesión,Cda. s/n,1150.0,Represa Grande
Río Negro,55,Represa Mediana,2652000.0,PAYSANDÚ,Riego,Forraje/Pradera/Semillas,-32.39004,-56.60537,Registrada,Nueva,Concesión,Ao. Sarandí Del Medio,900.0,Represa Mediana
Río Negro,55,Tajamar Grande,26280.0,DURAZNO,Otros usos agropecuarios,Abrevadero de ganado,-32.86615,-56.58532,Registrada,Nueva,Concesión,Cda. s/n,46.0,Tajamar Grande
Río Negro,55,Represa Mediana,1200000.0,DURAZNO,Riego,Forraje/Pradera/Semillas,-32.91074,-56.50391,Registrada,Nueva,Concesión,Ao. Sarandí De La China,510.0,Represa Mediana
Río Negro,55,Represa Chica,964000.0,DURAZNO,Riego,Cereales/Oleaginosas,-32.96785,-56.63754,Registrada,Nueva,Concesión,Ao. Juan Esteban,360.0,Represa Chica
Río Negro,55,Represa Mediana,696000.0,TACUAREMBÓ,Riego,Cereales/Oleaginosas,-32.34814,-56.38617,Registrada,Nueva,Concesión,Cda. s/n,875.0,Represa Mediana
Río Negro,55,Represa Chica,1755000.0,RÍO NEGRO,Riego,Arroz,-32.61777,-56.70964,Registrada,Nueva,Concesión,Cda. s/n,496.0,Represa Chica
Río Negro,55,Represa Chica,265900.0,DURAZNO,Otros usos agropecuarios,Abrevadero de ganado,-32.96149918986223,-56.52742858976126,Registrada,Nueva,Concesión,Cda. s/n,440.0,Represa Chica
Río Negro,55,Represa Chica,870693.0,DURAZNO,Riego,Cereales/Oleaginosas,-33.07095915214008,-56.88304893672466,Registrada,Nueva,Concesión,Cda. s/n,459.0,Represa Chica
Río Negro,55,Represa Mediana,1119293.0,DURAZNO,Riego,Cereales/Oleaginosas,-33.05145107145105,-56.84885010123253,Registrada,Nueva,Concesión,Ao. De Los Negros Chico,720.0,Represa Mediana
Río Negro,55,Tajamar Mediano,9900.0,PAYSANDÚ,Otros usos agropecuarios,Abrevadero de ganado,-32.13135134479529,-56.35761272977106,Registrada,Nueva,Permiso de uso,Cda. s/n,30.0,Tajamar Mediano
Río Negro,55,Represa Chica,1056000.0,RÍO NEGRO,Riego,Forraje/Pradera/Semillas,-32.92605330058849,-57.14607739588245,Registrada,Nueva,Concesión,Cda. s/n,476.0,Represa Chica
Río Negro,55,Represa Mediana,1865000.0,TACUAREMBÓ,Riego,Arroz,-32.33441505039055,-56.29025928676128,Registrada,Renovación,Concesión,Cda. De La Buena Vista,630.0,Represa Mediana
Río Negro,55,Represa Grande,5378000.0,TACUAREMBÓ,Riego,Arroz,-32.29711697826524,-56.40939697623254,Registrada,Renovación,Concesión,Cda. s/n,1263.0,Represa Grande
Río Negro,55,Represa Chica,520000.0,DURAZNO,Otros usos,Turismo/Recreación,-32.9861178793803,-56.62349693477154,Registrada,Renovación,Concesión,Cda. s/n,150.0,Represa Chica
Río Negro,55,Represa Mediana,1955575.0,RÍO NEGRO,Riego,Forraje/Pradera/Semillas,-32.91776819662655,-57.08595268428324,Registrada,Nueva,Concesión,Cda. s/n,718.0,Represa Mediana
Río Negro,55,Represa Chica,1318408.0,DURAZNO,Riego,Cereales/Oleaginosas,-33.03067153035672,-56.44059173762799,Registrada,Nueva,Concesión,Cda. s/n,440.0,Represa Chica
Río Negro,55,Represa Chica,300000.0,DURAZNO,Otros usos agropecuarios,Abrevadero de ganado,-33.07884168963288,-56.93021055310965,Registrada,Nueva,Concesión,Cda. s/n,197.0,Represa Chica
Río Negro,55,Represa Mediana,1643750.0,DURAZNO,Riego,Cereales/Oleaginosas,-33.04490346250408,-56.93305063527076,Registrada,Nueva,Concesión,Cda. Doña Alice,647.0,Represa Mediana
Río Negro,55,Represa Chica,613505.0,DURAZNO,Riego,Cereales/Oleaginosas,-33.02458381885743,-56.87976423958622,Registrada,Nueva,Concesión,Cda. s/n,225.0,Represa Chica
Río Negro,55,Represa Chica,784800.0,DURAZNO,Riego,Cereales/Oleaginosas,-33.0002628253301,-56.85755038331262,Registrada,Nueva,Concesión,Cda. s/n,250.0,Represa Chica
Río Negro,56,Represa Chica,786000.0,DURAZNO,Riego,Forraje/Pradera/Semillas,-33.36006413430065,-56.44779789465247,Registrada,Nueva,Concesión,Cañada S/n,120.0,Represa Chica
Río Negro,56,Represa Grande,340000.0,FLORES,Otros usos,Turismo/Recreación,-33.50212,-56.84129,Registrada,Nueva,Concesión,Ao. De Hornos,1200.0,Represa Grande
Río Negro,56,Represa Chica,251000.0,FLORIDA,Otros usos agropecuarios,Abrevadero de ganado,-33.44397147941417,-55.21260434534401,Registrada,Nueva,Concesión,Cda S/Nombre,156.0,Represa Chica
Río Negro,56,Represa Grande,582000.0,FLORIDA,Otros usos agropecuarios,Abrevadero de ganado,-33.57632503714384,-56.42398699473957,Registrada,Nueva,Concesión,Ao Chacra Vieja,1200.0,Represa Grande
Río Negro,56,Represa Grande,873000.0,FLORIDA,Riego,Cereales/Oleaginosas,-33.60669487896946,-56.47786318383674,Registrada,Nueva,Concesión,Ao. Quiebra Huevos,1173.0,Represa Grande
Río Negro,56,Tajamar Grande,114600.0,FLORIDA,Otros usos agropecuarios,Abrevadero de ganado,-33.48381356968652,-55.90880221126658,Registrada,Nueva,Concesión,Cda. s/n,155.0,Tajamar Grande
Río Negro,56,Tanque Excavado,3000.0,DURAZNO,Riego,Otros,-33.40654312107081,-56.53515947663091,Registrada,Nueva,Permiso de uso,Cda Del Bañado,0.0,Tanque Excavado
Río Negro,56,Represa Chica,198000.0,FLORIDA,Otros usos agropecuarios,Abrevadero de ganado,-33.72923933795634,-55.87856400747214,Registrada,Nueva,Concesión,Cda S/Nombre,160.0,Represa Chica
Río Negro,56,Represa Chica,149570.0,FLORIDA,Riego,Forraje/Pradera/Semillas,-33.76652288510363,-55.62254279851913,Registrada,Renovación,Concesión,Cda. s/n,93.0,Represa Chica
Río Negro,56,Represa Chica,264000.0,FLORES,Riego,Forraje/Pradera/Semillas,-33.68851804006368,-56.76441624248552,Registrada,Nueva,Concesión,Ao. Porongos,145.0,Represa Chica
Río Negro,56,Represa Chica,209000.0,DURAZNO,Otros usos agropecuarios,Abrevadero de ganado,-33.25199792845259,-55.68155068433189,Registrada,Nueva,Concesión,Cda s/nombre,115.0,Represa Chica
Río Negro,56,Represa Mediana,197500.0,FLORIDA,Otros usos agropecuarios,Abrevadero de ganado,-33.62702922248835,-55.76370259802439,Registrada,Nueva,Concesión,Ao De Hornos,500.0,Represa Mediana
Río Negro,56,Represa Chica,181000.0,FLORIDA,Otros usos agropecuarios,Abrevadero de ganado,-33.66078416551031,-55.6785137833024,Registrada,Nueva,Concesión,Cda S/Nombre-Ao La Pedrera,270.0,Represa Chica
Río Negro,56,Represa Chica,177000.0,FLORIDA,Riego,Forraje/Pradera/Semillas,-33.67558,-55.6171,Registrada,Nueva,Concesión,Cda. s/n,330.0,Represa Chica
Río Negro,56,Tajamar Grande,112000.0,FLORIDA,Otros usos agropecuarios,Abrevadero de ganado,-33.83187,-56.36257,Registrada,Nueva,Permiso de uso,Ao. Del Sauce,77.5,Tajamar Grande
Río Negro,56,Tajamar Grande,120000.0,DURAZNO,Otros usos agropecuarios,Abrevadero de ganado,-33.32886,-56.53401,Registrada,Nueva,Permiso de uso,Cda. s/n,58.0,Tajamar Grande
Río Negro,56,Tanque Excavado,60000.0,DURAZNO,Riego,Forraje/Pradera/Semillas,-33.26855,-56.45235,Registrada,Nueva,Permiso de uso,Cda. s/n,15.0,Tanque Excavado
Río Negro,56,Represa Chica,260000.0,DURAZNO,Riego,Cereales/Oleaginosas,-33.19204,-56.31938,Registrada,Nueva,Concesión,Cda. s/n,635.0,Represa Chica
Río Negro,56,Represa Chica,250000.0,FLORIDA,Otros usos agropecuarios,Abrevadero de ganado,-33.67421,-55.80214,Registrada,Nueva,Concesión,Cda. s/n,280.0,Represa Chica
Río Negro,56,Represa Chica,170000.0,FLORIDA,Otros usos agropecuarios,Abrevadero de ganado,-33.63238,-56.10873,Registrada,Nueva,Concesión,Cda. s/n,130.0,Represa Chica
Río Negro,56,Represa Chica,216000.0,FLORES,Industrial,Otros,-33.51078,-56.90115,Registrada,Nueva,Concesión,Cda. s/n,380.0,Represa Chica
Río Negro,56,Represa Chica,632000.0,FLORES,Otros usos agropecuarios,Abrevadero de ganado,-33.51505,-56.70952,Registrada,Nueva,Concesión,Cda. s/n,425.0,Represa Chica
Río Negro,56,Represa Mediana,454000.0,FLORES,Riego,Forraje/Pradera/Semillas,-33.50826,-56.71719,Registrada,Nueva,Concesión,Cda. s/n,269.0,Represa Mediana
Río Negro,56,Represa Chica,421000.0,DURAZNO,Riego,Sistema de riego,-33.28383,-55.56129,Registrada,Nueva,Concesión,Cda. s/n,286.0,Represa Chica
Río Negro,56,Tajamar Grande,94200.0,FLORIDA,Riego,Cereales/Oleaginosas,-33.67205455447731,-56.09641067683697,Registrada,Nueva,Permiso de uso,Cda. s/n,62.0,Tajamar Grande
Río Negro,56,Represa Mediana,250000.0,FLORES,Riego,Forraje/Pradera/Semillas,-33.32708,-57.03111,Registrada,Renovación,Concesión,Cda. s/n,600.0,Represa Mediana
Río Negro,56,Represa Grande,1700000.0,FLORES,Consumo humano,Abastecimiento a poblaciones,-33.51032803868854,-56.79643273191178,Registrada,Renovación,Concesión,Cda. s/n,1550.0,Represa Grande
Río Negro,56,Represa Chica,366258.0,FLORIDA,Riego,Cereales/Oleaginosas,-33.71843,-56.386,Registrada,Renovación,Concesión,Cda. s/n,100.0,Represa Chica
Río Negro,56,Represa Chica,597700.0,FLORIDA,Riego,Cereales/Oleaginosas,-33.71995,-56.36814,Registrada,Renovación,Concesión,Cda. s/n,230.0,Represa Chica
Río Negro,56,Tanque Excavado,65000.0,DURAZNO,Riego,Forraje/Pradera/Semillas,-33.47314,-56.42575,Registrada,Nueva,Permiso de uso,Cda. Del Pedregal,192.0,Tanque Excavado
Río Negro,56,Tanque Excavado,27000.0,DURAZNO,Riego,Forraje/Pradera/Semillas,-33.47599,-56.42807,Registrada,Nueva,Permiso de uso,Cda. Del Pedregal,192.0,Tanque Excavado
Río Negro,56,Represa Chica,1092000.0,DURAZNO,Riego,Cereales/Oleaginosas,-33.26314,-56.68527,Registrada,Nueva,Concesión,Cda. s/n,313.0,Represa Chica
Río Negro,56,Represa Grande,217000.0,FLORES,Riego,Cereales/Oleaginosas,-33.3416,-56.95032,Registrada,Nueva,Concesión,Cda. s/n,115.0,Represa Grande
Río Negro,56,Represa Chica,908000.0,FLORES,Riego,Cereales/Oleaginosas,-33.57562451242585,-56.71134217291066,Registrada,Renovación,Concesión,Ao. De La Cordobesa,370.0,Represa Chica
Río Negro,56,Represa Grande,552000.0,DURAZNO,Riego,Cereales/Oleaginosas,-33.22217465803267,-56.15996830165386,Registrada,Nueva,Concesión,Cda. s/n,580.0,Represa Grande
Río Negro,56,Tanque Excavado,1000.0,FLORES,Otros usos agropecuarios,Abrevadero de ganado,-33.21367918772049,-57.10584520362318,Registrada,Nueva,Permiso de uso,Cda. s/n,14.0,Tanque Excavado
Río Negro,56,Tajamar Chico,800.0,FLORES,Otros usos agropecuarios,Abrevadero de ganado,-33.58894087680919,-56.75713531672955,Registrada,Nueva,Permiso de uso,Cda. s/n,17.5,Tajamar Chico
Río Negro,56,Tanque Excavado,410.0,FLORES,Otros usos agropecuarios,Abrevadero de ganado,-33.59121486196412,-56.76233276724815,Registrada,Nueva,Permiso de uso,Cda. s/n,34.7,Tanque Excavado
Río Negro,56,Represa Chica,70000.0,FLORIDA,Riego,Forraje/Pradera/Semillas,-33.8655446002118,-55.58296915143728,Registrada,Renovación,Concesión,Cda. s/n,132.0,Represa Chica
Río Negro,56,Tajamar Grande,167000.0,DURAZNO,Otros usos agropecuarios,Abrevadero de ganado,-33.37882784960129,-56.33550999686121,Registrada,Nueva,Permiso de uso,Cda. s/n,130.0,Tajamar Grande
Río Negro,56,Tajamar Chico,3500.0,FLORIDA,Otros usos agropecuarios,Abrevadero de ganado,-33.68798903588574,-55.92326637357473,Registrada,Nueva,Permiso de uso,Cda. s/n,10.0,Tajamar Chico
Río Negro,56,Tajamar Chico,4000.0,FLORIDA,Otros usos agropecuarios,Abrevadero de ganado,-33.34470129953984,-55.53928133100271,Registrada,Nueva,Permiso de uso,Cda. s/n,7.0,Tajamar Chico
Río Negro,56,Tajamar Chico,600.0,FLORIDA,Otros usos agropecuarios,Abrevadero de ganado,-33.34464052160359,-55.54885379970073,Registrada,Nueva,Permiso de uso,Cda. s/n,3.0,Tajamar Chico
Río Negro,56,Represa Chica,430505.0,DURAZNO,Riego,Forraje/Pradera/Semillas,-33.24569445850765,-56.5105913579464,Registrada,Nueva,Concesión,Cda. s/n,173.0,Represa Chica
Río Negro,56,Represa Mediana,520000.0,FLORIDA,Riego,Forraje/Pradera/Semillas,-33.52317216434115,-56.4667271822691,Registrada,Nueva,Concesión,Cda. s/n,799.0,Represa Mediana
Río Negro,56,Represa Grande,1510000.0,FLORES,Riego,Cereales/Oleaginosas,-33.60758623226851,-56.89064964652061,Registrada,Nueva,Concesión,Cda. s/n,997.0,Represa Grande
Río Negro,56,Tajamar Chico,15000.0,FLORIDA,Otros usos agropecuarios,Abrevadero de ganado,-33.42444471357213,-55.59341786429286,Registrada,Nueva,Permiso de uso,Cda. s/n,11.5,Tajamar Chico
Río Negro,56,Tajamar Chico,1300.0,FLORIDA,Otros usos agropecuarios,Abrevadero de ganado,-33.42490880340524,-55.59352867305279,Registrada,Nueva,Permiso de uso,Cda. s/n,26.8,Tajamar Chico
Río Negro,56,Represa Mediana,1174860.0,FLORIDA,Riego,Forraje/Pradera/Semillas,-33.79387,-55.7336,Registrada,Cesión,Concesión,Cda. s/n,526.0,Represa Mediana
Río Negro,56,Represa Mediana,1696800.0,FLORIDA,Riego,Forraje/Pradera/Semillas,-33.79974,-55.66357,Registrada,Cesión,Concesión,Cda. s/n,987.0,Represa Mediana
Río Negro,56,Represa Chica,406706.0,DURAZNO,Riego,Cereales/Oleaginosas,-33.26591292788104,-56.50007240474223,Registrada,Renovación,Concesión,Cda. s/n,260.0,Represa Chica
Río Negro,56,Represa Mediana,553990.0,FLORIDA,Otros usos agropecuarios,Abrevadero de ganado,-33.62888580657094,-55.53555473685265,Registrada,Renovación,Concesión,Cda. s/n,733.0,Represa Mediana
Río Negro,56,Represa Chica,390915.0,DURAZNO,Riego,Cereales/Oleaginosas,-33.34914357566613,-56.56887039542197,Registrada,Renovación,Concesión,Cda. s/n,150.0,Represa Chica
Río Negro,56,Represa Grande,4200000.0,DURAZNO,Riego,Cereales/Oleaginosas,-33.22724439576712,-56.6226004064083,Registrada,Renovación,Concesión,Cda. s/n,1790.0,Represa Grande
Río Negro,56,Represa Chica,292000.0,FLORES,Riego,Cereales/Oleaginosas,-33.31840444032025,-56.72135112807154,Registrada,Renovación,Concesión,Cda sin nombre,175.0,Represa Chica
Río Negro,56,Represa Chica,320000.0,FLORIDA,Riego,Forraje/Pradera/Semillas,-33.34613222956964,-55.49633011221885,Registrada,Nueva,Concesión,Cda. s/n,222.0,Represa Chica
Río Negro,56,Represa Mediana,1543000.0,FLORIDA,Otros usos agropecuarios,Abrevadero de ganado,-33.58854762937697,-55.7546328753233,Registrada,Renovación,Concesión,Cda. s/n,724.0,Represa Mediana
Río Negro,56,Represa Chica,464000.0,FLORES,Riego,Cereales/Oleaginosas,-33.60188129211503,-56.71147339046001,Registrada,Nueva,Concesión,Cda. s/n,210.0,Represa Chica
Río Negro,56,Represa Mediana,1166600.0,FLORES,Riego,Cereales/Oleaginosas,-33.37179702997449,-56.68877586722373,Registrada,Nueva,Concesión,Cda. s/n,352.0,Represa Mediana
Río Negro,56,Represa Chica,437000.0,DURAZNO,Riego,Cereales/Oleaginosas,-33.46579185310618,-56.48743148893117,Registrada,Nueva,Concesión,Cda. s/n,413.0,Represa Chica
Río Negro,56,Represa Mediana,922000.0,DURAZNO,Riego,Cereales/Oleaginosas,-33.213314532723,-56.47900566458701,Registrada,Renovación,Concesión,Cda. s/n,511.0,Represa Mediana
Río Negro,56,Represa Chica,607000.0,DURAZNO,Riego,Cereales/Oleaginosas,-33.28959948440765,-56.48174520581962,Registrada,Renovación,Concesión,Cda. s/n,245.0,Represa Chica
Río Negro,56,Represa Chica,970000.0,DURAZNO,Riego,Cereales/Oleaginosas,-33.15737137823184,-55.81192485988142,Registrada,Renovación,Concesión,Cda. Del Hallado,320.0,Represa Chica
Río Negro,56,Represa Mediana,929000.0,FLORES,Riego,Cereales/Oleaginosas,-33.40748575457216,-56.69160827994346,Registrada,Renovación,Concesión,Ao. Sauce Chico,670.0,Represa Mediana
Río Negro,56,Tajamar Grande,79063.0,FLORIDA,Otros usos agropecuarios,Abrevadero de ganado,-33.78138062058451,-56.28257744014262,Registrada,Nueva,Permiso de uso,Cda. s/n,74.0,Tajamar Grande
Río Negro,56,Represa Chica,615000.0,FLORIDA,Riego,Forraje/Pradera/Semillas,-33.53783945534259,-56.43801681697369,Registrada,Nueva,Concesión,Cda. s/n,184.0,Represa Chica
Río Negro,56,Represa Chica,1128918.0,DURAZNO,Riego,Cereales/Oleaginosas,-33.25631763062678,-56.61599144339561,Registrada,Nueva,Concesión,Cda. s/n,480.0,Represa Chica
Río Negro,56,Represa Grande,4000000.0,DURAZNO,Riego,Forraje/Pradera/Semillas,-33.34958,-56.57964,Registrada,Renovación,Concesión,Cda. s/n,1740.0,Represa Grande
Río Negro,56,Represa Mediana,1832000.0,DURAZNO,Riego,Cereales/Oleaginosas,-33.32791853621954,-56.59384712576866,Registrada,Nueva,Concesión,Ao. Del Salado,740.0,Represa Mediana
Río Negro,56,Represa Grande,1422755.0,DURAZNO,Riego,Forraje/Pradera/Semillas,-33.18118190345477,-56.15526169538497,Registrada,Nueva,Concesión,Cda. s/n,2504.0,Represa Grande
Río Negro,56,Represa Chica,915000.0,FLORES,Riego,Cereales/Oleaginosas,-33.36826285659182,-56.71366207301617,Registrada,Renovación,Concesión,Cda. s/n,217.0,Represa Chica
Río Negro,56,Represa Chica,1100000.0,DURAZNO,Riego,Forraje/Pradera/Semillas,-33.38019704550459,-55.78772060573101,Registrada,Renovación,Concesión,Cda. s/n,415.0,Represa Chica
Río Negro,56,Represa Chica,203250.0,DURAZNO,Otros usos agropecuarios,Abrevadero de ganado,-33.23130395673788,-56.44930120557546,Registrada,Nueva,Concesión,Cda. s/n,90.0,Represa Chica
Río Negro,56,Represa Mediana,1526459.0,DURAZNO,Riego,Cereales/Oleaginosas,-33.05835720044531,-56.56311973929406,Registrada,Renovación,Concesión,Cda. s/n,654.0,Represa Mediana
Río Negro,56,Tajamar Mediano,56175.0,FLORIDA,Otros usos,Turismo/Recreación,-33.73280403655454,-56.33775232359767,Registrada,Nueva,Permiso de uso,Cda. s/n,39.0,Tajamar Mediano
Río Negro,56,Represa Mediana,496800.0,FLORIDA,Riego,Forraje/Pradera/Semillas,-33.51268889313074,-56.3887070864439,Registrada,Renovación,Concesión,Cda. s/n,780.0,Represa Mediana
Río Negro,56,Represa Mediana,818000.0,DURAZNO,Riego,Otros,-33.24121627616981,-56.49723814800381,Registrada,Nueva,Concesión,Ao. De Villasboas,368.0,Represa Mediana
Río Negro,56,Represa Mediana,1932121.0,DURAZNO,Riego,Cereales/Oleaginosas,-33.10669897348766,-56.12282171845435,Registrada,Nueva,Concesión,Cda. s/n,850.0,Represa Mediana
Río Negro,56,Represa Chica,221600.0,FLORIDA,Otros usos,Turismo/Recreación,-33.42730854338631,-55.79984083771706,Registrada,Nueva,Concesión,Cda. s/n,29.0,Represa Chica
Río Negro,57,Represa Chica,463000.0,SORIANO,Riego,Cereales/Oleaginosas,-33.42764568356213,-57.34328253356433,Registrada,Renovación,Concesión,Cda. s/n,210.0,Represa Chica
Río Negro,57,Tajamar Grande,118000.0,FLORES,Otros usos agropecuarios,Abrevadero de ganado,-33.77304938025384,-57.17135354876518,Registrada,Nueva,Permiso de uso,Ao. Grande,590.0,Tajamar Grande
Río Negro,57,Represa Chica,319600.0,SORIANO,Riego,Forraje/Pradera/Semillas,-33.61473842289688,-57.22397303616162,Registrada,Nueva,Concesión,Cda s/nombre,128.0,Represa Chica
Río Negro,57,Represa Mediana,1029000.0,SORIANO,Riego,Cereales/Oleaginosas,-33.60519640715198,-57.46112882988817,Registrada,Renovación,Concesión,Cda./Ao. del Duraznito/Ao. del Perdido,625.0,Represa Mediana
Río Negro,57,Represa Grande,583000.0,SORIANO,Riego,Cereales/Oleaginosas,-33.76730651144946,-57.33682517742692,Registrada,Nueva,Concesión,Puntas del Arroyo del Sauce,1120.0,Represa Grande
Río Negro,57,Represa Chica,665000.0,SORIANO,Riego,Cereales/Oleaginosas,-33.5135393585149,-57.52882909464959,Registrada,Nueva,Concesión,Ao. Santiago/Ao. Perdido,400.0,Represa Chica
Río Negro,57,Represa Grande,0.0,SORIANO,Riego,Cereales/Oleaginosas,-33.56622321332968,-57.32706081980852,Registrada,Nueva,Concesión,Ao De Muñoz,2960.0,Represa Grande
Río Negro,57,Represa Mediana,3423000.0,SORIANO,Riego,Forraje/Pradera/Semillas,-33.84216200634613,-57.19280183315277,Registrada,Nueva,Concesión,Cda. s/n,4851.0,Represa Mediana
Río Negro,57,Represa Chica,324000.0,SORIANO,Riego,Forraje/Pradera/Semillas,-33.18621641640215,-57.41446964442729,Registrada,Nueva,Concesión,Cda. s/n,253.0,Represa Chica
Río Negro,57,Represa Chica,400000.0,SORIANO,Riego,Cereales/Oleaginosas,-33.70862899858621,-57.21562079792253,Registrada,Nueva,Concesión,Cda. sin nombre,130.0,Represa Chica
Río Negro,57,Represa Mediana,548000.0,FLORES,Riego,Cereales/Oleaginosas,-33.70579,-56.9985,Registrada,Nueva,Concesión,Cda. s/n,540.0,Represa Mediana
Río Negro,57,Represa Grande,850000.0,FLORES,Riego,Cereales/Oleaginosas,-33.85379,-57.07875,Registrada,Nueva,Concesión,Cda. s/n,1111.0,Represa Grande
Río Negro,57,Represa Grande,1900000.0,SORIANO,Otros usos agropecuarios,Abrevadero de ganado,-33.56033,-57.4318,Registrada,Nueva,Concesión,Cda. s/n,5300.0,Represa Grande
Río Negro,57,Represa Chica,755000.0,FLORES,Riego,Cereales/Oleaginosas,-33.81116583442621,-57.1141748174272,Registrada,Renovación,Concesión,Cda s/nombre,351.0,Represa Chica
Río Negro,57,Represa Grande,793000.0,FLORES,Riego,Forraje/Pradera/Semillas,-33.22593015140679,-57.19942085444927,Registrada,Nueva,Concesión,Cda. s/n,2040.0,Represa Grande
Río Negro,57,Represa Chica,600000.0,SORIANO,Riego,Cereales/Oleaginosas,-33.2359314861735,-57.43807777762413,Registrada,Nueva,Concesión,Cda. s/n,415.0,Represa Chica
Río Negro,57,Represa Grande,1919000.0,FLORES,Riego,Forraje/Pradera/Semillas,-33.72257672040256,-57.09002964198589,Registrada,Nueva,Concesión,Cda. s/n,1147.0,Represa Grande
Río Negro,57,Represa Chica,499500.0,SORIANO,Riego,Forraje/Pradera/Semillas,-33.81608024525479,-57.42442600429057,Registrada,Nueva,Concesión,Cda. s/n,222.0,Represa Chica
Río Negro,57,Represa Chica,542000.0,FLORES,Riego,Cereales/Oleaginosas,-33.52177685341633,-57.23293773829937,Registrada,Renovación,Concesión,Cda. s/n,200.0,Represa Chica
Río Negro,57,Represa Chica,634000.0,FLORES,Riego,Cereales/Oleaginosas,-33.50029371571566,-57.2009275853634,Registrada,Renovación,Concesión,Cda. s/n,290.0,Represa Chica
Río Negro,57,Represa Grande,1347000.0,FLORES,Riego,Cereales/Oleaginosas,-33.30003096625357,-57.19444267451762,Registrada,Nueva,Concesión,Cda. s/n,1640.0,Represa Grande
Río Negro,57,Represa Mediana,551575.0,SORIANO,Riego,Forraje/Pradera/Semillas,-33.18185648099755,-57.22925171256065,Registrada,Renovación,Concesión,Ao. Del Sauce,574.0,Represa Mediana
Río Negro,57,Represa Chica,220454.0,SORIANO,Riego,Cereales/Oleaginosas,-33.82979556561805,-57.30621334165335,Registrada,Renovación,Concesión,Cda. s/n,187.0,Represa Chica
Río Negro,57,Represa Grande,868000.0,FLORES,Riego,Forraje/Pradera/Semillas,-33.23112138571089,-57.19294533133505,Registrada,Nueva,Concesión,Cda. s/n,1060.0,Represa Grande
Río Negro,57,Represa Grande,1034800.0,SORIANO,Riego,Forraje/Pradera/Semillas,-33.60898860945982,-57.51613476994153,Registrada,Renovación,Concesión,Cda. sin nombre\Ao. del Duraznito/Ao. del Perdido,1592.0,Represa Grande
Río Negro,57,Represa Grande,4661000.0,FLORES,Riego,Cereales/Oleaginosas,-33.39417194141537,-57.27585308253764,Registrada,Nueva,Concesión,Cda. s/n,2090.0,Represa Grande
Río Negro,57,Represa Chica,878300.0,SORIANO,Riego,Cereales/Oleaginosas,-33.49476062971802,-57.52446167171001,Registrada,Nueva,Concesión,Cda. s/n,469.0,Represa Chica
Río Negro,57,Tajamar Grande,109005.0,SORIANO,Otros usos agropecuarios,Abrevadero de ganado,-33.25301597220208,-57.40795120596886,Registrada,Nueva,Permiso de uso,Cda. s/n,194.0,Tajamar Grande
Río Negro,57,Represa Mediana,200600.0,FLORES,Riego,Cereales/Oleaginosas,-33.52369791568366,-57.11966034024952,Registrada,Nueva,Concesión,Cda. s/n,747.89,Represa Mediana
Río Negro,57,Represa Chica,392100.0,FLORES,Riego,Cereales/Oleaginosas,-33.51462105908505,-57.12333194911479,Registrada,Nueva,Concesión,Cda. s/n,232.64,Represa Chica
Río Negro,57,Tajamar Grande,65000.0,SORIANO,Otros usos agropecuarios,Abrevadero de ganado,-33.744608015508,-57.22735437626346,Registrada,Nueva,Permiso de uso,Ao. De Monzón,56.0,Tajamar Grande
Río Negro,57,Represa Mediana,3182000.0,SORIANO,Riego,Cereales/Oleaginosas,-33.84037586871627,-57.22955077886581,Registrada,Nueva,Concesión,Cda. s/n,940.0,Represa Mediana
Río Negro,58,Represa Chica,605000.0,SORIANO,Riego,Cereales/Oleaginosas,-33.46888547600462,-57.66293942928313,Registrada,Nueva,Concesión,Cda. s/n,205.0,Represa Chica
Río Negro,58,Tajamar Grande,35000.0,SORIANO,Riego,Cereales/Oleaginosas,-33.19444559191323,-57.88063603630605,Registrada,Nueva,Permiso de uso,Ao. Corto,30.0,Tajamar Grande
Río Negro,58,Represa Mediana,819000.0,RÍO NEGRO,Riego,Arroz,-33.16433457607381,-58.05676020747445,Registrada,Nueva,Concesión,Cda. s/n,530.0,Represa Mediana
Río Negro,58,Represa Chica,1655000.0,SORIANO,Riego,Otros,-33.43960195448893,-57.67731642967554,Registrada,Nueva,Concesión,Cda. s/n,490.0,Represa Chica
Río Negro,58,Represa Chica,570000.0,RÍO NEGRO,Otros usos,Turismo/Recreación,-32.95652896191069,-57.85914109354659,Registrada,Nueva,Concesión,Cda. Del Horno,167.0,Represa Chica
Río Negro,58,Represa Mediana,1461000.0,RÍO NEGRO,Riego,Forraje/Pradera/Semillas,-32.54927067704757,-57.45676632800849,Registrada,Nueva,Concesión,Ao. Del Sauce,822.0,Represa Mediana
Río Negro,58,Represa Chica,227700.0,RÍO NEGRO,Riego,Forraje/Pradera/Semillas,-32.53793,-57.44614,Registrada,Nueva,Concesión,Cda. s/n,110.0,Represa Chica
Río Negro,58,Represa Chica,809000.0,SORIANO,Riego,Cereales/Oleaginosas,-33.33875715720909,-57.56660757583743,Registrada,Renovación,Concesión,Cda. Moreno,215.0,Represa Chica
Río Negro,58,Represa Chica,824000.0,SORIANO,Riego,Cereales/Oleaginosas,-33.34793637962769,-57.54219638342984,Registrada,Renovación,Concesión,Cda. Larga,346.0,Represa Chica
Río Negro,58,Tajamar Grande,214000.0,SORIANO,Riego,Forraje/Pradera/Semillas,-33.15720260228769,-57.96190923599101,Registrada,Nueva,Permiso de uso,Cda. Toro Chico,140.0,Tajamar Grande
Río Negro,58,Represa Mediana,791000.0,SORIANO,Riego,Cereales/Oleaginosas,6324141.93970713,324625.6213617215,Registrada,Nueva,Concesión,Cañada,744.0,Represa Mediana
Río Negro,58,Represa Mediana,1030000.0,SORIANO,Riego,Cereales/Oleaginosas,-33.37835,-58.03103,Registrada,Nueva,Concesión,Ao. De Las Maulas,944.0,Represa Mediana
Río Negro,58,Represa Grande,3051000.0,RÍO NEGRO,Riego,Cereales/Oleaginosas,-32.9414,-57.66474,Registrada,Nueva,Concesión,Cda. s/n,915.0,Represa Grande
Río Negro,58,Represa Chica,1494000.0,RÍO NEGRO,Riego,Forraje/Pradera/Semillas,-32.9939,-57.647,Registrada,Nueva,Concesión,Cda. s/n,420.0,Represa Chica
Río Negro,58,Represa Grande,1680000.0,SORIANO,Riego,Cereales/Oleaginosas,-33.15671,-57.54044,Registrada,Nueva,Concesión,Cda. s/n,450.0,Represa Grande
Río Negro,58,Tajamar Grande,263750.0,SORIANO,Riego,Cereales/Oleaginosas,-33.36053,-58.03376,Registrada,Nueva,Permiso de uso,Cda. Del Curupí,164.0,Tajamar Grande
Río Negro,58,Represa Chica,1020000.0,SORIANO,Riego,Cereales/Oleaginosas,-33.1618008302904,-57.71348598713914,Registrada,Renovación,Concesión,Cda. Piedras,382.0,Represa Chica
Río Negro,58,Represa Grande,500000.0,SORIANO,Riego,Forraje/Pradera/Semillas,-33.0963,-57.63415,Registrada,Nueva,Concesión,Cda. s/n,1290.0,Represa Grande
Río Negro,58,Represa Mediana,813000.0,SORIANO,Riego,Cereales/Oleaginosas,-33.21399,-57.68091,Registrada,Nueva,Concesión,Cda. s/n,744.0,Represa Mediana
Río Negro,58,Represa Chica,818000.0,SORIANO,Riego,Cereales/Oleaginosas,-33.44288408720622,-57.6710144255049,Registrada,Renovación,Concesión,Cda. s/n,285.0,Represa Chica
Río Negro,58,Represa Chica,370000.0,RÍO NEGRO,Riego,Cereales/Oleaginosas,-33.038397413265,-57.98488426225957,Registrada,Nueva,Concesión,Ao. Maletas,471.0,Represa Chica
Río Negro,58,Represa Chica,568000.0,SORIANO,Riego,Cereales/Oleaginosas,-33.24688,-57.77949,Registrada,Nueva,Concesión,Cda. Del Sauce I,270.0,Represa Chica
Río Negro,58,Represa Chica,600000.0,RÍO NEGRO,Riego,Cereales/Oleaginosas,-33.01873431849258,-57.98181502138884,Registrada,Renovación,Concesión,Cda. s/n,211.0,Represa Chica
Río Negro,58,Represa Chica,1700000.0,SORIANO,Riego,Cereales/Oleaginosas,-33.18603,-57.65959,Registrada,Nueva,Concesión,Cda. De La Pedrera,320.0,Represa Chica
Río Negro,58,Represa Chica,1740000.0,SORIANO,Riego,Cereales/Oleaginosas,-33.15649,-57.68234,Registrada,Nueva,Concesión,Cda. s/n,481.7,Represa Chica
Río Negro,58,Represa Mediana,199938.0,RÍO NEGRO,Riego,Cereales/Oleaginosas,-32.75001,-57.46975,Registrada,Nueva,Concesión,Ao. Don Esteban Grande,693.0,Represa Mediana
Río Negro,58,Represa Chica,36500.0,RÍO NEGRO,Otros usos agropecuarios,Abrevadero de ganado,-32.96112,-57.31395,Registrada,Nueva,Permiso de uso,Cda. De Las Palmitas,240.0,Represa Chica
Río Negro,58,Represa Grande,2188635.0,RÍO NEGRO,Riego,Cereales/Oleaginosas,-33.01121,-57.69975,Registrada,Nueva,Concesión,Ao. Yapeyú,1127.0,Represa Grande
Río Negro,58,Represa Grande,990000.0,SORIANO,Riego,Forraje/Pradera/Semillas,-33.10267,-57.6135,Registrada,Renovación,Concesión,Cda. Denis,1640.0,Represa Grande
Río Negro,58,Represa Chica,600000.0,SORIANO,Riego,Cereales/Oleaginosas,-33.28323123259252,-57.45762030465878,Registrada,Renovación,Concesión,Ao. De Vera,400.0,Represa Chica
Río Negro,58,Tanque Excavado,8500.0,SORIANO,Riego,Cereales/Oleaginosas,-33.19213467896639,-57.7919384226028,Registrada,Nueva,Permiso de uso,Cda. De Las Piedras,1335.0,Tanque Excavado
Río Negro,58,Represa Mediana,4567500.0,SORIANO,Riego,Forraje/Pradera/Semillas,-33.05644421365188,-57.52593960488606,Registrada,Renovación,Concesión,Cda. De Giménez,560.0,Represa Mediana
Río Negro,58,Represa Mediana,1665200.0,SORIANO,Riego,Cereales/Oleaginosas,-33.2990664224936,-58.06994855403899,Registrada,Nueva,Concesión,Cda. Del Sauce,975.0,Represa Mediana
Río Negro,58,Represa Grande,3083200.0,SORIANO,Riego,Cereales/Oleaginosas,-33.13464,-57.51602,Registrada,Renovación,Concesión,Cda. s/n,1470.0,Represa Grande
Río Negro,58,Represa Grande,1954000.0,RÍO NEGRO,Riego,Cereales/Oleaginosas,-32.68355085720162,-57.40424573421478,Registrada,Renovación,Concesión,Cda. Del Tajamar,1213.0,Represa Grande
Río Negro,58,Represa Chica,560000.0,RÍO NEGRO,Riego,Cereales/Oleaginosas,-32.95598677080883,-57.78258740378077,Registrada,Nueva,Concesión,Cda. s/n,419.3,Represa Chica
Río Negro,58,Represa Grande,988000.0,RÍO NEGRO,Riego,Cereales/Oleaginosas,-33.03416539464145,-57.93974339962005,Registrada,Nueva,Concesión,Ao. Totoral,3165.0,Represa Grande
Río Negro,58,Represa Mediana,943445.0,SORIANO,Otros usos agropecuarios,Abrevadero de ganado,-33.2671739288036,-57.57975858031177,Registrada,Renovación,Concesión,Cda. de los Manantiales,977.0,Represa Mediana
Río Negro,58,Represa Chica,971000.0,SORIANO,Riego,Cereales/Oleaginosas,-33.2529492424253,-57.44343012571333,Registrada,Renovación,Concesión,Cda. s/n,340.0,Represa Chica
Río Negro,58,Represa Chica,1377000.0,SORIANO,Riego,Cereales/Oleaginosas,-33.28536325676296,-57.43909299373627,Registrada,Nueva,Concesión,Cda. s/n,400.0,Represa Chica
Río Negro,58,Represa Chica,373530.0,SORIANO,Riego,Cereales/Oleaginosas,-33.24458687022917,-57.87262648344039,Registrada,Nueva,Concesión,Cda. s/n,253.6,Represa Chica
Río Negro,58,Tajamar Grande,2900.0,RÍO NEGRO,Otros usos agropecuarios,Abrevadero de ganado,-32.52088453877271,-57.27146834135056,Registrada,Nueva,Permiso de uso,Cda. Del Tala,341.0,Tajamar Grande
Río Negro,58,Tajamar Grande,2900.0,RÍO NEGRO,Otros usos agropecuarios,Abrevadero de ganado,-32.55677320012737,-57.28543929755687,Registrada,Nueva,Permiso de uso,Cda. s/n,161.0,Tajamar Grande
Río Negro,58,Represa Mediana,1347000.0,SORIANO,Riego,Cereales/Oleaginosas,-33.4240430227205,-57.82172083854674,Registrada,Nueva,Concesión,Ao. Pelado,590.0,Represa Mediana
Río Negro,58,Tajamar Grande,11872.0,RÍO NEGRO,Industrial,Forestal,-32.50589577283931,-57.26453885436059,Registrada,Nueva,Permiso de uso,Ao. Sarandí Chico,197.0,Tajamar Grande
Río Negro,58,Represa Chica,640000.0,SORIANO,Otros usos agropecuarios,Feed-lot,-33.08135573816708,-57.55882680416106,Registrada,Nueva,Concesión,Ao. Corupí,416.0,Represa Chica
Río Negro,58,Represa Chica,1049434.0,SORIANO,Riego,Cereales/Oleaginosas,-33.16623604126545,-57.63860911130904,Registrada,Nueva,Concesión,Ao. Perico Flaco Chico,277.0,Represa Chica
Río Negro,58,Represa Chica,400000.0,RÍO NEGRO,Riego,Cereales/Oleaginosas,-33.14267972918932,-58.11595380306242,Registrada,Nueva,Concesión,Cda. s/n,177.0,Represa Chica
Río Negro,58,Represa Grande,1783850.0,SORIANO,Riego,Cereales/Oleaginosas,-33.24696858953136,-57.60225713253022,Registrada,Nueva,Concesión,Cda. De Benavides,,Represa Grande
Río Negro,58,Represa Chica,624275.0,RÍO NEGRO,Riego,Forraje/Pradera/Semillas,-33.01664241484493,-57.72902905941009,Registrada,Renovación,Concesión,Cda. s/n,272.0,Represa Chica
Río Negro,58,Represa Mediana,1950990.0,RÍO NEGRO,Riego,Cereales/Oleaginosas,-33.15231443653993,-58.07471483945845,Registrada,Renovación,Concesión,Cda. s/n,770.0,Represa Mediana
Río Negro,58,Represa Grande,3649553.0,RÍO NEGRO,Riego,Cereales/Oleaginosas,-32.79362688947327,-57.50141698267453,Registrada,Renovación,Concesión,Cda. De Las Llovedoras,4900.0,Represa Grande
Río Negro,58,Represa Grande,2744788.0,RÍO NEGRO,Riego,Cereales/Oleaginosas,-32.81987325187361,-57.49290883541106,Registrada,Renovación,Concesión,Cda. Del Sauce,2412.0,Represa Grande
Río Negro,58,Represa Grande,800000.0,SORIANO,Riego,Cereales/Oleaginosas,-33.31725532733389,-57.52750128507613,Registrada,Renovación,Concesión,Cda. s/n,1130.0,Represa Grande
Río Negro,58,Tajamar Grande,417520.0,SORIANO,Riego,Forraje/Pradera/Semillas,-33.44289628686457,-57.74023264646529,Registrada,Renovación,Permiso de uso,Cda. s/n,73.0,Tajamar Grande
Río Negro,58,Represa Grande,2083000.0,RÍO NEGRO,Riego,Forraje/Pradera/Semillas,-32.88936159593606,-57.70879447460175,Registrada,Nueva,Concesión,Cda. Del Bañadero,947.0,Represa Grande
Río Negro,58,Tajamar Grande,104000.0,RÍO NEGRO,Otros usos agropecuarios,Abrevadero de ganado,-32.73749825403215,-57.76322655379771,Registrada,Renovación,Permiso de uso,Cda. s/n,100.0,Tajamar Grande
Río Negro,58,Represa Mediana,1723800.0,SORIANO,Riego,Cereales/Oleaginosas,-33.36966455907954,-57.99467504024506,Registrada,Nueva,Permiso de uso,Cda. Del Horno,610.0,Represa Mediana
Río Negro,58,Represa Grande,833464.0,SORIANO,Riego,Cereales/Oleaginosas,-33.23903637318111,-57.71958768367767,Registrada,Nueva,Concesión,Cda. Arachichú,1262.0,Represa Grande
Río Negro,58,Represa Grande,1084500.0,SORIANO,Riego,Cereales/Oleaginosas,-33.19588113174795,-57.52028882503507,Registrada,Renovación,Concesión,Cda. De Pache Calero,2030.0,Represa Grande
Río Negro,58,Tajamar Grande,1374800.0,RÍO NEGRO,Riego,Cereales/Oleaginosas,-33.26061105789069,-58.23783606290816,Registrada,Nueva,Permiso de uso,Cda. s/n,126.0,Tajamar Grande
Río Negro,58,Tajamar Chico,1127.833333333333,RÍO NEGRO,Otros usos agropecuarios,Abrevadero de ganado,-32.57586537650602,-57.34400734305382,Registrada,NuevaNuevaNuevaNuevaNuevaNuevaNuevaNuevaNuevaNuevaNuevaNueva,Permiso de usoPermiso de usoPermiso de usoPermiso de usoPermiso de usoPermiso de usoPermiso de usoPermiso de usoPermiso de usoPermiso de usoPermiso de usoPermiso de uso,Cda. s/n,510.0,Tajamar Chico
Río Negro,58,Tajamar Chico,1127.833333333333,RÍO NEGRO,Otros usos agropecuarios,Abrevadero de ganado,-32.57586537650602,-57.34400734305382,Registrada,NuevaNuevaNuevaNuevaNuevaNuevaNuevaNuevaNuevaNuevaNuevaNueva,Permiso de usoPermiso de usoPermiso de usoPermiso de usoPermiso de usoPermiso de usoPermiso de usoPermiso de usoPermiso de usoPermiso de usoPermiso de usoPermiso de uso,Cda. s/n,510.0,Tajamar Chico
Río Negro,58,Tajamar Chico,1127.833333333333,RÍO NEGRO,Otros usos agropecuarios,Abrevadero de ganado,-32.57586537650602,-57.34400734305382,Registrada,NuevaNuevaNuevaNuevaNuevaNuevaNuevaNuevaNuevaNuevaNuevaNueva,Permiso de usoPermiso de usoPermiso de usoPermiso de usoPermiso de usoPermiso de usoPermiso de usoPermiso de usoPermiso de usoPermiso de usoPermiso de usoPermiso de uso,Cda. s/n,510.0,Tajamar Chico
Río Negro,58,Tajamar Chico,1127.833333333333,RÍO NEGRO,Otros usos agropecuarios,Abrevadero de ganado,-32.57586537650602,-57.34400734305382,Registrada,NuevaNuevaNuevaNuevaNuevaNuevaNuevaNuevaNuevaNuevaNuevaNueva,Permiso de usoPermiso de usoPermiso de usoPermiso de usoPermiso de usoPermiso de usoPermiso de usoPermiso de usoPermiso de usoPermiso de usoPermiso de usoPermiso de uso,Cda. s/n,510.0,Tajamar Chico
Río Negro,58,Tajamar Chico,1127.833333333333,RÍO NEGRO,Otros usos agropecuarios,Abrevadero de ganado,-32.57586537650602,-57.34400734305382,Registrada,NuevaNuevaNuevaNuevaNuevaNuevaNuevaNuevaNuevaNuevaNuevaNueva,Permiso de usoPermiso de usoPermiso de usoPermiso de usoPermiso de usoPermiso de usoPermiso de usoPermiso de usoPermiso de usoPermiso de usoPermiso de usoPermiso de uso,Cda. s/n,510.0,Tajamar Chico
Río Negro,58,Tajamar Chico,1127.833333333333,RÍO NEGRO,Otros usos agropecuarios,Abrevadero de ganado,-32.57586537650602,-57.34400734305382,Registrada,NuevaNuevaNuevaNuevaNuevaNuevaNuevaNuevaNuevaNuevaNuevaNueva,Permiso de usoPermiso de usoPermiso de usoPermiso de usoPermiso de usoPermiso de usoPermiso de usoPermiso de usoPermiso de usoPermiso de usoPermiso de usoPermiso de uso,Cda. s/n,510.0,Tajamar Chico
Río Negro,58,Tajamar Chico,1127.833333333333,RÍO NEGRO,Otros usos agropecuarios,Abrevadero de ganado,-32.57586537650602,-57.34400734305382,Registrada,NuevaNuevaNuevaNuevaNuevaNuevaNuevaNuevaNuevaNuevaNuevaNueva,Permiso de usoPermiso de usoPermiso de usoPermiso de usoPermiso de usoPermiso de usoPermiso de usoPermiso de usoPermiso de usoPermiso de usoPermiso de usoPermiso de uso,Cda. s/n,510.0,Tajamar Chico
Río Negro,58,Tajamar Chico,1127.833333333333,RÍO NEGRO,Otros usos agropecuarios,Abrevadero de ganado,-32.57586537650602,-57.34400734305382,Registrada,NuevaNuevaNuevaNuevaNuevaNuevaNuevaNuevaNuevaNuevaNuevaNueva,Permiso de usoPermiso de usoPermiso de usoPermiso de usoPermiso de usoPermiso de usoPermiso de usoPermiso de usoPermiso de usoPermiso de usoPermiso de usoPermiso de uso,Cda. s/n,510.0,Tajamar Chico
Río Negro,58,Tajamar Chico,1127.833333333333,RÍO NEGRO,Otros usos agropecuarios,Abrevadero de ganado,-32.57586537650602,-57.34400734305382,Registrada,NuevaNuevaNuevaNuevaNuevaNuevaNuevaNuevaNuevaNuevaNuevaNueva,Permiso de usoPermiso de usoPermiso de usoPermiso de usoPermiso de usoPermiso de usoPermiso de usoPermiso de usoPermiso de usoPermiso de usoPermiso de usoPermiso de uso,Cda. s/n,510.0,Tajamar Chico
Río Negro,58,Tajamar Chico,1127.833333333333,RÍO NEGRO,Otros usos agropecuarios,Abrevadero de ganado,-32.57586537650602,-57.34400734305382,Registrada,NuevaNuevaNuevaNuevaNuevaNuevaNuevaNuevaNuevaNuevaNuevaNueva,Permiso de usoPermiso de usoPermiso de usoPermiso de usoPermiso de usoPermiso de usoPermiso de usoPermiso de usoPermiso de usoPermiso de usoPermiso de usoPermiso de uso,Cda. s/n,510.0,Tajamar Chico
Río Negro,58,Tajamar Chico,1127.833333333333,RÍO NEGRO,Otros usos agropecuarios,Abrevadero de ganado,-32.57586537650602,-57.34400734305382,Registrada,NuevaNuevaNuevaNuevaNuevaNuevaNuevaNuevaNuevaNuevaNuevaNueva,Permiso de usoPermiso de usoPermiso de usoPermiso de usoPermiso de usoPermiso de usoPermiso de usoPermiso de usoPermiso de usoPermiso de usoPermiso de usoPermiso de uso,Cda. s/n,510.0,Tajamar Chico
Río Negro,58,Tajamar Mediano,1127.833333333333,RÍO NEGRO,Otros usos agropecuarios,Abrevadero de ganado,-32.57586537650602,-57.34400734305382,Registrada,NuevaNuevaNuevaNuevaNuevaNuevaNuevaNuevaNuevaNuevaNuevaNueva,Permiso de usoPermiso de usoPermiso de usoPermiso de usoPermiso de usoPermiso de usoPermiso de usoPermiso de usoPermiso de usoPermiso de usoPermiso de usoPermiso de uso,Cda. s/n,510.0,Tajamar Mediano
Santa Lucía,61,Tajamar Grande,119400.0,FLORIDA,Otros usos,Turismo/Recreación,-34.18935258911026,-56.21312841261349,Registrada,Nueva,Permiso de uso,Cda. s/n,92.0,Tajamar Grande
Santa Lucía,61,Represa Grande,2100000.0,FLORIDA,Riego,Forraje/Pradera/Semillas,-33.94719098426445,-55.91612331569196,Registrada,Nueva,Concesión,Cañada Mala,1721.0,Represa Grande
Santa Lucía,60,Tajamar Grande,108000.0,FLORIDA,Riego,Cereales/Oleaginosas,-34.19825682045683,-55.65550672815544,Registrada,Nueva,Permiso de uso,Cda. sin nombre,39.0,Tajamar Grande
Santa Lucía,60,Represa Chica,150000.0,LAVALLEJA,Riego,Forraje/Pradera/Semillas,-34.13088235914179,-55.42655361106652,Registrada,Nueva,Concesión,Cda. s/n,101.0,Represa Chica
Santa Lucía,60,Tajamar Mediano,13500.0,CANELONES,Riego,Hortalizas,-34.29052173187164,-55.6973825094278,Registrada,Renovación,Permiso de uso,Cda. s/n,8.0,Tajamar Mediano
Santa Lucía,63,Tanque Excavado,2200.0,CANELONES,Otros usos,Otros,-34.51787,-56.15217,Registrada,Renovación,Permiso de uso,,33.0,Tanque Excavado
Santa Lucía,60,Tanque Excavado,5560.0,CANELONES,Otros usos agropecuarios,Abrevadero de ganado,-34.37275,-56.0721,Registrada,Renovación,Permiso de uso,Cda. Pajas Blancas,100.0,Tanque Excavado
Santa Lucía,60,Tanque Excavado,6530.0,CANELONES,Otros usos agropecuarios,Abrevadero de ganado,-34.37065,-56.05289,Registrada,Renovación,Permiso de uso,,0.0,Tanque Excavado
Santa Lucía,60,Tanque Excavado,6466.0,CANELONES,Riego,Hortalizas,-34.41823842572546,-56.0435548411624,Registrada,Renovación,Permiso de uso,Cda. s/n,25.0,Tanque Excavado
Santa Lucía,63,Tanque Excavado,2196.0,CANELONES,Otros usos agropecuarios,Abrevadero de ganado,-34.47471,-56.0677,Registrada,Renovación,Permiso de uso,Cda. s/n,4.0,Tanque Excavado
Santa Lucía,63,Tanque Excavado,5600.0,CANELONES,Riego,Hortalizas,-34.43362,-56.0442,Registrada,Renovación,Permiso de uso,Cda. s/n,10.0,Tanque Excavado
Santa Lucía,67,Tanque Excavado,300000.0,LAVALLEJA,Riego,Frutales,-34.53542029948479,-55.4421854386418,Registrada,Renovación,Permiso de uso,Cda. Del Juncal,600.0,Tanque Excavado
Santa Lucía,63,Tanque Excavado,4559.04,CANELONES,Consumo humano,Uso doméstico,-34.43695,-56.06984,Registrada,Nueva,Permiso de uso,Cda. s/n,0.0,Tanque Excavado
Santa Lucía,66,Tanque Excavado,79000.0,CANELONES,Riego,Frutales,-34.61962,-56.32395,Registrada,Nueva,Permiso de uso,Cda. s/n,0.0,Tanque Excavado
Santa Lucía,63,Tanque Excavado,38121.0,CANELONES,Riego,Hortalizas,-34.68558,-56.14962,Registrada,Renovación,Permiso de uso,Cda. s/n,30.0,Tanque Excavado
Santa Lucía,63,Tanque Excavado,7833.0,CANELONES,Riego,Hortalizas,-34.68512,-56.14833,Registrada,Renovación,Permiso de uso,Cda. s/n,30.0,Tanque Excavado
Santa Lucía,63,Tanque Excavado,6266.0,CANELONES,Riego,Hortalizas,-34.68415,-56.14582,Registrada,Renovación,Permiso de uso,Cda. s/n,30.0,Tanque Excavado
Santa Lucía,63,Tanque Excavado,1850.0,CANELONES,Otros usos agropecuarios,Abrevadero de ganado,-34.62392082665936,-56.12753565888851,Registrada,Renovación,Permiso de uso,Cda. Del Chaná,10.0,Tanque Excavado
Santa Lucía,65,Represa Grande,295000.0,FLORES,Riego,Forraje/Pradera/Semillas,-33.78289002222616,-56.78257412994456,Registrada,Nueva,Concesión,Cda. Mamboreta,1190.0,Represa Grande
Santa Lucía,66,Tanque Excavado,2000.0,CANELONES,Riego,Hortalizas,-34.6394,-56.33077,Registrada,Renovación,Permiso de uso,Cda. s/n,40.0,Tanque Excavado
Santa Lucía,67,Tajamar Chico,10000.0,CANELONES,Riego,Frutales,-34.70006,-56.24587,Registrada,Renovación,Permiso de uso,Cda. Pírez,4.0,Tajamar Chico
Santa Lucía,63,Tanque Excavado,2937.0,CANELONES,Riego,Hortalizas,-34.69814,-56.11938,Registrada,Renovación,Permiso de uso,Cda. s/n,17.0,Tanque Excavado
Santa Lucía,63,Tanque Excavado,5169.0,CANELONES,Riego,Hortalizas,-34.5145,-56.14416,Registrada,Renovación,Permiso de uso,,12.0,Tanque Excavado
Santa Lucía,63,Tanque Excavado,920.0,CANELONES,Otros usos agropecuarios,Abrevadero de ganado,-34.51464,-56.14414,Registrada,Renovación,Permiso de uso,Cda. s/n,12.0,Tanque Excavado
Santa Lucía,67,Tanque Excavado,5520.0,CANELONES,Riego,Frutales,-34.64443799623341,-56.26109059900045,Registrada,Renovación,Permiso de uso,Cda. s/n,10.0,Tanque Excavado
Santa Lucía,67,Tanque Excavado,7520.0,CANELONES,Riego,Frutales,-34.64415747641461,-56.2614094465971,Registrada,Nueva,Permiso de uso,Cda. s/n,10.0,Tanque Excavado
Santa Lucía,63,Tanque Excavado,2000.0,CANELONES,Otros usos agropecuarios,Abrevadero de ganado,-34.51908,-56.1809,Registrada,Renovación,Permiso de uso,Cda. Totoral,2.0,Tanque Excavado
Santa Lucía,63,Tanque Excavado,3717.0,CANELONES,Riego,Hortalizas,-34.50705884283229,-56.18903397582471,Registrada,Renovación,Permiso de uso,Cda. s/n,4.0,Tanque Excavado
Santa Lucía,66,Tajamar Grande,16800.0,CANELONES,Otros usos agropecuarios,Abrevadero de ganado,-34.65841,-56.32408,Registrada,Renovación,Permiso de uso,Cda. s/n,10.0,Tajamar Grande
Santa Lucía,60,Tajamar Mediano,35000.0,CANELONES,Riego,Hortalizas,-34.419,-55.85561,Registrada,Renovación,Permiso de uso,Cda. s/n,25.0,Tajamar Mediano
Santa Lucía,60,Tanque Excavado,3670.0,CANELONES,Otros usos agropecuarios,Abrevadero de ganado,-34.4221,-55.98335,Registrada,Renovación,Permiso de uso,Cda. s/n,2.0,Tanque Excavado
Santa Lucía,63,Tanque Excavado,4000.0,CANELONES,Riego,Frutales,-34.59875,-56.27923,Registrada,Renovación,Permiso de uso,Cda. s/n,13.0,Tanque Excavado
Santa Lucía,60,Tanque Excavado,9800.0,CANELONES,Otros usos agropecuarios,Abrevadero de ganado,-34.396,-56.03684,Registrada,Renovación,Permiso de uso,Cda. s/n,3.7,Tanque Excavado
Santa Lucía,66,Reservorio,74391.0,CANELONES,Riego,Frutales,-34.6269012007846,-56.33200166746973,Registrada,NuevaNueva,Permiso de usoPermiso de uso,Cda. s/n,7.0,Reservorio/Otros
Santa Lucía,63,Tanque Excavado,1090.0,CANELONES,Otros usos agropecuarios,Abrevadero de ganado,-34.43525,-56.19587,Registrada,Nueva,Permiso de uso,Cda. s/n,2.0,Tanque Excavado
Santa Lucía,63,Tanque Excavado,2130.0,CANELONES,Otros usos agropecuarios,Abrevadero de ganado,-34.43706,-56.19595,Registrada,Nueva,Permiso de uso,Cda. s/n,2.0,Tanque Excavado
Santa Lucía,63,Tanque Excavado,9500.0,CANELONES,Riego,Frutales,-34.664587612024,-56.17793396049819,Registrada,NuevaNueva,Permiso de usoPermiso de uso,Ao. Del Gigante,1200.0,Tanque Excavado
Santa Lucía,68,Reservorio,8147.0,SAN JOSÉ,Industrial,Química,-34.77643838023175,-56.3755419001104,Registrada,Renovación,Permiso de uso,Cda. s/n,8.5,Reservorio/Otros
Santa Lucía,68,Tanque Excavado,13900.0,SAN JOSÉ,Industrial,Química,-34.77715034287101,-56.37240707612363,Registrada,Nueva,Permiso de uso,Río Santa Lucía,0.0,Tanque Excavado
Santa Lucía,60,Tanque Excavado,2490.0,CANELONES,Riego,Hortalizas,-34.30259610141108,-55.61567859852094,Registrada,Nueva,Permiso de uso,Cda. s/n,5.0,Tanque Excavado
Santa Lucía,63,Tanque Excavado,3500.0,CANELONES,Riego,Hortalizas,-34.5088117139785,-56.02455570912317,Registrada,Nueva,Permiso de uso,Cda. Del Cementerio,0.0,Tanque Excavado
Santa Lucía,63,Tanque Excavado,8000.0,CANELONES,Riego,Hortalizas,-34.5080507785558,-56.02656822550357,Registrada,Renovación,Permiso de uso,Cda. Del Cementerio,0.0,Tanque Excavado
Santa Lucía,60,Tanque Excavado,0.0,CANELONES,Otros usos agropecuarios,Abrevadero de ganado,-34.35856499945066,-55.69296508896514,Registrada,Nueva,Permiso de uso,Cda. s/n,0.0,Tanque Excavado
Santa Lucía,60,Tanque Excavado,3000.0,CANELONES,Riego,Hortalizas,-34.33173014668386,-55.71097005684019,Registrada,Nueva,Permiso de uso,Cda. s/n,5.0,Tanque Excavado
Santa Lucía,60,Tanque Excavado,4000.0,CANELONES,Riego,Hortalizas,-34.308712523959,-55.68586656618668,Registrada,Nueva,Permiso de uso,Cda. s/n,5.0,Tanque Excavado
Santa Lucía,60,Tanque Excavado,2500.0,CANELONES,Riego,Hortalizas,-34.33063137737684,-55.69005311236192,Registrada,Nueva,Permiso de uso,Cda. s/n,12.0,Tanque Excavado
Santa Lucía,60,Tajamar Grande,18000.0,CANELONES,Riego,Hortalizas,-34.32929,-55.717,Registrada,Renovación,Permiso de uso,Cda. s/n,7.0,Tajamar Grande
Santa Lucía,60,Tanque Excavado,6900.0,CANELONES,Riego,Hortalizas,-34.32945,-55.71726,Registrada,Renovación,Permiso de uso,Cda. s/n,7.0,Tanque Excavado
Santa Lucía,68,Tanque Excavado,30660.0,MONTEVIDEO,Industrial,Química,-34.77312847794087,-56.04205727533554,Registrada,Nueva,Permiso de uso,Río Santa Lucía,13500000.0,Tanque Excavado
Santa Lucía,67,Tanque Excavado,8093.0,CANELONES,Riego,Hortalizas,-34.72689,-56.27323,Registrada,Nueva,Permiso de uso,Cda. s/n,15.0,Tanque Excavado
Santa Lucía,60,Tanque Excavado,4000.0,CANELONES,Riego,Hortalizas,-34.35678036192878,-55.69708442714312,Registrada,Renovación,Permiso de uso,Cda. s/n,9.0,Tanque Excavado
Santa Lucía,67,Tanque Excavado,1600.0,CANELONES,Riego,Hortalizas,-34.72864,-56.16793,Registrada,Nueva,Permiso de uso,Cda. s/n,8.0,Tanque Excavado
Santa Lucía,60,Tajamar Grande,180000.0,LAVALLEJA,Usos no consuntivos,Regulación,-34.40522867644292,-55.28242732772247,Registrada,Renovación,Permiso de uso,Ao. La Plata,4600.0,Tajamar Grande
Santa Lucía,60,Tanque Excavado,3000.0,CANELONES,Riego,Hortalizas,-34.42221,-56.01138,Registrada,Nueva,Permiso de uso,Cda. s/n,5.0,Tanque Excavado
Santa Lucía,67,Tanque Excavado,7000.0,CANELONES,Riego,Frutales,-34.66183,-56.27887,Registrada,Nueva,Permiso de uso,Cda. s/n,17.0,Tanque Excavado
Santa Lucía,60,Tajamar Mediano,16000.0,CANELONES,Riego,Hortalizas,-34.36309,-55.667,Registrada,Renovación,Permiso de uso,Cda. s/n,10.0,Tajamar Mediano
Santa Lucía,60,Tanque Excavado,2100.0,CANELONES,Riego,Hortalizas,-34.397546439278,-55.97971338794697,Registrada,Renovación,Permiso de uso,Cda. s/n,12.0,Tanque Excavado
Santa Lucía,63,Tanque Excavado,7597.0,CANELONES,Riego,Hortalizas,-34.44036406787585,-55.97488692836762,Registrada,Nueva,Permiso de uso,Ao. Canelón Grande,10.0,Tanque Excavado
Santa Lucía,60,Represa Chica,698000.0,CANELONES,Riego,Cereales/Oleaginosas,-34.35363182713344,-55.89469613698465,Registrada,Nueva,Concesión,Cda. s/n,410.0,Represa Chica
Santa Lucía,63,Tanque Excavado,2288.0,CANELONES,Riego,Hortalizas,-34.45319,-56.15329,Registrada,Nueva,Permiso de uso,Cda. s/n,8.0,Tanque Excavado
Santa Lucía,63,Tanque Excavado,3952.0,CANELONES,Riego,Hortalizas,-34.46556215377953,-56.21628025214474,Registrada,Nueva,Permiso de uso,Cda. Lagunitas,0.0,Tanque Excavado
Santa Lucía,63,Tanque Excavado,4250.0,CANELONES,Riego,Hortalizas,-34.56792,-56.28771,Registrada,Nueva,Permiso de uso,Cda. s/n,36.0,Tanque Excavado
Santa Lucía,63,Tanque Excavado,4250.0,CANELONES,Riego,Hortalizas,-34.56928,-56.28989,Registrada,Nueva,Permiso de uso,Cda Echevarría,35.0,Tanque Excavado
Santa Lucía,66,Tanque Excavado,7950.0,CANELONES,Riego,Frutales,-34.6460189483678,-56.29439189964614,Registrada,Nueva,Permiso de uso,Cda. s/n,50.0,Tanque Excavado
Santa Lucía,67,Tanque Excavado,14837.0,CANELONES,Riego,Frutales,-34.61962,-56.32395,Registrada,Nueva,Permiso de uso,Ao. Colorado Chico,30.0,Tanque Excavado
Santa Lucía,60,Tanque Excavado,2100.0,CANELONES,Riego,Hortalizas,-34.397546439278,-55.97971338794697,Registrada,Nueva,Permiso de uso,Cda. s/n,2.0,Tanque Excavado
Santa Lucía,60,Tanque Excavado,2800.0,CANELONES,Riego,Hortalizas,-34.37306,-55.58797,Registrada,Nueva,Permiso de uso,Cda. s/n,4.0,Tanque Excavado
Santa Lucía,67,Tanque Excavado,15000.0,CANELONES,Riego,Hortalizas,-34.64898,-56.25586,Registrada,Nueva,Permiso de uso,Cda. s/n,9.0,Tanque Excavado
Santa Lucía,66,Tanque Excavado,11664.0,CANELONES,Riego,Frutales,-34.64378,-56.31366,Registrada,Nueva,Permiso de uso,Cda. s/n,16.0,Tanque Excavado
Santa Lucía,63,Reservorio,28000.0,CANELONES,Riego,Frutales,-34.60877347302633,-56.2663277464294,Registrada,Nueva,Permiso de uso,Ao. Canelón Chico,,Reservorio/Otros
Santa Lucía,60,Tanque Excavado,560.0,CANELONES,Riego,Hortalizas,-34.4236405374443,-56.00815116427837,Registrada,Nueva,Permiso de uso,Cda. s/n,1.0,Tanque Excavado
Santa Lucía,63,Tanque Excavado,11000.0,CANELONES,Riego,Hortalizas,-34.42866,-56.09949,Registrada,Nueva,Permiso de uso,Ao. Canelón Grande,4.5,Tanque Excavado
Santa Lucía,64,Reservorio,161000.0,CANELONES,Riego,Cereales/Oleaginosas,-34.54629571727159,-56.4094355695761,Registrada,Nueva,Concesión,Cda. s/n,77.0,Reservorio/Otros
Santa Lucía,60,Tanque Excavado,100.0,CANELONES,Riego,Hortalizas,-34.41135700270354,-56.00890628993509,Registrada,Nueva,Permiso de uso,Cda. s/n,3.0,Tanque Excavado
Santa Lucía,60,Tajamar Chico,560.0,LAVALLEJA,Otros usos agropecuarios,Abrevadero de ganado,-34.24500757880048,-55.30793243905911,Registrada,Nueva,Permiso de uso,Cda. s/n,11.0,Tajamar Chico
Santa Lucía,66,Tanque Excavado,24000.0,CANELONES,Riego,Frutales,-34.64683,-56.30339,Registrada,Nueva,Permiso de uso,Cda. s/n,30.0,Tanque Excavado
Santa Lucía,66,Tanque Excavado,3200.0,CANELONES,Riego,Frutales,-34.64705,-56.30332,Registrada,Nueva,Permiso de uso,Cda. s/n,30.0,Tanque Excavado
Santa Lucía,66,Tanque Excavado,5700.0,CANELONES,Riego,Frutales,-34.61489573355792,-56.30226662791605,Registrada,Nueva,Permiso de uso,Cda. s/n,22.0,Tanque Excavado
Santa Lucía,66,Tanque Excavado,14000.0,CANELONES,Riego,Frutales,-34.61666,-56.31104,Registrada,Nueva,Permiso de uso,Cda. s/n,30.0,Tanque Excavado
Santa Lucía,60,Tanque Excavado,4476.0,CANELONES,Riego,Hortalizas,-34.40709,-56.08137,Registrada,Nueva,Permiso de uso,Cda. s/n,5.0,Tanque Excavado
Santa Lucía,60,Tanque Excavado,8400.0,CANELONES,Riego,Hortalizas,-34.41841500699832,-56.09210458573687,Registrada,Nueva,Permiso de uso,Ao. Del Tala,12.0,Tanque Excavado
Santa Lucía,63,Tanque Excavado,4467.0,CANELONES,Riego,Hortalizas,-34.70665010526931,-56.11776108318168,Registrada,Nueva,Permiso de uso,Cda. s/n,2.0,Tanque Excavado
Santa Lucía,60,Tanque Excavado,4643.0,CANELONES,Riego,Hortalizas,-34.40537,-56.08169,Registrada,Nueva,Permiso de uso,,5.0,Tanque Excavado
Santa Lucía,63,Tanque Excavado,3900.0,CANELONES,Riego,Hortalizas,-34.43678100249382,-56.10565658658741,Registrada,Nueva,Permiso de uso,Cda. s/n,250.0,Tanque Excavado
Santa Lucía,63,Tanque Excavado,7400.0,CANELONES,Riego,Hortalizas,-34.529599546701,-56.15307480140472,Registrada,Nueva,Permiso de uso,Cda. s/n,26.0,Tanque Excavado
Santa Lucía,63,Tanque Excavado,4288.0,CANELONES,Riego,Hortalizas,-34.46988595681137,-56.02832313627005,Registrada,Nueva,Permiso de uso,Cda. s/n,13.0,Tanque Excavado
Santa Lucía,63,Tanque Excavado,3500.0,CANELONES,Riego,Hortalizas,-34.64893,-56.10046,Registrada,Nueva,Permiso de uso,Cda. s/n,1.0,Tanque Excavado
Santa Lucía,66,Tanque Excavado,2800.0,CANELONES,Riego,Hortalizas,-34.62408,-56.38704,Registrada,Renovación,Permiso de uso,Cda. s/n,8.0,Tanque Excavado
Santa Lucía,63,Tanque Excavado,2700.0,CANELONES,Riego,Hortalizas,-34.43567888221648,-55.96923172386595,Registrada,Nueva,Permiso de uso,Ao. Canelón Grande,51.0,Tanque Excavado
Santa Lucía,60,Tanque Excavado,840.0,CANELONES,Riego,Hortalizas,-34.42168390273771,-56.00830312818289,Registrada,Nueva,Permiso de uso,Cda. s/n,1.0,Tanque Excavado
Santa Lucía,63,Tanque Excavado,20867.0,CANELONES,Riego,Hortalizas,-34.65621869590365,-56.11740030337388,Registrada,Nueva,Permiso de uso,Cda. s/n,33.0,Tanque Excavado
Santa Lucía,63,Tanque Excavado,31170.0,CANELONES,Riego,Hortalizas,-34.53051514940892,-56.15205506491884,Registrada,Nueva,Permiso de uso,Cda. Del Chaná,37.0,Tanque Excavado
Santa Lucía,63,Tanque Excavado,31170.0,CANELONES,Riego,Hortalizas,-34.53051514940892,-56.15205506491884,Registrada,Nueva,Permiso de uso,Cda. s/n,5.0,Tanque Excavado
Santa Lucía,60,Tanque Excavado,960.0,CANELONES,Riego,Hortalizas,-34.42197789522844,-56.0089062899351,Registrada,Nueva,Permiso de uso,Cda. s/n,1.0,Tanque Excavado
Santa Lucía,60,Tanque Excavado,600.0,CANELONES,Riego,Hortalizas,-34.41129310731542,-56.01034160703421,Registrada,Nueva,Permiso de uso,Cda. s/n,3.0,Tanque Excavado
Santa Lucía,60,Tanque Excavado,1500.0,CANELONES,Riego,Hortalizas,-34.41054267860607,-56.01049415767192,Registrada,Nueva,Permiso de uso,Cda. s/n,3.0,Tanque Excavado
Santa Lucía,63,Tanque Excavado,3265.0,CANELONES,Riego,Hortalizas,-34.66042136883893,-56.14884987473488,Registrada,Nueva,Permiso de uso,Cda. s/n,15.0,Tanque Excavado
Santa Lucía,63,Tanque Excavado,11000.0,CANELONES,Riego,Hortalizas,-34.44524676275703,-56.08741432384704,Registrada,Nueva,Permiso de uso,Cda. s/n,0.0,Tanque Excavado
Santa Lucía,63,Tajamar Chico,6000.0,CANELONES,Riego,Hortalizas,-34.44105823030968,-56.01774282753468,Registrada,Nueva,Permiso de uso,Cda. s/n,13.0,Tajamar Chico
Santa Lucía,60,Tanque Excavado,2662.0,CANELONES,Riego,Hortalizas,-34.42581373411844,-56.00590896676295,Registrada,Nueva,Permiso de uso,Cda. s/n,8.0,Tanque Excavado
Santa Lucía,66,Tanque Excavado,13550.0,CANELONES,Riego,Frutales,-34.62408,-56.38704,Registrada,Nueva,Permiso de uso,Cda. s/n,50.0,Tanque Excavado
Santa Lucía,66,Tanque Excavado,11664.0,CANELONES,Riego,Frutales,-34.64486,-56.3145,Registrada,Nueva,Permiso de uso,Cda. s/n,16.0,Tanque Excavado
Santa Lucía,60,Tanque Excavado,2000.0,MONTEVIDEO,Riego,Hortalizas,-34.71223683956448,-56.30084580839659,Registrada,Nueva,Permiso de uso,Cda. s/n,3.0,Tanque Excavado
Santa Lucía,63,Tanque Excavado,600.0,CANELONES,Riego,Cereales/Oleaginosas,-34.5796,-56.27514,Registrada,Nueva,Permiso de uso,Cda. s/n,7.0,Tanque Excavado
Santa Lucía,67,Tanque Excavado,14500.0,CANELONES,Riego,Frutales,-34.72544858821976,-56.26521328613261,Registrada,Renovación,Permiso de uso,Ao. Colorado,40.0,Tanque Excavado
Santa Lucía,60,Tanque Excavado,3500.0,CANELONES,Riego,Hortalizas,-34.41171060894438,-56.03202943047092,Registrada,Nueva,Permiso de uso,Cda. s/n,5.0,Tanque Excavado
Santa Lucía,63,Reservorio,4600.0,CANELONES,Riego,Frutales,-34.5690229275009,-56.23381286903167,Registrada,Renovación,Permiso de uso,Cda. de la Lana,10.0,Reservorio/Otros
Santa Lucía,60,Tanque Excavado,3500.0,CANELONES,Riego,Hortalizas,-34.41078284560982,-56.03163530103333,Registrada,Nueva,Permiso de uso,Cda. s/n,5.0,Tanque Excavado
Santa Lucía,66,Tanque Excavado,40500.0,CANELONES,Riego,Hortalizas,-34.62907317881198,-56.28370177834709,Registrada,Nueva,Permiso de uso,Cda. s/n,32.0,Tanque Excavado
Santa Lucía,67,Tanque Excavado,6721.0,CANELONES,Riego,Frutales,-34.66803290203778,-56.26165173363134,Registrada,Nueva,Permiso de uso,Cda. s/n,10.0,Tanque Excavado
Santa Lucía,63,Tanque Excavado,2093.0,CANELONES,Riego,Hortalizas,-34.60607672737294,-56.13432956859469,Registrada,RenovaciónRenovación,Permiso de usoPermiso de uso,Cda. s/n,3.0,Tanque Excavado
Santa Lucía,63,Tanque Excavado,2093.0,CANELONES,Riego,Hortalizas,-34.60607672737294,-56.13432956859469,Registrada,RenovaciónRenovación,Permiso de usoPermiso de uso,Cda. s/n,3.0,Tanque Excavado
Santa Lucía,66,Tanque Excavado,4000.0,CANELONES,Otros usos agropecuarios,Abrevadero de ganado,-34.58285,-56.42476,Registrada,Nueva,Permiso de uso,Cda. Sangrado,60.0,Tanque Excavado
Santa Lucía,60,Tanque Excavado,2850.0,CANELONES,Riego,Hortalizas,-34.45238951425464,-55.77102497154556,Registrada,Nueva,,Cda. s/n,3.0,Tanque Excavado
Santa Lucía,66,Represa Chica,234000.0,SAN JOSÉ,Riego,Cereales/Oleaginosas,-34.65039820748941,-56.54491171908355,Registrada,Nueva,Concesión,Río Santa Lucía,90.0,Represa Chica
Santa Lucía,61,Represa Chica,219500.0,FLORIDA,Riego,Forraje/Pradera/Semillas,-33.94270227448384,-56.21220351328242,Registrada,Nueva,Concesión,Ao. De La Cruz,166.0,Represa Chica
Santa Lucía,63,Tanque Excavado,16000.0,CANELONES,Riego,Hortalizas,-34.45032,-56.18771,Registrada,Nueva,Permiso de uso,Cda. s/n,25.0,Tanque Excavado
Santa Lucía,67,Tanque Excavado,2500.0,MONTEVIDEO,Riego,Frutales,-34.72939,-56.28125,Registrada,Nueva,Permiso de uso,Ao. De Las Piedras,0.0,Tanque Excavado
Santa Lucía,63,Tajamar Chico,10000.0,CANELONES,Riego,Frutales,-34.63753,-56.1719,Registrada,Nueva,Permiso de uso,Ao. Canelón Chico,20.0,Tajamar Chico
Santa Lucía,60,Tanque Excavado,3500.0,CANELONES,Riego,Hortalizas,-34.34002,-55.65455,Registrada,Nueva,Permiso de uso,Cda. s/n,1.0,Tanque Excavado
Santa Lucía,63,Tanque Excavado,5580.0,CANELONES,Riego,Hortalizas,-34.67072,-56.14759,Registrada,Nueva,Permiso de uso,Cda. s/n,2.0,Tanque Excavado
Santa Lucía,60,Tanque Excavado,7500.0,CANELONES,Riego,Hortalizas,-34.42654,-56.01324,Registrada,Nueva,Permiso de uso,Cda. s/n,6.0,Tanque Excavado
Santa Lucía,60,Tanque Excavado,7500.0,CANELONES,Riego,Hortalizas,-34.42838,-56.01305,Registrada,Nueva,Permiso de uso,Cda. s/n,6.0,Tanque Excavado
Santa Lucía,60,Tanque Excavado,1500.0,LAVALLEJA,Riego,Hortalizas,-34.29941,-55.57398,Registrada,Nueva,Permiso de uso,Cda. s/n,12.0,Tanque Excavado
Santa Lucía,60,Tanque Excavado,3000.0,CANELONES,Riego,Hortalizas,-34.35212,-55.6366,Registrada,Nueva,Permiso de uso,Cda. s/n,5.0,Tanque Excavado
Santa Lucía,63,Tanque Excavado,6000.0,CANELONES,Riego,Hortalizas,-34.57409492977111,-56.22436103264439,Registrada,Nueva,Permiso de uso,Cda. s/n,10.0,Tanque Excavado
Santa Lucía,62,Tanque Excavado,4095.0,CANELONES,Riego,Hortalizas,-34.4178,-56.37381,Registrada,Nueva,Permiso de uso,Cda. s/n,20.0,Tanque Excavado
Santa Lucía,63,Tanque Excavado,5250.0,CANELONES,Riego,Hortalizas,-34.55344537617722,-56.26346932069781,Registrada,Nueva,Permiso de uso,Cda. s/n,15.0,Tanque Excavado
Santa Lucía,65,Represa Grande,689000.0,FLORES,Riego,Forraje/Pradera/Semillas,-33.72325737857884,-56.88971661559807,Registrada,Nueva,Concesión,Río San José,1000.0,Represa Grande
Santa Lucía,66,Tanque Excavado,2160.0,CANELONES,Riego,Hortalizas,-34.63938366697337,-56.29421470686793,Registrada,Nueva,Permiso de uso,Cda. s/n,20.0,Tanque Excavado
Santa Lucía,66,Tanque Excavado,2160.0,CANELONES,Riego,Hortalizas,-34.63938366697337,-56.2941396050155,Registrada,Nueva,Permiso de uso,Cda. s/n,20.0,Tanque Excavado
Santa Lucía,66,Tanque Excavado,3200.0,CANELONES,Riego,Frutales,-34.71101727259175,-55.83898424170911,Registrada,Nueva,Permiso de uso,Cda. s/n,8.0,Tanque Excavado
Santa Lucía,61,Represa Mediana,720000.0,FLORIDA,Riego,Forraje/Pradera/Semillas,-33.8587516044376,-55.84630751539952,Registrada,Nueva,Concesión,Cda. s/n,650.0,Represa Mediana
Santa Lucía,60,Tanque Excavado,4000.0,CANELONES,Riego,Hortalizas,-34.43195317580594,-56.01465620497944,Registrada,Nueva,Permiso de uso,Cda. s/n,5.0,Tanque Excavado
Santa Lucía,60,Tanque Excavado,7000.0,CANELONES,Riego,Hortalizas,-34.36560738052867,-55.63982664990243,Registrada,Nueva,Permiso de uso,Cda. s/n,2.0,Tanque Excavado
Santa Lucía,63,Tanque Excavado,1565.0,CANELONES,Riego,Hortalizas,-34.52158727282244,-56.118433624506,Registrada,Nueva,Permiso de uso,Cda. s/n,10.0,Tanque Excavado
Santa Lucía,66,Tajamar Chico,10000.0,CANELONES,Riego,Frutales,-34.6866335796092,-56.34767072653548,Registrada,Nueva,Permiso de uso,Cda. s/n,10.0,Tajamar Chico
Santa Lucía,66,Tajamar Chico,8000.0,CANELONES,Riego,Frutales,-34.69126649066114,-56.34169892935119,Registrada,Nueva,Permiso de uso,Cda. s/n,5.0,Tajamar Chico
Santa Lucía,66,Tajamar Chico,2800.0,CANELONES,Riego,Frutales,-34.69414,-56.34191,Registrada,Nueva,Permiso de uso,Cda. s/n,6.0,Tajamar Chico
Santa Lucía,66,Tajamar Chico,13500.0,CANELONES,Riego,Frutales,-34.69217,-56.3408,Registrada,Nueva,Permiso de uso,Cda. s/n,13.0,Tajamar Chico
Santa Lucía,63,Tanque Excavado,6300.0,CANELONES,Riego,Frutales,-34.63435,-56.18587,Registrada,Nueva,Permiso de uso,Cda. s/n,2.5,Tanque Excavado
Santa Lucía,63,Tajamar Chico,36264.0,CANELONES,Riego,Forraje/Pradera/Semillas,-34.53088999791745,-56.14948108814133,Registrada,Nueva,Permiso de uso,Cda. s/n,5.0,Tajamar Chico
Santa Lucía,63,Tanque Excavado,7200.0,CANELONES,Riego,Hortalizas,-34.42669988731856,-56.17842346298858,Registrada,Nueva,Permiso de uso,Cda. s/n,13.0,Tanque Excavado
Santa Lucía,63,Tanque Excavado,8000.0,FLORIDA,Riego,Hortalizas,-34.3356,-56.2395,Registrada,Nueva,Permiso de uso,Cda. s/n,1.0,Tanque Excavado
Santa Lucía,63,Tanque Excavado,10892.0,CANELONES,Riego,Hortalizas,-34.46779561562471,-56.05656526941836,Registrada,Nueva,Permiso de uso,Cda. s/n,5.0,Tanque Excavado
Santa Lucía,63,Tanque Excavado,8650.0,CANELONES,Riego,Hortalizas,-34.51377,-56.12479,Registrada,Nueva,Permiso de uso,Cda. s/n,23.0,Tanque Excavado
Santa Lucía,63,Tanque Excavado,9750.0,CANELONES,Riego,Frutales,-34.57789385199947,-56.22727710759136,Registrada,Nueva,Permiso de uso,Cda. s/n,14.0,Tanque Excavado
Santa Lucía,60,Tanque Excavado,6000.0,FLORIDA,Riego,Hortalizas,-34.3356,-56.2395,Registrada,Nueva,Permiso de uso,Cda. s/n,6.0,Tanque Excavado
Santa Lucía,63,Tanque Excavado,16000.0,CANELONES,Riego,Hortalizas,-34.48318254907009,-56.21151683852077,Registrada,Nueva,Permiso de uso,Cda. Lagunitas,30.0,Tanque Excavado
Santa Lucía,63,Tanque Excavado,3080.0,FLORIDA,Riego,Hortalizas,-34.3356,-56.2395,Registrada,Nueva,Permiso de uso,Cda. s/n,9.0,Tanque Excavado
Santa Lucía,60,Tanque Excavado,4000.0,CANELONES,Riego,Hortalizas,-34.33628474809452,-55.65629198541982,Registrada,Nueva,Permiso de uso,Cda. s/n,21.0,Tanque Excavado
Santa Lucía,60,Tanque Excavado,4000.0,CANELONES,Riego,Hortalizas,-34.33786268971053,-55.65659358348647,Registrada,Nueva,Permiso de uso,Cda. s/n,21.0,Tanque Excavado
Santa Lucía,60,Tanque Excavado,1000.0,CANELONES,Riego,Hortalizas,-34.33786268971053,-55.65659358348647,Registrada,Nueva,Permiso de uso,Cda. s/n,21.0,Tanque Excavado
Santa Lucía,63,Tanque Excavado,5500.0,CANELONES,Riego,Hortalizas,-34.66552390811673,-56.17885283614259,Registrada,Nueva,Permiso de uso,Ao. Del Gigante,0.0,Tanque Excavado
Santa Lucía,67,Tanque Excavado,20000.0,MONTEVIDEO,Riego,Frutales,-34.75529876557988,-56.28711492235986,Registrada,Renovación,Permiso de uso,Cda. s/n,16.0,Tanque Excavado
Santa Lucía,66,Tanque Excavado,5000.0,CANELONES,Riego,Frutales,-34.67819274201496,-56.33452411741018,Registrada,Renovación,Permiso de uso,Cda. s/n,18.0,Tanque Excavado
Santa Lucía,66,Tajamar Mediano,18000.0,CANELONES,Riego,Forraje/Pradera/Semillas,-34.67331744660618,-56.33079841711151,Registrada,Nueva,Permiso de uso,Ao. De Las Brujas Grande,30.0,Tajamar Mediano
Santa Lucía,65,Represa Chica,766000.0,FLORES,Riego,Forraje/Pradera/Semillas,-33.83574,-56.88154,Registrada,Nueva,Concesión,Cda. Del Sauce,415.0,Represa Chica
Santa Lucía,63,Tanque Excavado,3840.0,CANELONES,Riego,Hortalizas,-34.50703308883133,-56.17896180192423,Registrada,Renovación,Permiso de uso,Cña a Serrana,25.0,Tanque Excavado
Santa Lucía,67,Tanque Excavado,10000.0,MONTEVIDEO,Riego,Hortalizas,-34.77124,-56.25383,Registrada,Nueva,Revocación,Cda. s/n,67.0,Tanque Excavado
Santa Lucía,63,Tanque Excavado,6000.0,CANELONES,Riego,Hortalizas,-34.41780236375318,-56.0803979770354,Registrada,Nueva,Permiso de uso,Cda. s/n,5.0,Tanque Excavado
Santa Lucía,67,Tanque Excavado,6000.0,MONTEVIDEO,Riego,Frutales,-34.72563859672631,-56.29031448544903,Registrada,Nueva,Permiso de uso,Cda. s/n,1.0,Tanque Excavado
Santa Lucía,68,Tanque Excavado,3000.0,MONTEVIDEO,Riego,Hortalizas,-34.77681364515418,-56.30303827210194,Registrada,Nueva,Permiso de uso,Cda. s/n,4.0,Tanque Excavado
Santa Lucía,63,Tajamar Chico,12000.0,CANELONES,Riego,Frutales,-34.63991,-56.17083,Registrada,Nueva,Permiso de uso,Cda. s/n,30.0,Tajamar Chico
Santa Lucía,61,Represa Mediana,1100000.0,FLORIDA,Consumo humano,Abastecimiento a poblaciones,-34.07694285611152,-56.11995142600477,Registrada,Nueva,Permiso de uso,Cda. s/n,700.0,Represa Mediana
Santa Lucía,63,Tanque Excavado,4220.0,CANELONES,Riego,Hortalizas,-34.69583487751798,-56.1339151673019,Registrada,Nueva,Permiso de uso,Cda. s/n,2.0,Tanque Excavado
Santa Lucía,60,Tajamar Chico,12334.0,CANELONES,Riego,Hortalizas,-34.33675059848029,-55.69577515037962,Registrada,Renovación,Permiso de uso,Cda. s/n,10.0,Tajamar Chico
Santa Lucía,60,Represa Grande,0.0,LAVALLEJA,Consumo humano,Abastecimiento a poblaciones,-34.12108,-55.55183,Registrada,Nueva,Reserva,Ao. Casupá,67000.0,Represa Grande
Santa Lucía,60,Represa Grande,0.0,LAVALLEJA,Consumo humano,Abastecimiento a poblaciones,-34.12755,-55.29141,Registrada,Nueva,Reserva,Ao. Del Soldado,17500.0,Represa Grande
Santa Lucía,63,Represa Grande,19000000.0,CANELONES,Consumo humano,Abastecimiento a poblaciones,-34.51645,-56.39502,Registrada,NuevaNueva,AutorizaciónAutorización,Ao. Canelón Grande,28800.0,Represa Grande
Santa Lucía,63,Tajamar Mediano,14570.0,CANELONES,Otros usos,Turismo/Recreación,-34.61528,-56.11808,Registrada,Nueva,Permiso de uso,Cda. Marichal,43.0,Tajamar Mediano
Santa Lucía,61,Tajamar Chico,730.0,FLORIDA,Otros usos agropecuarios,Abrevadero de ganado,-34.10793152942793,-56.1982667259872,Registrada,Nueva,Permiso de uso,Cda. s/n,3.5,Tajamar Chico
Santa Lucía,63,Tanque Excavado,4200.0,CANELONES,Riego,Frutales,-34.61400723723329,-56.12164255231617,Registrada,Renovación,Permiso de uso,Cda. Marichal,30.0,Tanque Excavado
Santa Lucía,66,Tanque Excavado,40000.0,CANELONES,Riego,Hortalizas,-34.62383,-56.267,Registrada,Nueva,Permiso de uso,Cda. s/n,23.0,Tanque Excavado
Santa Lucía,66,Tanque Excavado,1134.0,CANELONES,Otros usos agropecuarios,Abrevadero de ganado,-34.63008,-56.36884,Registrada,Nueva,Permiso de uso,Cda. De La Quinta,12.0,Tanque Excavado
Santa Lucía,63,Tanque Excavado,5000.0,CANELONES,Riego,Frutales,-34.61422958269056,-56.12164521357045,Registrada,Renovación,Permiso de uso,Cda. Marichal,30.0,Tanque Excavado
Santa Lucía,67,Tajamar Mediano,22865.0,CANELONES,Riego,Frutales,-34.65772,-56.28914,Registrada,Nueva,Permiso de uso,Cda. s/n,13.0,Tajamar Mediano
Santa Lucía,67,Tajamar Mediano,41912.0,CANELONES,Riego,Frutales,-34.65764,-56.28921,Registrada,Nueva,Permiso de uso,Cda. s/n,37.0,Tajamar Mediano
Santa Lucía,67,Tanque Excavado,6000.0,CANELONES,Riego,Frutales,-34.65773,-56.28926,Registrada,Nueva,Permiso de uso,Cda. s/n,37.0,Tanque Excavado
Santa Lucía,67,Tanque Excavado,3000.0,CANELONES,Riego,Frutales,-34.65759,-56.28885,Registrada,Nueva,Permiso de uso,Cda. s/n,37.0,Tanque Excavado
Santa Lucía,63,Tajamar Mediano,77800.0,CANELONES,Industrial,Otros,-34.53983325849822,-56.26594295020998,Registrada,Renovación,Permiso de uso,Cda. s/n,1800.0,Tajamar Mediano
Santa Lucía,63,Represa Grande,141220.0,CANELONES,Industrial,Alimentos y bebidas,-34.54486919142975,-56.25459695002063,Registrada,Renovación,Concesión,Cda. s/n,1800.0,Represa Grande
Santa Lucía,63,Tajamar Grande,94000.0,CANELONES,Riego,Forraje/Pradera/Semillas,-34.63028,-56.20627,Registrada,Renovación,Permiso de uso,Cda. s/n,74.0,Tajamar Grande
Santa Lucía,67,Tanque Excavado,3600.0,CANELONES,Riego,Hortalizas,-34.69073906966005,-56.24964550159346,Registrada,RenovaciónRenovación,Permiso de usoPermiso de uso,Cda. s/n,12.0,Tanque Excavado
Santa Lucía,67,Tanque Excavado,3600.0,CANELONES,Riego,Hortalizas,-34.69073906966005,-56.24964550159346,Registrada,RenovaciónRenovación,Permiso de usoPermiso de uso,Cda. s/n,12.0,Tanque Excavado
Santa Lucía,63,Tanque Excavado,12218.0,CANELONES,Riego,Hortalizas,-34.69713,-56.17264,Registrada,Nueva,Permiso de uso,Ao. Del Gigante,9.0,Tanque Excavado
Santa Lucía,63,Tanque Excavado,1000.0,CANELONES,Riego,Forraje/Pradera/Semillas,-34.50022901556839,-56.17220319818443,Registrada,Nueva,Permiso de uso,Cda. s/n,4.0,Tanque Excavado
Santa Lucía,65,Represa Chica,325310.0,SAN JOSÉ,Otros usos agropecuarios,Abrevadero de ganado,-34.54456,-56.51426,Registrada,Renovación,Concesión,Cda. s/n,148.0,Represa Chica
Santa Lucía,66,Tajamar Mediano,45200.0,CANELONES,Riego,Frutales,-34.65206,-56.32518,Registrada,Renovación,Permiso de uso,Cda. s/n,20.0,Tajamar Mediano
Santa Lucía,60,Tanque Excavado,12500.0,CANELONES,Riego,Hortalizas,-34.31994193870485,-55.64963777068801,Registrada,Renovación,Permiso de uso,Cda. Carpincho,6.0,Tanque Excavado
Santa Lucía,65,Represa Mediana,529575.0,SAN JOSÉ,Riego,Forraje/Pradera/Semillas,-34.05867,-56.86349,Registrada,Nueva,Concesión,Cda. s/n,693.0,Represa Mediana
Santa Lucía,67,Tajamar Mediano,36000.0,CANELONES,Riego,Frutales,-34.70187,-56.2832,Registrada,Renovación,Permiso de uso,Cda. s/n,40.0,Tajamar Mediano
Santa Lucía,60,Tanque Excavado,9000.0,CANELONES,Riego,Hortalizas,-34.45626,-55.7971,Registrada,Nueva,Permiso de uso,Cda. s/n,8.0,Tanque Excavado
Santa Lucía,63,Tanque Excavado,3000.0,CANELONES,Riego,Hortalizas,-34.48616282208063,-56.14675758406519,Registrada,Nueva,Permiso de uso,Cda. s/n,12.0,Tanque Excavado
Santa Lucía,65,Represa Chica,364000.0,SAN JOSÉ,Riego,Cereales/Oleaginosas,-33.97088373613018,-56.66062340140342,Registrada,Renovación,Concesión,Cda. s/n,760.0,Represa Chica
Santa Lucía,65,Represa Chica,86644.0,SAN JOSÉ,Riego,Frutales,-34.11623703528979,-56.94058847203466,Registrada,Renovación,Concesión,Cda. s/n,386.0,Represa Chica
Santa Lucía,63,Tanque Excavado,1900.0,CANELONES,Otros usos agropecuarios,Abrevadero de ganado,-34.48637506298112,-56.14667175337672,Registrada,Nueva,Permiso de uso,Cda. s/n,12.0,Tanque Excavado
Santa Lucía,61,Tajamar Chico,730.0,FLORIDA,Otros usos agropecuarios,Abrevadero de ganado,-34.12818,-56.18446,Registrada,Nueva,Revocación,Cda. s/n,220.0,Tajamar Chico
Santa Lucía,60,Represa Chica,1276000.0,FLORIDA,Riego,Cereales/Oleaginosas,-34.08502760234093,-55.59263929337852,Registrada,Renovación,Concesión,Cda. s/n,320.0,Represa Chica
Santa Lucía,65,Tajamar Grande,105200.0,SAN JOSÉ,Riego,Cereales/Oleaginosas,-33.97209380871508,-56.65246948599815,Registrada,Nueva,Permiso de uso,Ao. De Los Álamos,2500.0,Tajamar Grande
Santa Lucía,63,Tanque Excavado,7000.0,CANELONES,Riego,Hortalizas,-34.50273,-56.19474,Registrada,Nueva,Permiso de uso,Cda. s/n,11.0,Tanque Excavado
Santa Lucía,66,Tajamar Chico,13000.0,CANELONES,Riego,Hortalizas,-34.64710605912431,-56.32353066466748,Registrada,Nueva,Permiso de uso,Cda. s/n,12.0,Tajamar Chico
Santa Lucía,65,Represa Chica,445000.0,FLORES,Riego,Forraje/Pradera/Semillas,-33.91781,-56.79831,Registrada,Nueva,Concesión,Cda. s/n,391.0,Represa Chica
Santa Lucía,61,Represa Chica,294400.0,FLORIDA,Riego,Forraje/Pradera/Semillas,-33.91206,-55.98187,Registrada,Nueva,Concesión,Cda. s/n,190.0,Represa Chica
Santa Lucía,61,Tajamar Grande,43331.0,FLORIDA,Riego,Forraje/Pradera/Semillas,-33.92701699687842,-56.00304275620147,Registrada,Nueva,Permiso de uso,Cda. s/n,120.0,Tajamar Grande
Santa Lucía,60,Tanque Excavado,4400.0,CANELONES,Riego,Hortalizas,-34.37651,-56.02734,Registrada,Nueva,Permiso de uso,Cda. s/n,11.0,Tanque Excavado
Santa Lucía,66,Tanque Excavado,3000.0,CANELONES,Riego,Hortalizas,-34.61337052303627,-56.39630176126956,Registrada,Nueva,Permiso de uso,Cda. s/n,7.0,Tanque Excavado
Santa Lucía,66,Tanque Excavado,10000.0,CANELONES,Riego,Frutales,-34.69421766149485,-56.353048458368,Registrada,Nueva,Permiso de uso,Cda. s/n,10.0,Tanque Excavado
Santa Lucía,66,Tanque Excavado,13137.0,CANELONES,Riego,Frutales,-34.6873,-56.35555,Registrada,Nueva,Permiso de uso,Cda. s/n,5.0,Tanque Excavado
Santa Lucía,67,Tanque Excavado,5709.0,CANELONES,Riego,Hortalizas,-34.66672897703889,-56.28453880417509,Registrada,Nueva,Permiso de uso,Cda. s/n,3.8,Tanque Excavado
Santa Lucía,66,Tanque Excavado,2340.0,CANELONES,Riego,Hortalizas,-34.64264954895258,-56.27116924559231,Registrada,Nueva,Permiso de uso,Cda. s/n,6.0,Tanque Excavado
Santa Lucía,63,Tanque Excavado,10578.0,CANELONES,Riego,Frutales,-34.63717,-56.23492,Registrada,Nueva,Permiso de uso,Cda. De La Lana,7.8,Tanque Excavado
Santa Lucía,63,Tanque Excavado,1800.0,CANELONES,Riego,Hortalizas,-34.6438377874798,-56.22148945927619,Registrada,Nueva,Permiso de uso,Cda. s/n,7.8,Tanque Excavado
Santa Lucía,63,Tanque Excavado,10000.0,CANELONES,Riego,Hortalizas,-34.62196251073864,-56.17065623402596,Registrada,Nueva,Permiso de uso,Cda. s/n,10.0,Tanque Excavado
Santa Lucía,60,Tanque Excavado,1612.0,CANELONES,Riego,Hortalizas,-34.29602,-55.75088,Registrada,Nueva,Permiso de uso,Cda. s/n,17.0,Tanque Excavado
Santa Lucía,60,Tanque Excavado,436.0,CANELONES,Riego,Hortalizas,-34.3323504157833,-55.71437671758758,Registrada,Nueva,Permiso de uso,Cda. s/n,,Tanque Excavado
Santa Lucía,63,Tanque Excavado,4000.0,CANELONES,Riego,Hortalizas,-34.43654605337422,-56.11589267784438,Registrada,Nueva,Permiso de uso,Cda. s/n,10.0,Tanque Excavado
Santa Lucía,63,Tajamar Chico,2000.0,CANELONES,Otros usos agropecuarios,Abrevadero de ganado,-34.55550684193737,-56.33140102028848,Registrada,Nueva,Permiso de uso,Cda. s/n,11.0,Tajamar Chico
Santa Lucía,67,Tanque Excavado,10880.0,CANELONES,Riego,Frutales,-34.7037303435341,-56.28814436495304,Registrada,Nueva,Permiso de uso,Cda. s/n,9.5,Tanque Excavado
Santa Lucía,66,Tanque Excavado,13581.0,CANELONES,Riego,Frutales,-34.61547,-56.31313,Registrada,Nueva,Permiso de uso,Cda. s/n,30.0,Tanque Excavado
Santa Lucía,66,Tanque Excavado,480.0,CANELONES,Riego,Hortalizas,-34.64052549409978,-56.33150916201229,Registrada,Renovación,Permiso de uso,Cda. s/n,4.0,Tanque Excavado
Santa Lucía,66,Tanque Excavado,1760.0,CANELONES,Riego,Hortalizas,-34.63994763433497,-56.33114277385174,Registrada,Renovación,Permiso de uso,Ao. De Las Brujas Grande,12.0,Tanque Excavado
Santa Lucía,63,Reservorio,17500.0,CANELONES,Riego,Frutales,-34.5723085926225,-56.22863441662048,Registrada,NuevaNueva,Permiso de usoPermiso de uso,Cda. s/n,0.0,Reservorio/Otros
Santa Lucía,66,Tanque Excavado,4000.0,CANELONES,Riego,Frutales,-34.63385426660776,-56.30482669919728,Registrada,Nueva,Permiso de uso,Cda. s/n,3.0,Tanque Excavado
Santa Lucía,63,Tanque Excavado,480.0,CANELONES,Riego,Hortalizas,-34.51809,-56.15764,Registrada,Nueva,Permiso de uso,Cda. La Serrana,,Tanque Excavado
Santa Lucía,63,Tanque Excavado,2574.0,CANELONES,Riego,Hortalizas,-34.64796048032277,-56.13437055610121,Registrada,Nueva,Permiso de uso,Cda. s/n,5.0,Tanque Excavado
Santa Lucía,63,Tanque Excavado,6050.0,CANELONES,Riego,Frutales,-34.57533941703299,-56.2222564034164,Registrada,Nueva,Permiso de uso,Cda. s/n,7.0,Tanque Excavado
Santa Lucía,63,Tanque Excavado,2800.0,CANELONES,Riego,Frutales,-34.57578111168521,-56.22116206213831,Registrada,Nueva,Permiso de uso,Cda. s/n,,Tanque Excavado
Santa Lucía,63,Tanque Excavado,4000.0,CANELONES,Riego,Frutales,-34.57405,-56.22881,Registrada,Nueva,Permiso de uso,Cda. s/n,10.0,Tanque Excavado
Santa Lucía,63,Tanque Excavado,10666.66666666667,CANELONES,Otros usos agropecuarios,Abrevadero de ganado,-34.43399170710408,-56.182400284888,Registrada,NuevaNuevaNueva,Permiso de usoPermiso de usoPermiso de uso,Cda. s/n,56.0,Tanque Excavado
Santa Lucía,63,Tanque Excavado,10666.66666666667,CANELONES,Otros usos agropecuarios,Abrevadero de ganado,-34.43399170710408,-56.182400284888,Registrada,NuevaNuevaNueva,Permiso de usoPermiso de usoPermiso de uso,Cda. s/n,56.0,Tanque Excavado
Santa Lucía,63,Tanque Excavado,10666.66666666667,CANELONES,Otros usos agropecuarios,Abrevadero de ganado,-34.43399170710408,-56.182400284888,Registrada,NuevaNuevaNueva,Permiso de usoPermiso de usoPermiso de uso,Cda. s/n,56.0,Tanque Excavado
Santa Lucía,61,Represa Chica,523747.0,FLORIDA,Riego,Cereales/Oleaginosas,-34.28944837187985,-56.30084931850434,Registrada,Nueva,Concesión,Cda. s/n,167.0,Represa Chica
Santa Lucía,60,Tajamar Grande,75000.0,LAVALLEJA,Riego,Forraje/Pradera/Semillas,-34.13683281877714,-55.48876997083426,Registrada,Nueva,Permiso de uso,Cda. s/n,1000.0,Tajamar Grande
Santa Lucía,63,Tanque Excavado,2080.0,CANELONES,Riego,Hortalizas,-34.53483488271068,-56.10504386946558,Registrada,Nueva,Permiso de uso,Cda. s/n,,Tanque Excavado
Santa Lucía,60,Tanque Excavado,1900.0,CANELONES,Otros usos agropecuarios,Abrevadero de ganado,-34.38094690979763,-55.6510541432508,Registrada,NuevaNuevaNueva,Permiso de usoPermiso de usoPermiso de uso,Cda. s/n,3.5,Tanque Excavado
Santa Lucía,60,Tanque Excavado,1900.0,CANELONES,Otros usos agropecuarios,Abrevadero de ganado,-34.38094690979763,-55.6510541432508,Registrada,NuevaNuevaNueva,Permiso de usoPermiso de usoPermiso de uso,Cda. s/n,3.5,Tanque Excavado
Santa Lucía,60,Tanque Excavado,1900.0,CANELONES,Otros usos agropecuarios,Abrevadero de ganado,-34.38094690979763,-55.6510541432508,Registrada,NuevaNuevaNueva,Permiso de usoPermiso de usoPermiso de uso,Cda. s/n,3.5,Tanque Excavado
Santa Lucía,63,Tanque Excavado,3500.0,CANELONES,Riego,Hortalizas,-34.52603449848583,-56.18165329033217,Registrada,Nueva,Permiso de uso,Cda. s/n,7.0,Tanque Excavado
Santa Lucía,63,Tanque Excavado,766.0,CANELONES,Riego,Frutales,-34.58035520491003,-56.20741783641277,Registrada,Nueva,Permiso de uso,Ao. Del Gigante,4.0,Tanque Excavado
Santa Lucía,60,Tanque Excavado,2250.0,CANELONES,Otros usos agropecuarios,Abrevadero de ganado,-34.32228916304227,-55.71732737123966,Registrada,Renovación,Permiso de uso,Cda. s/n,8.0,Tanque Excavado
Santa Lucía,63,Tanque Excavado,1700.0,CANELONES,Riego,Hortalizas,-34.6436946304304,-56.18277311325073,Registrada,NuevaNueva,Permiso de usoPermiso de uso,Cda. s/n,,Tanque Excavado
Santa Lucía,63,Tanque Excavado,1700.0,CANELONES,Riego,Hortalizas,-34.6436946304304,-56.18277311325073,Registrada,NuevaNueva,Permiso de usoPermiso de uso,Cda. s/n,,Tanque Excavado
Santa Lucía,63,Tajamar Chico,5652.0,CANELONES,Riego,Hortalizas,-34.51836420048353,-56.17839692160486,Registrada,Nueva,Permiso de uso,Cda. s/n,15.0,Tajamar Chico
Santa Lucía,63,Tanque Excavado,1260.0,CANELONES,Otros usos agropecuarios,Abrevadero de ganado,-34.50168673589673,-56.17015850613824,Registrada,Nueva,Permiso de uso,Cda. s/n,5.0,Tanque Excavado
Santa Lucía,63,Tanque Excavado,2659.0,CANELONES,Riego,Hortalizas,-34.51687633797433,-56.17899718898116,Registrada,Nueva,Permiso de uso,Cda. s/n,15.0,Tanque Excavado
Santa Lucía,63,Tanque Excavado,2376.0,CANELONES,Riego,Hortalizas,-34.55108972540423,-56.11431039858872,Registrada,Nueva,Permiso de uso,Cda. s/n,1.0,Tanque Excavado
Santa Lucía,63,Tanque Excavado,1389.0,CANELONES,Riego,Hortalizas,-34.57135715772996,-56.10210802406073,Registrada,Nueva,Permiso de uso,Cda. s/n,4.0,Tanque Excavado
Santa Lucía,63,Tanque Excavado,2297.0,CANELONES,Riego,Hortalizas,-34.44475398416768,-56.10844968818127,Registrada,Nueva,Permiso de uso,Cda. s/n,8.5,Tanque Excavado
Santa Lucía,60,Reservorio,54540.0,LAVALLEJA,Otros usos agropecuarios,Otros,-34.37678433697871,-55.25557159446179,Registrada,NuevaNueva,Permiso de usoPermiso de uso,Cda. s/n,540.0,Reservorio/Otros
Santa Lucía,67,Tanque Excavado,15000.0,MONTEVIDEO,Riego,Frutales,-34.74932825116764,-56.31546970456838,Registrada,Nueva,Permiso de uso,Cda. s/n,25.0,Tanque Excavado
Santa Lucía,60,Represa Chica,391857.0,FLORIDA,Riego,Forraje/Pradera/Semillas,-34.32930448369542,-56.15954384207726,Registrada,Nueva,Concesión,Cda. s/n,203.0,Represa Chica
Santa Lucía,60,Represa Chica,380577.0,FLORIDA,Riego,Forraje/Pradera/Semillas,-34.30832142870339,-56.15387901663781,Registrada,Nueva,Concesión,Cda. s/n,227.0,Represa Chica
Santa Lucía,63,Tajamar Chico,5000.0,MONTEVIDEO,Riego,Hortalizas,-34.73296334372497,-56.28002523444594,Registrada,Nueva,Permiso de uso,Cda. s/n,9.0,Tajamar Chico
Santa Lucía,63,Tajamar Mediano,38000.0,CANELONES,Riego,Hortalizas,-34.50175224749977,-56.21086237952113,Registrada,Nueva,Permiso de uso,Cda. s/n,19.0,Tajamar Mediano
Santa Lucía,65,Represa Mediana,1998000.0,SAN JOSÉ,Riego,Cereales/Oleaginosas,-33.88717009841426,-56.53054398771322,Registrada,Renovación,Concesión,Ao. Sarandí,700.0,Represa Mediana
Santa Lucía,63,Tajamar Mediano,30000.0,CANELONES,Riego,Hortalizas,-34.49939147245077,-56.20178578421473,Registrada,Nueva,Permiso de uso,Cda. s/n,20.0,Tajamar Mediano
Santa Lucía,63,Tanque Excavado,9200.0,CANELONES,Riego,Hortalizas,-34.51260968996982,-56.17375686699234,Registrada,Nueva,Permiso de uso,Cda. s/n,10.0,Tanque Excavado
Santa Lucía,63,Tanque Excavado,2000.0,CANELONES,Riego,Hortalizas,-34.60898809990041,-56.13448320887982,Registrada,Nueva,Permiso de uso,Cda. s/n,3.0,Tanque Excavado
Santa Lucía,63,Tanque Excavado,10704.0,CANELONES,Riego,Hortalizas,-34.69009752272518,-56.18244169279933,Registrada,Nueva,Permiso de uso,Cda. s/n,23.0,Tanque Excavado
Santa Lucía,60,Represa Chica,1450000.0,FLORIDA,Riego,Cereales/Oleaginosas,-34.18061732646557,-55.98532816790768,Registrada,Nueva,Concesión,Cda. De Los Canelones,400.0,Represa Chica
Santa Lucía,63,Tajamar Chico,634.0,CANELONES,Otros usos agropecuarios,Abrevadero de ganado,-34.6947555068735,-56.10848189891436,Registrada,Nueva,Permiso de uso,Cda. s/n,,Tajamar Chico
Santa Lucía,60,Tanque Excavado,1700.0,FLORIDA,Riego,Hortalizas,-34.12262792231004,-55.76405956981112,Registrada,Nueva,Permiso de uso,Cda. s/n,15.0,Tanque Excavado
Santa Lucía,60,Tanque Excavado,2000.0,FLORIDA,Riego,Hortalizas,-34.19973559254719,-55.76803804039427,Registrada,Nueva,Permiso de uso,Cda. s/n,15.0,Tanque Excavado
Santa Lucía,60,Tanque Excavado,1567.0,FLORIDA,Riego,Hortalizas,-34.13801092439162,-55.75994163707948,Registrada,Nueva,Permiso de uso,Cda. s/n,3.0,Tanque Excavado
Santa Lucía,60,Tanque Excavado,460.0,FLORIDA,Riego,Hortalizas,-34.18581761870867,-55.74888110663314,Registrada,Nueva,Permiso de uso,Cda. s/n,3.0,Tanque Excavado
Santa Lucía,63,Tanque Excavado,3230.0,CANELONES,Riego,Hortalizas,-34.65361395578689,-56.15570666011897,Registrada,Nueva,Permiso de uso,Cda. s/n,6.0,Tanque Excavado
Santa Lucía,63,Tajamar Chico,10000.0,CANELONES,Riego,Hortalizas,-34.48327214247912,-56.18027541620427,Registrada,Nueva,Permiso de uso,Cda. s/n,3.5,Tajamar Chico
Santa Lucía,63,Tanque Excavado,10641.0,CANELONES,Riego,Hortalizas,-34.54508363918782,-56.07236534400726,Registrada,Nueva,Permiso de uso,Cda. s/n,6.0,Tanque Excavado
Santa Lucía,66,Tajamar Chico,6327.0,CANELONES,Riego,Hortalizas,-34.62368980445165,-56.31608488217003,Registrada,Nueva,Permiso de uso,Cda. s/n,3.0,Tajamar Chico
Santa Lucía,67,Tanque Excavado,4237.0,CANELONES,Riego,Hortalizas,-34.70834885164183,-56.28458382618214,Registrada,Nueva,Permiso de uso,Cda. s/n,7.0,Tanque Excavado
Santa Lucía,67,Tanque Excavado,6811.0,MONTEVIDEO,Riego,Hortalizas,-34.72878391696024,-56.17190994333214,Registrada,Nueva,Permiso de uso,Ao. De Las Piedras,53.0,Tanque Excavado
Santa Lucía,63,Tanque Excavado,3500.0,CANELONES,Riego,Hortalizas,-34.51692327346991,-56.24292014166713,Registrada,Nueva,Permiso de uso,Cda. s/n,5.0,Tanque Excavado
Santa Lucía,61,Tajamar Mediano,24000.0,FLORIDA,Riego,Forraje/Pradera/Semillas,-34.0663618189167,-56.22043250128626,Registrada,Nueva,Permiso de uso,Cda. s/n,170.0,Tajamar Mediano
Santa Lucía,66,Tanque Excavado,5200.0,CANELONES,Otros usos agropecuarios,Abrevadero de ganado,-34.66186056969585,-56.30194069956544,Registrada,Nueva,Permiso de uso,Cda. s/n,5.0,Tanque Excavado
Santa Lucía,60,Represa Chica,416000.0,FLORIDA,Riego,Cereales/Oleaginosas,-34.23492,-56.02322,Registrada,Renovación,Concesión,Río Santa Lucía,134.0,Represa Chica
Santa Lucía,60,Represa Mediana,1432000.0,FLORIDA,Riego,Cereales/Oleaginosas,-34.21228483444123,-56.07163125189234,Registrada,Renovación,Concesión,Cda. s/n,580.0,Represa Mediana
Santa Lucía,63,Tanque Excavado,12948.0,CANELONES,Riego,Hortalizas,-34.69855466971233,-56.15702927199891,Registrada,Cesión,Permiso de uso,Cda. s/n,18.0,Tanque Excavado
Santa Lucía,60,Tajamar Grande,99028.0,LAVALLEJA,Otros usos agropecuarios,Abrevadero de ganado,-34.34416633683777,-55.06373874843121,Registrada,Nueva,Permiso de uso,Cda. s/n,84.0,Tajamar Grande
Santa Lucía,63,Tanque Excavado,3500.0,CANELONES,Riego,Hortalizas,-34.55149288922259,-56.09852626854263,Registrada,Nueva,Permiso de uso,Cda. s/n,5.0,Tanque Excavado
Santa Lucía,63,Reservorio,20000.0,CANELONES,Otros usos,Llenado de embalse/tanque,-34.48747754848682,-56.19227923215695,Registrada,NuevaNueva,Permiso de usoPermiso de uso,Cda. s/n,,Reservorio/Otros
Santa Lucía,60,Represa Chica,389000.0,FLORIDA,Riego,Cereales/Oleaginosas,-34.18855722659559,-55.97391419112682,Registrada,Nueva,Concesión,Cda. De Los Canelones,250.0,Represa Chica
Santa Lucía,61,Represa Mediana,1032800.0,FLORIDA,Riego,Forraje/Pradera/Semillas,-33.82008747091648,-55.72429642081261,Registrada,Cesión,Concesión,Cda. s/nombre,327.0,Represa Mediana
Santa Lucía,60,Represa Mediana,863087.0,FLORIDA,Riego,Forraje/Pradera/Semillas,-34.2067131456125,-56.12512104213237,Registrada,Nueva,Concesión,Cañada,707.0,Represa Mediana
Santa Lucía,61,Represa Mediana,697050.0,FLORIDA,Riego,Forraje/Pradera/Semillas,-33.84318789078039,-55.72473496198654,Registrada,Cesión,Concesión,Cda.s/nombre,1167.0,Represa Mediana
Santa Lucía,60,Represa Chica,500000.0,FLORIDA,Riego,Cereales/Oleaginosas,-34.15306825001858,-55.64180843532084,Registrada,Renovación,Concesión,Cda. s/n,130.0,Represa Chica
Santa Lucía,66,Tanque Excavado,4000.0,CANELONES,Riego,Hortalizas,-34.66272622642702,-56.32133031031116,Registrada,Nueva,Permiso de uso,Cda. Del Circo,2.0,Tanque Excavado
Santa Lucía,63,Tanque Excavado,9000.0,CANELONES,Riego,Frutales,-34.59723,-56.28785,Registrada,RenovaciónRenovación,Permiso de usoPermiso de uso,Cda. s/n,10.0,Tanque Excavado
Santa Lucía,63,Tanque Excavado,9000.0,CANELONES,Riego,Frutales,-34.59723,-56.28785,Registrada,RenovaciónRenovación,Permiso de usoPermiso de uso,Cda. s/n,10.0,Tanque Excavado
Santa Lucía,65,Represa Mediana,800000.0,FLORES,Riego,Cereales/Oleaginosas,-33.84586827640858,-56.83099794667213,Registrada,Nueva,Concesión,Cda. s/n,704.4,Represa Mediana
Santa Lucía,60,Represa Mediana,1939000.0,FLORIDA,Riego,Cereales/Oleaginosas,-34.03395,-55.84137,Registrada,Cesión,Concesión,Cda. Mala,722.0,Represa Mediana
Santa Lucía,63,Tanque Excavado,13830.0,CANELONES,Riego,Hortalizas,-34.49468954563212,-56.16196486862606,Registrada,NuevaNueva,Permiso de usoPermiso de uso,Cda. La Serrana,5.0,Tanque Excavado
Santa Lucía,61,Represa Chica,618177.0,FLORIDA,Riego,Forraje/Pradera/Semillas,-33.82669093348319,-56.07903465628624,Registrada,Nueva,Concesión,Cda. s/n,191.4,Represa Chica
Santa Lucía,65,Tajamar Mediano,13400.0,SAN JOSÉ,Riego,Forraje/Pradera/Semillas,-34.26176428317783,-56.72722801566123,Registrada,RenovaciónRenovaciónRenovaciónRenovación,Permiso de usoPermiso de usoPermiso de usoPermiso de uso,Cda. s/n,7.0,Tajamar Mediano
Santa Lucía,65,Tajamar Mediano,13400.0,SAN JOSÉ,Riego,Forraje/Pradera/Semillas,-34.26176428317783,-56.72722801566123,Registrada,RenovaciónRenovaciónRenovaciónRenovación,Permiso de usoPermiso de usoPermiso de usoPermiso de uso,Cda. s/n,7.0,Tajamar Mediano
Santa Lucía,65,Tajamar Chico,13400.0,SAN JOSÉ,Riego,Forraje/Pradera/Semillas,-34.26176428317783,-56.72722801566123,Registrada,RenovaciónRenovaciónRenovaciónRenovación,Permiso de usoPermiso de usoPermiso de usoPermiso de uso,Cda. s/n,7.0,Tajamar Chico
Santa Lucía,65,Represa Chica,367000.0,SAN JOSÉ,Riego,Cereales/Oleaginosas,-34.4692245059957,-56.51706688106061,Registrada,Nueva,Concesión,Cda. s/n,270.0,Represa Chica
Santa Lucía,60,Represa Grande,1291300.0,FLORIDA,Riego,Forraje/Pradera/Semillas,-34.19629959355728,-55.70215210318565,Registrada,Nueva,Concesión,Cda. s/n,4440.0,Represa Grande
Santa Lucía,63,Reservorio,35000.0,CANELONES,Riego,Hortalizas,-34.48409754945358,-56.21467921792724,Registrada,NuevaNueva,Permiso de usoPermiso de uso,Cda. Lagunitas,0.0,Reservorio/Otros
Santa Lucía,65,Reservorio,180000.0,SAN JOSÉ,Riego,Cereales/Oleaginosas,-34.17715,-56.71434,Registrada,RenovaciónRenovación,Permiso de usoPermiso de uso,Cda. s/n,0.0,Reservorio/Otros
Santa Lucía,63,Reservorio,261000.0,CANELONES,Riego,Otros,-34.57705847946565,-56.25643998384474,Registrada,RenovaciónRenovación,Permiso de usoPermiso de uso,Cda. s/n,310.0,Reservorio/Otros
Santa Lucía,67,Tanque Excavado,11000.0,MONTEVIDEO,Riego,Hortalizas,-34.74309140131361,-56.3184690677888,Registrada,Nueva,Permiso de uso,Cda. s/n,13.0,Tanque Excavado
Santa Lucía,67,Tanque Excavado,7789.0,CANELONES,Riego,Frutales,-34.69847495611859,-56.28619287297426,Registrada,Nueva,Permiso de uso,Cda. s/n,18.0,Tanque Excavado
Santa Lucía,67,Tanque Excavado,5000.0,CANELONES,Riego,Frutales,-34.66518447797573,-56.25794054943015,Registrada,Nueva,Permiso de uso,Cda. s/n,6.0,Tanque Excavado
Santa Lucía,63,Tajamar Chico,1390.0,CANELONES,Otros usos agropecuarios,Abrevadero de ganado,-34.70155267760306,-56.11035581678153,Registrada,Nueva,Permiso de uso,Cda. s/n,19.0,Tajamar Chico
Santa Lucía,65,Represa Grande,201750.0,SAN JOSÉ,Riego,Cereales/Oleaginosas,-34.24440691768284,-56.76674769546129,Registrada,Nueva,Concesión,Ao. Sauce,1089.0,Represa Grande
Santa Lucía,63,Tajamar Mediano,4415.0,CANELONES,Riego,Frutales,-34.65648704958188,-56.11271951004043,Registrada,Nueva,Permiso de uso,Cda. s/n,26.0,Tajamar Mediano
Santa Lucía,68,Tanque Excavado,6000.0,MONTEVIDEO,Riego,Hortalizas,-34.81155875346322,-56.34766910459313,Registrada,Nueva,Permiso de uso,Cda. s/n,,Tanque Excavado
Santa Lucía,63,Tanque Excavado,2080.0,CANELONES,Riego,Hortalizas,-34.54646090714553,-56.18876311727949,Registrada,Nueva,Permiso de uso,Cda. s/n,3.0,Tanque Excavado
Santa Lucía,63,Tanque Excavado,3000.0,CANELONES,Riego,Hortalizas,-34.53962699257239,-56.16769071668387,Registrada,Nueva,Permiso de uso,Cda. s/n,1.0,Tanque Excavado
Santa Lucía,63,Tanque Excavado,3375.0,CANELONES,Riego,Hortalizas,-34.56096211663326,-56.15841243179712,Registrada,NuevaNueva,Permiso de usoPermiso de uso,Cda. s/n,2.0,Tanque Excavado
Santa Lucía,63,Tanque Excavado,3375.0,CANELONES,Riego,Hortalizas,-34.56096211663326,-56.15841243179712,Registrada,NuevaNueva,Permiso de usoPermiso de uso,Cda. s/n,2.0,Tanque Excavado
Santa Lucía,61,Represa Mediana,1409773.0,FLORIDA,Riego,Forraje/Pradera/Semillas,-33.97598063363201,-55.89637457114303,Registrada,Renovación,Permiso de uso,Cañada,533.0,Represa Mediana
Santa Lucía,63,Tajamar Mediano,26000.0,CANELONES,Riego,Hortalizas,-34.49822630892457,-56.20660819048785,Registrada,Nueva,Permiso de uso,Cda. s/n,9.0,Tajamar Mediano
Santa Lucía,68,Tanque Excavado,6000.0,MONTEVIDEO,Riego,Frutales,-34.80065476970411,-56.27632234263833,Registrada,Nueva,Permiso de uso,Cda. s/n,6.0,Tanque Excavado
Santa Lucía,63,Tanque Excavado,2080.0,CANELONES,Riego,Hortalizas,-34.5175924263889,-56.12840532325207,Registrada,Nueva,Permiso de uso,Cda. s/n,5.0,Tanque Excavado
Santa Lucía,63,Tanque Excavado,8800.0,CANELONES,Otros usos,Turismo/Recreación,-34.63622564239072,-56.17965552734497,Registrada,Nueva,Permiso de uso,Cda. s/n,84.0,Tanque Excavado
Santa Lucía,63,Reservorio,78600.0,CANELONES,Riego,Frutales,-34.60345839867694,-56.23796341940761,Registrada,RenovaciónRenovación,Permiso de usoPermiso de uso,Cda. s/n,0.0,Reservorio/Otros
Santa Lucía,63,Reservorio,100000.0,CANELONES,Otros usos,Llenado de embalse/tanque,-34.5778066576303,-56.21330831046134,Registrada,RenovaciónRenovación,Permiso de usoPermiso de uso,Cda. s/n,0.0,Reservorio/Otros
Santa Lucía,60,Tajamar Chico,64.0,LAVALLEJA,Otros usos agropecuarios,Abrevadero de ganado,-34.11253887080285,-55.41928589431337,Registrada,Nueva,Permiso de uso,Cda. s/n,18.2,Tajamar Chico
Santa Lucía,60,Tajamar Chico,660.0,LAVALLEJA,Otros usos agropecuarios,Abrevadero de ganado,-34.09388553608869,-55.43890090420781,Registrada,NuevaNueva,Permiso de usoPermiso de uso,Cda. s/n,84.5,Tajamar Chico
Santa Lucía,60,Tajamar Chico,660.0,LAVALLEJA,Otros usos agropecuarios,Abrevadero de ganado,-34.09388553608869,-55.43890090420781,Registrada,NuevaNueva,Permiso de usoPermiso de uso,Cda. s/n,84.5,Tajamar Chico
Santa Lucía,63,Tanque Excavado,4279.0,CANELONES,Riego,Hortalizas,-34.49210266886789,-56.1779028084129,Registrada,Nueva,Permiso de uso,Cda. s/n,10.0,Tanque Excavado
Santa Lucía,60,Tajamar Mediano,128.0,FLORIDA,Otros usos agropecuarios,Abrevadero de ganado,-34.11121206522026,-55.59028086598774,Registrada,NuevaNueva,Permiso de usoPermiso de uso,Cda. s/n,13.0,Tajamar Mediano
Santa Lucía,60,Tajamar Mediano,128.0,FLORIDA,Otros usos agropecuarios,Abrevadero de ganado,-34.11121206522026,-55.59028086598774,Registrada,NuevaNueva,Permiso de usoPermiso de uso,Cda. s/n,13.0,Tajamar Mediano
Santa Lucía,61,Represa Grande,1060486.0,FLORIDA,Riego,Forraje/Pradera/Semillas,-34.00790382399071,-55.93307487666607,Registrada,Renovación,Concesión,Ao. Guayreño,1448.0,Represa Grande
Santa Lucía,60,Represa Chica,1294838.0,FLORIDA,Riego,Forraje/Pradera/Semillas,-34.05548999385465,-55.91024391353129,Registrada,Renovación,Concesión,Ao. Sauce Solo,343.0,Represa Chica
Santa Lucía,63,Reservorio,59000.0,CANELONES,Otros usos,Llenado de embalse/tanque,-34.64272907243117,-56.19304178282619,Registrada,RenovaciónRenovación,RenovaciónRenovación,Cda. s/n,0.0,Reservorio/Otros
Santa Lucía,60,Tajamar Chico,143.3333333333333,LAVALLEJA,Otros usos agropecuarios,Abrevadero de ganado,-34.09926450829914,-55.41076359498324,Registrada,NuevaNuevaNuevaNuevaNuevaNuevaNuevaNuevaNuevaNuevaNuevaNueva,Permiso de usoPermiso de usoPermiso de usoPermiso de usoPermiso de usoPermiso de usoPermiso de usoPermiso de usoPermiso de usoPermiso de usoPermiso de usoPermiso de uso,Cda. Totora,35.0,Tajamar Chico
Santa Lucía,60,Tajamar Chico,143.3333333333333,LAVALLEJA,Otros usos agropecuarios,Abrevadero de ganado,-34.09926450829914,-55.41076359498324,Registrada,NuevaNuevaNuevaNuevaNuevaNuevaNuevaNuevaNuevaNuevaNuevaNueva,Permiso de usoPermiso de usoPermiso de usoPermiso de usoPermiso de usoPermiso de usoPermiso de usoPermiso de usoPermiso de usoPermiso de usoPermiso de usoPermiso de uso,Cda. Totora,35.0,Tajamar Chico
Santa Lucía,60,Tajamar Chico,143.3333333333333,LAVALLEJA,Otros usos agropecuarios,Abrevadero de ganado,-34.09926450829914,-55.41076359498324,Registrada,NuevaNuevaNuevaNuevaNuevaNuevaNuevaNuevaNuevaNuevaNuevaNueva,Permiso de usoPermiso de usoPermiso de usoPermiso de usoPermiso de usoPermiso de usoPermiso de usoPermiso de usoPermiso de usoPermiso de usoPermiso de usoPermiso de uso,Cda. Totora,35.0,Tajamar Chico
Santa Lucía,60,Tajamar Chico,143.3333333333333,LAVALLEJA,Otros usos agropecuarios,Abrevadero de ganado,-34.09926450829914,-55.41076359498324,Registrada,NuevaNuevaNuevaNuevaNuevaNuevaNuevaNuevaNuevaNuevaNuevaNueva,Permiso de usoPermiso de usoPermiso de usoPermiso de usoPermiso de usoPermiso de usoPermiso de usoPermiso de usoPermiso de usoPermiso de usoPermiso de usoPermiso de uso,Cda. Totora,35.0,Tajamar Chico
Santa Lucía,60,Tajamar Chico,143.3333333333333,LAVALLEJA,Otros usos agropecuarios,Abrevadero de ganado,-34.09926450829914,-55.41076359498324,Registrada,NuevaNuevaNuevaNuevaNuevaNuevaNuevaNuevaNuevaNuevaNuevaNueva,Permiso de usoPermiso de usoPermiso de usoPermiso de usoPermiso de usoPermiso de usoPermiso de usoPermiso de usoPermiso de usoPermiso de usoPermiso de usoPermiso de uso,Cda. Totora,35.0,Tajamar Chico
Santa Lucía,60,Tajamar Chico,143.3333333333333,LAVALLEJA,Otros usos agropecuarios,Abrevadero de ganado,-34.09926450829914,-55.41076359498324,Registrada,NuevaNuevaNuevaNuevaNuevaNuevaNuevaNuevaNuevaNuevaNuevaNueva,Permiso de usoPermiso de usoPermiso de usoPermiso de usoPermiso de usoPermiso de usoPermiso de usoPermiso de usoPermiso de usoPermiso de usoPermiso de usoPermiso de uso,Cda. Totora,35.0,Tajamar Chico
Santa Lucía,60,Tajamar Chico,143.3333333333333,LAVALLEJA,Otros usos agropecuarios,Abrevadero de ganado,-34.09926450829914,-55.41076359498324,Registrada,NuevaNuevaNuevaNuevaNuevaNuevaNuevaNuevaNuevaNuevaNuevaNueva,Permiso de usoPermiso de usoPermiso de usoPermiso de usoPermiso de usoPermiso de usoPermiso de usoPermiso de usoPermiso de usoPermiso de usoPermiso de usoPermiso de uso,Cda. Totora,35.0,Tajamar Chico
Santa Lucía,60,Tajamar Chico,143.3333333333333,LAVALLEJA,Otros usos agropecuarios,Abrevadero de ganado,-34.09926450829914,-55.41076359498324,Registrada,NuevaNuevaNuevaNuevaNuevaNuevaNuevaNuevaNuevaNuevaNuevaNueva,Permiso de usoPermiso de usoPermiso de usoPermiso de usoPermiso de usoPermiso de usoPermiso de usoPermiso de usoPermiso de usoPermiso de usoPermiso de usoPermiso de uso,Cda. Totora,35.0,Tajamar Chico
Santa Lucía,60,Tajamar Chico,143.3333333333333,LAVALLEJA,Otros usos agropecuarios,Abrevadero de ganado,-34.09926450829914,-55.41076359498324,Registrada,NuevaNuevaNuevaNuevaNuevaNuevaNuevaNuevaNuevaNuevaNuevaNueva,Permiso de usoPermiso de usoPermiso de usoPermiso de usoPermiso de usoPermiso de usoPermiso de usoPermiso de usoPermiso de usoPermiso de usoPermiso de usoPermiso de uso,Cda. Totora,35.0,Tajamar Chico
Santa Lucía,60,Tajamar Chico,143.3333333333333,LAVALLEJA,Otros usos agropecuarios,Abrevadero de ganado,-34.09926450829914,-55.41076359498324,Registrada,NuevaNuevaNuevaNuevaNuevaNuevaNuevaNuevaNuevaNuevaNuevaNueva,Permiso de usoPermiso de usoPermiso de usoPermiso de usoPermiso de usoPermiso de usoPermiso de usoPermiso de usoPermiso de usoPermiso de usoPermiso de usoPermiso de uso,Cda. Totora,35.0,Tajamar Chico
Santa Lucía,60,Tajamar Chico,143.3333333333333,LAVALLEJA,Otros usos agropecuarios,Abrevadero de ganado,-34.09926450829914,-55.41076359498324,Registrada,NuevaNuevaNuevaNuevaNuevaNuevaNuevaNuevaNuevaNuevaNuevaNueva,Permiso de usoPermiso de usoPermiso de usoPermiso de usoPermiso de usoPermiso de usoPermiso de usoPermiso de usoPermiso de usoPermiso de usoPermiso de usoPermiso de uso,Cda. Totora,35.0,Tajamar Chico
Santa Lucía,60,Tajamar Chico,143.3333333333333,LAVALLEJA,Otros usos agropecuarios,Abrevadero de ganado,-34.09926450829914,-55.41076359498324,Registrada,NuevaNuevaNuevaNuevaNuevaNuevaNuevaNuevaNuevaNuevaNuevaNueva,Permiso de usoPermiso de usoPermiso de usoPermiso de usoPermiso de usoPermiso de usoPermiso de usoPermiso de usoPermiso de usoPermiso de usoPermiso de usoPermiso de uso,Cda. Totora,35.0,Tajamar Chico
Santa Lucía,65,Tajamar Chico,340.0,SAN JOSÉ,Otros usos,Turismo/Recreación,-34.35274548472793,-56.72876929263495,Registrada,Nueva,Permiso de uso,Ao. Mallada,239.0,Tajamar Chico
Santa Lucía,60,Tajamar Chico,10000.0,FLORIDA,Otros usos agropecuarios,Abrevadero de ganado,-34.09518499026513,-55.73068376630545,Registrada,Nueva,Permiso de uso,Cda. s/n,15.0,Tajamar Chico
Santa Lucía,60,Tanque Excavado,10000.0,FLORIDA,Otros usos agropecuarios,Abrevadero de ganado,-34.13831775086693,-55.74102636426688,Registrada,Nueva,Permiso de uso,Cda. s/n,30.0,Tanque Excavado
Santa Lucía,60,Represa Grande,10000.0,FLORIDA,Otros usos agropecuarios,Abrevadero de ganado,-34.1323115380266,-55.74129089713097,Registrada,Nueva,Permiso de uso,Cda. s/n,30.0,Represa Grande
Santa Lucía,68,Represa Chica,80000.0,MONTEVIDEO,Riego,Frutales,-34.81095702143811,-56.38090118765832,Registrada,Nueva,Concesión,Cda. s/n,85.0,Represa Chica
Santa Lucía,60,Represa Mediana,1268400.0,LAVALLEJA,Riego,Cereales/Oleaginosas,-34.23973957511532,-55.54116547195008,Registrada,Renovación,Concesión,Cda. Zabaleta,720.0,Represa Mediana
Santa Lucía,67,Reservorio,122000.0,MONTEVIDEO,Riego,Frutales,-34.71416500699892,-56.29864688962698,Registrada,RenovaciónRenovación,Permiso de usoPermiso de uso,Cda. s/n,0.0,Reservorio/Otros
Santa Lucía,61,Represa Mediana,850700.0,FLORIDA,Riego,Cereales/Oleaginosas,-33.95401210743622,-56.32142052054404,Registrada,Nueva,Concesión,Cda. s/n,577.0,Represa Mediana
Santa Lucía,67,Reservorio,14729.0,MONTEVIDEO,Otros usos,Llenado de embalse/tanque,-34.71838044770346,-56.29613634198903,Registrada,NuevaNuevaNuevaNuevaNueva,Permiso de usoPermiso de usoPermiso de usoPermiso de usoPermiso de uso,Cda. s/n,0.0,Reservorio/Otros
Santa Lucía,67,Reservorio,14729.0,MONTEVIDEO,Otros usos,Llenado de embalse/tanque,-34.71838044770346,-56.29613634198903,Registrada,NuevaNuevaNuevaNuevaNueva,Permiso de usoPermiso de usoPermiso de usoPermiso de usoPermiso de uso,Cda. s/n,0.0,Reservorio/Otros
Santa Lucía,67,Reservorio,14729.0,MONTEVIDEO,Otros usos,Llenado de embalse/tanque,-34.71838044770346,-56.29613634198903,Registrada,NuevaNuevaNuevaNuevaNueva,Permiso de usoPermiso de usoPermiso de usoPermiso de usoPermiso de uso,Cda. s/n,0.0,Reservorio/Otros
Santa Lucía,67,Reservorio,14729.0,MONTEVIDEO,Otros usos,Llenado de embalse/tanque,-34.71838044770346,-56.29613634198903,Registrada,NuevaNuevaNuevaNuevaNueva,Permiso de usoPermiso de usoPermiso de usoPermiso de usoPermiso de uso,Cda. s/n,0.0,Reservorio/Otros
Santa Lucía,63,Tajamar Mediano,55813.0,CANELONES,Riego,Hortalizas,-34.49269784623799,-56.23343802836711,Registrada,Nueva,Permiso de uso,Cda. s/n,33.0,Tajamar Mediano
Santa Lucía,65,Represa Chica,311943.0,SAN JOSÉ,Riego,Cereales/Oleaginosas,-34.12729506743216,-56.79416583264788,Registrada,Nueva,Concesión,Cda. s/n,287.0,Represa Chica
Santa Lucía,60,Represa Chica,1620000.0,FLORIDA,Riego,Forraje/Pradera/Semillas,-34.05576462081964,-55.8655482539325,Registrada,Cesión,Concesión,Cda. De La Tapera,424.0,Represa Chica
Santa Lucía,67,Tanque Excavado,23198.66666666667,MONTEVIDEO,Riego,Frutales,-34.76033470346135,-56.2874445696367,Registrada,RenovaciónRenovaciónRenovación,Permiso de usoPermiso de usoPermiso de uso,Cda. s/n,20.0,Tanque Excavado
Santa Lucía,67,Tanque Excavado,23198.66666666667,MONTEVIDEO,Riego,Frutales,-34.76033470346135,-56.2874445696367,Registrada,RenovaciónRenovaciónRenovación,Permiso de usoPermiso de usoPermiso de uso,Cda. s/n,20.0,Tanque Excavado
Santa Lucía,67,Reservorio,23198.66666666667,MONTEVIDEO,Riego,Frutales,-34.76033470346135,-56.2874445696367,Registrada,RenovaciónRenovaciónRenovación,Permiso de usoPermiso de usoPermiso de uso,Cda. s/n,20.0,Reservorio/Otros
Santa Lucía,63,Tajamar Mediano,21000.0,CANELONES,Riego,Hortalizas,-34.53671004358763,-56.17146529139811,Registrada,Renovación,Permiso de uso,Cda. s/n,20.0,Tajamar Mediano
Santa Lucía,68,Tanque Excavado,9600.0,MONTEVIDEO,Riego,Hortalizas,-34.81994138780676,-56.37285234728668,Registrada,Nueva,Permiso de uso,Cda. s/n,,Tanque Excavado
Santa Lucía,67,Tanque Excavado,15000.0,CANELONES,Riego,Frutales,-34.68917468480804,-56.25093296104752,Registrada,Renovación,Permiso de uso,Cda. Del Colorado,13.0,Tanque Excavado
Santa Lucía,63,Tanque Excavado,3549.0,CANELONES,Riego,Hortalizas,-34.46104189007178,-56.07495344811775,Registrada,Nueva,Permiso de uso,Cda. s/n,140.0,Tanque Excavado
Santa Lucía,63,Tajamar Grande,59322.0,CANELONES,Otros usos agropecuarios,Abrevadero de ganado,-34.62147057950028,-56.19461573507569,Registrada,Nueva,Permiso de uso,Cda. s/n,48.2,Tajamar Grande
Santa Lucía,66,Tanque Excavado,900.0,CANELONES,Riego,Hortalizas,-34.60216939514356,-56.40920318674033,Registrada,NuevaNueva,Permiso de usoPermiso de uso,Cda. s/n,,Tanque Excavado
Santa Lucía,60,Tanque Excavado,19993.0,CANELONES,Riego,Hortalizas,-34.34491614670228,-55.73532701020068,Registrada,Nueva,Permiso de uso,Cda. s/n,,Tanque Excavado
Santa Lucía,67,Tajamar Grande,48000.0,MONTEVIDEO,Riego,Frutales,-34.72246408480629,-56.3108691962349,Registrada,Renovación,Permiso de uso,Cda. s/n,40.0,Tajamar Grande
Santa Lucía,68,Tanque Excavado,8400.0,MONTEVIDEO,Riego,Hortalizas,-34.81930526342795,-56.37461068462703,Registrada,Nueva,Permiso de uso,Cda. s/n,,Tanque Excavado
Santa Lucía,63,Tanque Excavado,5200.0,CANELONES,Riego,Hortalizas,-34.61894167265927,-56.13010022417904,Registrada,Nueva,Permiso de uso,Cda. s/n,15.0,Tanque Excavado
Santa Lucía,65,Represa Chica,658232.0,SAN JOSÉ,Riego,Cereales/Oleaginosas,-34.46296391249713,-56.57267242626404,Registrada,Nueva,Concesión,Cda. Del Sauce,237.0,Represa Chica
Santa Lucía,67,Tanque Excavado,12724.0,CANELONES,Riego,Hortalizas,-34.6950020151665,-56.28574043381378,Registrada,Nueva,Permiso de uso,Cda. s/n,,Tanque Excavado
Santa Lucía,63,Tajamar Mediano,24000.0,CANELONES,Riego,Hortalizas,-34.46215909514872,-56.2264490495488,Registrada,Nueva,Permiso de uso,Cda. s/n,,Tajamar Mediano
Santa Lucía,63,Tajamar Mediano,66700.0,CANELONES,Riego,Hortalizas,-34.47156752379581,-56.21728733160126,Registrada,Nueva,Permiso de uso,Cda. s/n,25.0,Tajamar Mediano
Santa Lucía,63,Tanque Excavado,2160.0,CANELONES,Riego,Hortalizas,-34.64026172301174,-56.13649608261031,Registrada,Nueva,Permiso de uso,Cda. s/n,,Tanque Excavado
Santa Lucía,63,Tanque Excavado,3150.0,CANELONES,Riego,Frutales,-34.66961607193461,-56.15096185057292,Registrada,Nueva,Permiso de uso,Cda. s/n,5.0,Tanque Excavado
Santa Lucía,67,Tanque Excavado,6000.0,MONTEVIDEO,Riego,Hortalizas,-34.75089801792335,-56.31842449329269,Registrada,Nueva,Permiso de uso,Cda. s/n,5.0,Tanque Excavado
Santa Lucía,60,Tajamar Chico,1350.0,FLORIDA,Otros usos,Turismo/Recreación,-34.27216514688358,-56.23966888506217,Registrada,Nueva,Permiso de uso,Cda. s/n,7.36,Tajamar Chico
Santa Lucía,63,Tanque Excavado,4000.0,CANELONES,Riego,Hortalizas,-34.54022256922575,-56.15421412512659,Registrada,Renovación,Permiso de uso,Cda. s/n,3.0,Tanque Excavado
Santa Lucía,63,Tanque Excavado,3000.0,CANELONES,Riego,Hortalizas,-34.64877935223092,-56.13402845021892,Registrada,Nueva,Permiso de uso,Cda. s/n,11.0,Tanque Excavado
Santa Lucía,60,Tanque Excavado,14056.0,CANELONES,Riego,Hortalizas,-34.40980773616133,-56.08904454400819,Registrada,Nueva,Permiso de uso,Cda. s/n,17.0,Tanque Excavado
Santa Lucía,63,Tanque Excavado,2500.0,CANELONES,Riego,Hortalizas,-34.48799846880058,-56.1473140463745,Registrada,Nueva,Permiso de uso,Cda. s/n,5.0,Tanque Excavado
Santa Lucía,63,Tanque Excavado,1800.0,CANELONES,Riego,Hortalizas,-34.531596579339,-56.15802286192775,Registrada,Renovación,Permiso de uso,Cda. s/n,8.0,Tanque Excavado
Santa Lucía,63,Tanque Excavado,6250.0,CANELONES,Riego,Hortalizas,-34.49226209169964,-56.15420177600753,Registrada,Renovación,Permiso de uso,Sin nombre,10.0,Tanque Excavado
Santa Lucía,63,Tajamar Chico,10694.0,CANELONES,Riego,Hortalizas,-34.49106462975703,-56.12120300575044,Registrada,Nueva,Permiso de uso,Cda. s/n,15.0,Tajamar Chico
Santa Lucía,63,Tajamar Mediano,36270.0,CANELONES,Riego,Forraje/Pradera/Semillas,-34.60907518483657,-56.2214183807373,Registrada,Nueva,Permiso de uso,Cda. s/n,32.6,Tajamar Mediano
Santa Lucía,67,Tanque Excavado,9100.0,MONTEVIDEO,Riego,Frutales,-34.73296334372497,-56.28002523444594,Registrada,Renovación,Permiso de uso,Cda. s/n,10.0,Tanque Excavado
Santa Lucía,63,Tajamar Chico,15000.0,CANELONES,Riego,Frutales,-34.61575,-56.26349,Registrada,Renovación,Permiso de uso,Cda. s/n,7.5,Tajamar Chico
Santa Lucía,63,Tanque Excavado,5000.0,CANELONES,Riego,Frutales,-34.61513,-56.26699,Registrada,Renovación,Permiso de uso,Cda. s/n,20.0,Tanque Excavado
Santa Lucía,63,Tanque Excavado,5000.0,CANELONES,Riego,Frutales,-34.61576830504143,-56.26741245323501,Registrada,Renovación,Permiso de uso,Cda. s/n,10.0,Tanque Excavado
Santa Lucía,66,Tanque Excavado,5000.0,CANELONES,Riego,Frutales,-34.61824607947578,-56.2728054823674,Registrada,Renovación,Permiso de uso,Cda. s/n,0.0,Tanque Excavado
Santa Lucía,67,Tanque Excavado,2360.0,MONTEVIDEO,Riego,Forraje/Pradera/Semillas,-34.73212534461223,-56.19501426837813,Registrada,NuevaNueva,Permiso de usoPermiso de uso,Cda. s/n,7.0,Tanque Excavado
Santa Lucía,67,Tanque Excavado,2360.0,MONTEVIDEO,Riego,Forraje/Pradera/Semillas,-34.73212534461223,-56.19501426837813,Registrada,NuevaNueva,Permiso de usoPermiso de uso,Cda. s/n,7.0,Tanque Excavado
Santa Lucía,60,Tanque Excavado,742.0,CANELONES,Otros usos agropecuarios,Abrevadero de ganado,-34.36262117167335,-55.69311775278039,Registrada,Nueva,Permiso de uso,Cda. s/n,2.0,Tanque Excavado
Santa Lucía,60,Tanque Excavado,1724.0,CANELONES,Riego,Hortalizas,-34.36354795809013,-55.69311931707489,Registrada,Nueva,Permiso de uso,Cda. s/n,4.0,Tanque Excavado
Santa Lucía,63,Tanque Excavado,2800.0,CANELONES,Riego,Hortalizas,-34.48701105028462,-56.15379931157277,Registrada,Renovación,Permiso de uso,Cañada sin nombre,2.0,Tanque Excavado
Santa Lucía,63,Tanque Excavado,4000.0,CANELONES,Riego,Hortalizas,-34.49950863382583,-56.15019919095997,Registrada,Renovación,Permiso de uso,Cda. s/n,7.0,Tanque Excavado
Santa Lucía,63,Tanque Excavado,4800.0,CANELONES,Riego,Hortalizas,-34.48981387398418,-56.15328387083908,Registrada,Renovación,Permiso de uso,Cda. s/n,2.0,Tanque Excavado
Santa Lucía,63,Tanque Excavado,3236.0,CANELONES,Riego,Frutales,-34.65023785951186,-56.23532921032164,Registrada,RenovaciónRenovaciónRenovaciónRenovaciónRenovación,Permiso de usoPermiso de usoPermiso de usoPermiso de usoPermiso de uso,Cda. s/n,90.0,Tanque Excavado
Santa Lucía,63,Tanque Excavado,3236.0,CANELONES,Riego,Frutales,-34.65023785951186,-56.23532921032164,Registrada,RenovaciónRenovaciónRenovaciónRenovaciónRenovación,Permiso de usoPermiso de usoPermiso de usoPermiso de usoPermiso de uso,Cda. s/n,90.0,Tanque Excavado
Santa Lucía,63,Tanque Excavado,3236.0,CANELONES,Riego,Frutales,-34.65023785951186,-56.23532921032164,Registrada,RenovaciónRenovaciónRenovaciónRenovaciónRenovación,Permiso de usoPermiso de usoPermiso de usoPermiso de usoPermiso de uso,Cda. s/n,90.0,Tanque Excavado
Santa Lucía,63,Tanque Excavado,3236.0,CANELONES,Riego,Frutales,-34.65023785951186,-56.23532921032164,Registrada,RenovaciónRenovaciónRenovaciónRenovaciónRenovación,Permiso de usoPermiso de usoPermiso de usoPermiso de usoPermiso de uso,Cda. s/n,90.0,Tanque Excavado
Santa Lucía,63,Tanque Excavado,3236.0,CANELONES,Riego,Frutales,-34.65023785951186,-56.23532921032164,Registrada,RenovaciónRenovaciónRenovaciónRenovaciónRenovación,Permiso de usoPermiso de usoPermiso de usoPermiso de usoPermiso de uso,Cda. s/n,90.0,Tanque Excavado
Santa Lucía,68,Tanque Excavado,8000.0,MONTEVIDEO,Riego,Hortalizas,-34.82487,-56.37201,Registrada,Renovación,Permiso de uso,Cda. s/n,15.0,Tanque Excavado
Santa Lucía,63,Tanque Excavado,8145.0,CANELONES,Riego,Hortalizas,-34.44808337519482,-56.10629914328456,Registrada,Renovación,Permiso de uso,Cda. s/n,5.0,Tanque Excavado
Santa Lucía,63,Tanque Excavado,4000.0,CANELONES,Otros usos agropecuarios,Abrevadero de ganado,-34.47155,-56.16355,Registrada,Renovación,Permiso de uso,Cda. La Serrana,3.0,Tanque Excavado
Santa Lucía,63,Tanque Excavado,3200.0,CANELONES,Otros usos agropecuarios,Abrevadero de ganado,-34.47175,-56.16403,Registrada,Renovación,Permiso de uso,Cda. La Serrana,3.0,Tanque Excavado
Santa Lucía,63,Tanque Excavado,5000.0,CANELONES,Otros usos agropecuarios,Abrevadero de ganado,-34.70223543548666,-56.14141300298798,Registrada,Renovación,Permiso de uso,Cda. s/n,3.0,Tanque Excavado
Santa Lucía,63,Tanque Excavado,1600.0,CANELONES,Otros usos agropecuarios,Abrevadero de ganado,-34.49527409408617,-56.16079643346893,Registrada,Nueva,Permiso de uso,Cda. s/n,5.0,Tanque Excavado
Santa Lucía,63,Tanque Excavado,4559.0,CANELONES,Riego,Hortalizas,-34.46043986175482,-56.07396751685883,Registrada,Renovación,Permiso de uso,Cda. s/n,10.0,Tanque Excavado
Santa Lucía,63,Tanque Excavado,25332.0,CANELONES,Riego,Frutales,-34.61369979408968,-56.13353276392445,Registrada,Renovación,Permiso de uso,Cda. s/n,15.0,Tanque Excavado
Santa Lucía,63,Tanque Excavado,7957.0,CANELONES,Riego,Frutales,-34.61366387376744,-56.13279081119138,Registrada,Renovación,Permiso de uso,Cda. s/n,15.0,Tanque Excavado
Santa Lucía,63,Tanque Excavado,3212.0,CANELONES,Riego,Frutales,-34.61401395165409,-56.13212741922325,Registrada,Nueva,Permiso de uso,Cda. s/n,15.0,Tanque Excavado
Santa Lucía,63,Tajamar Mediano,20326.0,CANELONES,Riego,Hortalizas,-34.51265057780898,-56.18680313207732,Registrada,Renovación,Permiso de uso,Cda. s/n,8.0,Tajamar Mediano
Santa Lucía,68,Tanque Excavado,9000.0,MONTEVIDEO,Riego,Hortalizas,-34.80647150422131,-56.31126176917787,Registrada,RenovaciónRenovaciónRenovaciónRenovaciónRenovación,Permiso de usoPermiso de usoPermiso de usoPermiso de usoPermiso de uso,Cda. s/n,70.0,Tanque Excavado
Santa Lucía,68,Tanque Excavado,9000.0,MONTEVIDEO,Riego,Hortalizas,-34.80647150422131,-56.31126176917787,Registrada,RenovaciónRenovaciónRenovaciónRenovaciónRenovación,Permiso de usoPermiso de usoPermiso de usoPermiso de usoPermiso de uso,Cda. s/n,70.0,Tanque Excavado
Santa Lucía,68,Tanque Excavado,9000.0,MONTEVIDEO,Riego,Hortalizas,-34.80647150422131,-56.31126176917787,Registrada,RenovaciónRenovaciónRenovaciónRenovaciónRenovación,Permiso de usoPermiso de usoPermiso de usoPermiso de usoPermiso de uso,Cda. s/n,70.0,Tanque Excavado
Santa Lucía,68,Tanque Excavado,9000.0,MONTEVIDEO,Riego,Hortalizas,-34.80647150422131,-56.31126176917787,Registrada,RenovaciónRenovaciónRenovaciónRenovaciónRenovación,Permiso de usoPermiso de usoPermiso de usoPermiso de usoPermiso de uso,Cda. s/n,70.0,Tanque Excavado
Santa Lucía,68,Tanque Excavado,9000.0,MONTEVIDEO,Riego,Hortalizas,-34.80647150422131,-56.31126176917787,Registrada,RenovaciónRenovaciónRenovaciónRenovaciónRenovación,Permiso de usoPermiso de usoPermiso de usoPermiso de usoPermiso de uso,Cda. s/n,70.0,Tanque Excavado
Santa Lucía,68,Tanque Excavado,9000.0,MONTEVIDEO,Riego,Hortalizas,-34.81495391946243,-56.35417297460662,Registrada,Renovación,Permiso de uso,Cda. s/n,10.0,Tanque Excavado
Santa Lucía,60,Tajamar Grande,29244.0,LAVALLEJA,Industrial,Otros,-34.37796450592879,-55.27957588477875,Registrada,Renovación,Permiso de uso,Cda. s/n,73.36,Tajamar Grande
Santa Lucía,66,Tanque Excavado,12000.0,CANELONES,Riego,Frutales,-34.62038312384166,-56.36447265678725,Registrada,Nueva,Permiso de uso,Cda. De La Quinta,15.0,Tanque Excavado
Santa Lucía,60,Tanque Excavado,1000.0,CANELONES,Otros usos agropecuarios,Abrevadero de ganado,-34.41427382599804,-56.10176481317465,Registrada,Nueva,Permiso de uso,Cda. s/n,4.0,Tanque Excavado
Santa Lucía,63,Tanque Excavado,3500.0,CANELONES,Otros usos agropecuarios,Abrevadero de ganado,-34.54809962367737,-56.30796745397675,Registrada,Renovación,Permiso de uso,Cda. De Echevarría,4.0,Tanque Excavado
Santa Lucía,60,Tanque Excavado,5280.0,CANELONES,Otros usos agropecuarios,Abrevadero de ganado,-34.38730934386163,-56.04824222613388,Registrada,Nueva,Permiso de uso,Cda. s/n,1.0,Tanque Excavado
Santa Lucía,60,Represa Mediana,755280.0,LAVALLEJA,Riego,Cereales/Oleaginosas,-34.11708674572309,-55.32292664138368,Registrada,Renovación,Concesión,Cda. s/n,887.0,Represa Mediana
Santa Lucía,60,Represa Chica,174000.0,CANELONES,Riego,Cereales/Oleaginosas,-34.37047962131076,-55.67963898269227,Registrada,Renovación,Permiso de uso,Cda. s/n,137.0,Represa Chica
Santa Lucía,60,Tajamar Chico,15997.0,CANELONES,Riego,Hortalizas,-34.37403,-56.06373,Registrada,Renovación,Permiso de uso,Cda. s/n,5.0,Tajamar Chico
Santa Lucía,66,Tanque Excavado,11160.0,CANELONES,Riego,Frutales,-34.63956292102385,-56.38141304210877,Registrada,Nueva,Permiso de uso,Cda. De La Quinta,100.0,Tanque Excavado
Santa Lucía,66,Tanque Excavado,12188.0,CANELONES,Riego,Frutales,-34.64008114310878,-56.38136699773894,Registrada,Nueva,Permiso de uso,Cda. De La Quinta,50.0,Tanque Excavado
Santa Lucía,60,Tanque Excavado,3600.0,CANELONES,Riego,Hortalizas,-34.37300048441257,-56.03162761777638,Registrada,Renovación,Permiso de uso,Cda. s/n,4.0,Tanque Excavado
Santa Lucía,68,Tanque Excavado,8400.0,MONTEVIDEO,Riego,Frutales,-34.80446541128286,-56.30835369251145,Registrada,Nueva,Permiso de uso,Cda. s/n,5.0,Tanque Excavado
Santa Lucía,60,Tanque Excavado,80000.0,CANELONES,Riego,Hortalizas,-34.44797156545719,-56.23278743301844,Registrada,Nueva,Permiso de uso,Cda. s/n,,Tanque Excavado
Santa Lucía,68,Tanque Excavado,10000.0,MONTEVIDEO,Riego,Hortalizas,-34.84098736675703,-56.35677650505387,Registrada,Nueva,Permiso de uso,Cda. s/n,,Tanque Excavado
Santa Lucía,67,Tanque Excavado,26350.0,MONTEVIDEO,Riego,Frutales,-34.74787728073023,-56.30095794731459,Registrada,Nueva,Permiso de uso,Cda. Del Juncal,125.0,Tanque Excavado
Santa Lucía,60,Tanque Excavado,10922.0,CANELONES,Riego,Hortalizas,-34.42281755191247,-56.03933013964706,Registrada,Nueva,Permiso de uso,Cda. s/n,,Tanque Excavado
Santa Lucía,67,Tanque Excavado,2610.0,CANELONES,Riego,Frutales,-34.6902965155205,-56.2798815939459,Registrada,Nueva,Permiso de uso,Cda. s/n,5.0,Tanque Excavado
Santa Lucía,63,Tanque Excavado,3560.0,CANELONES,Riego,Hortalizas,-34.54938647384347,-56.09888702674652,Registrada,Renovación,Permiso de uso,Cda. s/n,9.0,Tanque Excavado
Santa Lucía,63,Tanque Excavado,3560.0,CANELONES,Riego,Hortalizas,-34.55035003413827,-56.09866932012665,Registrada,Nueva,Permiso de uso,Cda. s/n,9.0,Tanque Excavado
Santa Lucía,60,Tajamar Mediano,9900.0,LAVALLEJA,Riego,Sistema de riego,-34.28088383821286,-55.45601037969686,Registrada,NuevaNueva,Permiso de usoPermiso de uso,Río Santa Lucía,36.0,Tajamar Mediano
Santa Lucía,60,Reservorio,9900.0,LAVALLEJA,Riego,Sistema de riego,-34.28088383821286,-55.45601037969686,Registrada,NuevaNueva,Permiso de usoPermiso de uso,Río Santa Lucía,36.0,Reservorio/Otros
Santa Lucía,63,Tanque Excavado,8000.0,CANELONES,Riego,Frutales,-34.57987035655945,-56.20119720741059,Registrada,Renovación,Permiso de uso,Cda. s/n,9.0,Tanque Excavado
Santa Lucía,63,Tanque Excavado,4000.0,CANELONES,Riego,Hortalizas,-34.64883709605378,-56.10781028888595,Registrada,Renovación,Permiso de uso,Cda. s/n,4.0,Tanque Excavado
Santa Lucía,63,Tanque Excavado,2260.0,CANELONES,Riego,Hortalizas,-34.51302,-56.14729,Registrada,Renovación,Permiso de uso,Vía de drenaje no permanente,2.5,Tanque Excavado
Santa Lucía,63,Tanque Excavado,4500.0,CANELONES,Riego,Frutales,-34.57460012535761,-56.25608123827988,Registrada,Nueva,Permiso de uso,Cda. s/n,15.0,Tanque Excavado
Santa Lucía,60,Tajamar Grande,35000.0,CANELONES,Otros usos agropecuarios,Abrevadero de ganado,-34.4278331343405,-56.12406767613673,Registrada,Nueva,Permiso de uso,Cda. s/n,36.0,Tajamar Grande
Santa Lucía,60,Tajamar Grande,30000.0,CANELONES,Otros usos agropecuarios,Abrevadero de ganado,-34.42304455382558,-56.12502190821372,Registrada,Nueva,Permiso de uso,Cda. s/n,14.0,Tajamar Grande
Santa Lucía,63,Tajamar Grande,85000.0,CANELONES,Otros usos agropecuarios,Abrevadero de ganado,-34.43064528094294,-56.11836947027103,Registrada,Nueva,Permiso de uso,Cda. s/n,45.0,Tajamar Grande
Santa Lucía,66,Tanque Excavado,7176.0,CANELONES,Riego,Hortalizas,-34.63077711449307,-56.36271156381553,Registrada,Nueva,Permiso de uso,Cda. s/n,15.0,Tanque Excavado
Santa Lucía,66,Tanque Excavado,7235.0,CANELONES,Riego,Hortalizas,-34.63181311315506,-56.36308506152999,Registrada,Nueva,Permiso de uso,Cda. s/n,10.0,Tanque Excavado
Santa Lucía,68,Tanque Excavado,7300.0,MONTEVIDEO,Riego,Frutales,-34.77150752230154,-56.30862429889091,Registrada,Nueva,Permiso de uso,Cda. s/n,32.0,Tanque Excavado
Santa Lucía,60,Represa Chica,837500.0,FLORIDA,Riego,Cereales/Oleaginosas,-34.11151882195218,-55.74979126540712,Registrada,NuevaNueva,ConcesiónConcesión,Cda. s/n,144.0,Represa Chica
Santa Lucía,60,Tajamar Mediano,2628.0,FLORIDA,Otros usos agropecuarios,Abrevadero de ganado,-34.33860134973011,-56.28476068326088,Registrada,Nueva,Permiso de uso,Cda. s/n,30.0,Tajamar Mediano
Santa Lucía,63,Tanque Excavado,6600.0,CANELONES,Riego,Frutales,-34.60014442696054,-56.13859096517309,Registrada,Renovación,Permiso de uso,Cda. s/n,8.0,Tanque Excavado
Santa Lucía,63,Tanque Excavado,3860.0,CANELONES,Riego,Frutales,-34.60053249344338,-56.13842901728507,Registrada,Renovación,Permiso de uso,Cda. s/n,8.0,Tanque Excavado
Santa Lucía,63,Tanque Excavado,5475.0,CANELONES,Riego,Hortalizas,-34.55812,-56.12544,Registrada,Renovación,Permiso de uso,Cda. Valenzuela,6.0,Tanque Excavado
Santa Lucía,63,Tajamar Mediano,8400.0,CANELONES,Riego,Hortalizas,-34.65281462918458,-56.13313034198654,Registrada,Nueva,Permiso de uso,Cda. s/n,6.6,Tajamar Mediano
Santa Lucía,63,Tanque Excavado,5100.0,CANELONES,Riego,Frutales,-34.57551278228406,-56.25785663745773,Registrada,Nueva,Permiso de uso,Cda. s/n,15.0,Tanque Excavado
Santa Lucía,63,Tanque Excavado,514.0,CANELONES,Riego,Hortalizas,-34.56548,-56.10605,Registrada,Renovación,Permiso de uso,Cda. s/n,9.0,Tanque Excavado
Santa Lucía,63,Tanque Excavado,1759.0,CANELONES,Riego,Hortalizas,-34.56563,-56.10583,Registrada,Renovación,Permiso de uso,Cda. s/n,9.0,Tanque Excavado
Santa Lucía,63,Tanque Excavado,5697.0,CANELONES,Riego,Hortalizas,-34.56559,-56.10608,Registrada,Renovación,Permiso de uso,Cda. s/n,9.0,Tanque Excavado
Santa Lucía,63,Tanque Excavado,298.0,CANELONES,Riego,Hortalizas,-34.56541244726403,-56.10603645422089,Registrada,Renovación,Permiso de uso,Cda. s/n,9.0,Tanque Excavado
Santa Lucía,63,Tanque Excavado,15840.0,CANELONES,Riego,Frutales,-34.67664052744598,-56.15171268560515,Registrada,Nueva,Permiso de uso,Cda. s/n,10.0,Tanque Excavado
Santa Lucía,66,Tanque Excavado,30000.0,CANELONES,Riego,Frutales,-34.6174435610577,-56.32283234735949,Registrada,Renovación,Permiso de uso,Cda. s/n,70.0,Tanque Excavado
Santa Lucía,63,Tanque Excavado,2000.0,CANELONES,Riego,Hortalizas,-34.55298936557915,-56.11491836618369,Registrada,Nueva,Permiso de uso,Cda. s/n,8.0,Tanque Excavado
Santa Lucía,63,Tanque Excavado,3500.0,CANELONES,Riego,Hortalizas,-34.65457413751038,-56.11079771066214,Registrada,Nueva,Permiso de uso,Cda. s/n,4.0,Tanque Excavado
Santa Lucía,60,Represa Chica,114.0,FLORIDA,Otros usos agropecuarios,Abrevadero de ganado,-34.15090347093476,-55.91729878562286,Registrada,Nueva,Permiso de uso,Cda. s/n,727.0,Represa Chica
Santa Lucía,66,Tanque Excavado,3000.0,CANELONES,Riego,Frutales,-34.63944269184852,-56.31760452085616,Registrada,Nueva,Permiso de uso,Cda. s/n,25.0,Tanque Excavado
Santa Lucía,63,Tajamar Chico,456.0,CANELONES,Otros usos agropecuarios,Abrevadero de ganado,-34.70316930166019,-56.11069239339251,Registrada,Nueva,Permiso de uso,Cda. s/n,48.6,Tajamar Chico
Santa Lucía,63,Tanque Excavado,6000.0,CANELONES,Riego,Hortalizas,-34.56953205603956,-56.12242314662257,Registrada,NuevaNueva,Permiso de usoPermiso de uso,Cda. s/n,10.0,Tanque Excavado
Santa Lucía,66,Tanque Excavado,16200.0,CANELONES,Riego,Frutales,-34.62273800702487,-56.32560107856989,Registrada,Renovación,Permiso de uso,Cda. s/n,55.0,Tanque Excavado
Santa Lucía,66,Tanque Excavado,16000.0,CANELONES,Riego,Frutales,-34.64743115992353,-56.32109954975022,Registrada,Renovación,Permiso de uso,Cda. s/n,30.0,Tanque Excavado
Santa Lucía,60,Tanque Excavado,11200.0,CANELONES,Riego,Hortalizas,-34.40750640040226,-56.08647246665308,Registrada,Renovación,Permiso de uso,Ao. Del Tala,12.0,Tanque Excavado
Santa Lucía,63,Tanque Excavado,4979.0,CANELONES,Riego,Hortalizas,-34.55786,-56.25206,Registrada,Renovación,Permiso de uso,Cda. s/n,10.0,Tanque Excavado
Santa Lucía,63,Tanque Excavado,5221.5,CANELONES,Riego,Hortalizas,-34.64525196724797,-56.12988129258157,Registrada,RenovaciónRenovación,Permiso de usoPermiso de uso,Cda. s/n,12.0,Tanque Excavado
Santa Lucía,63,Tanque Excavado,5221.5,CANELONES,Riego,Hortalizas,-34.64525196724797,-56.12988129258157,Registrada,RenovaciónRenovación,Permiso de usoPermiso de uso,Cda. s/n,12.0,Tanque Excavado
Santa Lucía,60,Tajamar Grande,110000.0,FLORIDA,Otros usos agropecuarios,Abrevadero de ganado,-33.88365593851277,-55.48113338649274,Registrada,Nueva,Permiso de uso,Cda. s/n,45.0,Tajamar Grande
Santa Lucía,60,Represa Chica,270.0,CANELONES,Otros usos,Turismo/Recreación,-34.40110416530683,-56.26245515690243,Registrada,Nueva,Permiso de uso,Cda. s/n,220.0,Represa Chica
Santa Lucía,63,Tajamar Mediano,35000.0,CANELONES,Riego,Frutales,-34.62613850336934,-56.20127197355032,Registrada,Nueva,Permiso de uso,Cda. s/n,21.0,Tajamar Mediano
Santa Lucía,67,Tanque Excavado,4500.0,MONTEVIDEO,Riego,Hortalizas,-34.75221852689067,-56.20024591495462,Registrada,Nueva,Permiso de uso,Cda. s/n,24.0,Tanque Excavado
Santa Lucía,68,Tanque Excavado,2770.0,MONTEVIDEO,Riego,Hortalizas,-34.81407882720804,-56.37414238038652,Registrada,NuevaNueva,Permiso de usoPermiso de uso,Cda. s/n,,Tanque Excavado
Santa Lucía,68,Tanque Excavado,2770.0,MONTEVIDEO,Riego,Hortalizas,-34.81407882720804,-56.37414238038652,Registrada,NuevaNueva,Permiso de usoPermiso de uso,Cda. s/n,,Tanque Excavado
Santa Lucía,63,Tanque Excavado,14551.0,CANELONES,Riego,Hortalizas,-34.42928,-56.13603,Registrada,Renovación,Permiso de uso,Cda. s/n,18.0,Tanque Excavado
Santa Lucía,63,Tanque Excavado,9000.0,CANELONES,Riego,Frutales,-34.58642,-56.21092,Registrada,Renovación,Permiso de uso,Cda. s/n,5.0,Tanque Excavado
Santa Lucía,63,Tanque Excavado,9750.0,CANELONES,Riego,Frutales,-34.68126307957332,-56.14267107099295,Registrada,Renovación,Permiso de uso,Cda. s/n,5.0,Tanque Excavado
Santa Lucía,60,Tanque Excavado,43000.0,CANELONES,Otros usos,Turismo/Recreación,-34.35631793488552,-55.71225973273555,Registrada,Nueva,Permiso de uso,Cda. s/n,20.0,Tanque Excavado
Santa Lucía,63,Tanque Excavado,5000.0,CANELONES,Riego,Hortalizas,-34.61729185988825,-56.13241430372,Registrada,Renovación,Permiso de uso,Cda. s/n,8.0,Tanque Excavado
Santa Lucía,61,Tajamar Grande,77000.0,FLORIDA,Otros usos,Turismo/Recreación,-33.76233670653766,-55.86576320648784,Registrada,Nueva,Permiso de uso,Cda. s/n,91.0,Tajamar Grande
Santa Lucía,60,Tajamar Grande,2700.0,LAVALLEJA,Otros usos agropecuarios,Abrevadero de ganado,-34.1161964725646,-55.40680401027202,Registrada,Nueva,Permiso de uso,Cda. s/n,160.0,Tajamar Grande
Santa Lucía,61,Tajamar Mediano,30000.0,FLORIDA,Riego,Forraje/Pradera/Semillas,-34.06765593469622,-56.23908039182424,Registrada,Nueva,Permiso de uso,Cda. s/n,28.0,Tajamar Mediano
Santa Lucía,63,Tanque Excavado,7740.0,CANELONES,Riego,Hortalizas,-34.69533917197755,-56.15384339354932,Registrada,NuevaNueva,Permiso de usoPermiso de uso,Cda. s/n,4.0,Tanque Excavado
Santa Lucía,61,Tajamar Grande,8213.0,FLORIDA,Otros usos agropecuarios,Abrevadero de ganado,-34.16353346811356,-56.35349269956349,Registrada,Nueva,Permiso de uso,Cda. s/n,110.0,Tajamar Grande
Santa Lucía,63,Tanque Excavado,3000.0,CANELONES,Riego,Hortalizas,-34.49145099692829,-56.17035029456019,Registrada,Nueva,Permiso de uso,Cda. s/n,96.0,Tanque Excavado
Santa Lucía,60,Represa Chica,100.0,CANELONES,Otros usos agropecuarios,Abrevadero de ganado,-34.40608734796852,-56.08518500598881,Registrada,Nueva,Permiso de uso,Cda. s/n,,Represa Chica
Santa Lucía,61,Tajamar Grande,25496.0,FLORIDA,Otros usos agropecuarios,Abrevadero de ganado,-33.88066588908633,-56.27737922315386,Registrada,Nueva,Permiso de uso,Cda. s/n,54.0,Tajamar Grande
Santa Lucía,67,Tanque Excavado,12000.0,CANELONES,Riego,Frutales,-34.67541388174368,-56.29170280677498,Registrada,Renovación,Permiso de uso,Cda. s/n,6.0,Tanque Excavado
Santa Lucía,63,Tanque Excavado,4850.0,CANELONES,Riego,Frutales,-34.68444867730542,-56.13238904261041,Registrada,Renovación,Permiso de uso,Cda. s/n,2.0,Tanque Excavado
Santa Lucía,63,Tanque Excavado,12133.0,CANELONES,Riego,Hortalizas,-34.68244410565332,-56.13873125659421,Registrada,Renovación,Permiso de uso,Cda. s/n,5.0,Tanque Excavado
Santa Lucía,60,Tajamar Grande,108600.0,LAVALLEJA,Otros usos agropecuarios,Abrevadero de ganado,-34.2548806911708,-55.47310352312344,Registrada,Nueva,Permiso de uso,Cañada,48.0,Tajamar Grande
Santa Lucía,60,Tajamar Grande,38709.0,FLORIDA,Otros usos agropecuarios,Abrevadero de ganado,-34.19035999999999,-55.71820000000001,Registrada,NuevaNueva,Permiso de usoPermiso de uso,Cda. s/n,154.0,Tajamar Grande
Santa Lucía,60,Tajamar Grande,38709.0,FLORIDA,Otros usos agropecuarios,Abrevadero de ganado,-34.19035999999999,-55.71820000000001,Registrada,NuevaNueva,Permiso de usoPermiso de uso,Cda. s/n,154.0,Tajamar Grande
Santa Lucía,63,Tanque Excavado,3034.0,CANELONES,Riego,Hortalizas,-34.55574886579095,-56.12208126112819,Registrada,Renovación,Permiso de uso,Cda. s/n,13.0,Tanque Excavado
Santa Lucía,60,Tajamar Chico,1630.5,LAVALLEJA,Otros usos agropecuarios,Abrevadero de ganado,-34.2775,-55.28040000000001,Registrada,NuevaNueva,Permiso de usoPermiso de uso,Cda. s/n,11.0,Tajamar Chico
Santa Lucía,60,Tajamar Chico,1630.5,LAVALLEJA,Otros usos agropecuarios,Abrevadero de ganado,-34.2775,-55.28040000000001,Registrada,NuevaNueva,Permiso de usoPermiso de uso,Cda. s/n,11.0,Tajamar Chico
Santa Lucía,63,Tanque Excavado,9600.0,CANELONES,Riego,Frutales,-34.68752988457345,-56.138270907104,Registrada,Nueva,Permiso de uso,Ao. Canelón Chico,1000.0,Tanque Excavado
Santa Lucía,63,Tajamar Mediano,17345.0,CANELONES,Riego,Frutales,-34.56450046119848,-56.28275714814662,Registrada,Nueva,Permiso de uso,Cañada,19.1,Tajamar Mediano
Santa Lucía,60,Tajamar Mediano,10900.0,LAVALLEJA,Otros usos,Turismo/Recreación,-34.49735653008253,-55.1661729812622,Registrada,Nueva,Permiso de uso,,5.5,Tajamar Mediano
Santa Lucía,63,Tajamar Grande,112589.0,CANELONES,Otros usos,Turismo/Recreación,-34.58828396153912,-56.17713779211044,Registrada,Nueva,Permiso de uso,Cda. s/n,82.0,Tajamar Grande
Santa Lucía,63,Tanque Excavado,6240.0,CANELONES,Otros usos,Turismo/Recreación,-34.59593810948653,-56.14167988278496,Registrada,Nueva,Permiso de uso,,18.0,Tanque Excavado
Santa Lucía,63,Tajamar Chico,5400.0,CANELONES,Otros usos,Turismo/Recreación,-34.59891600487445,-56.13912820641417,Registrada,Nueva,Permiso de uso,Cda. s/n,20.0,Tajamar Chico
Santa Lucía,63,Tajamar Mediano,18480.0,CANELONES,Riego,Hortalizas,-34.60047721725472,-56.17862105369569,Registrada,Nueva,Permiso de uso,Cañada,19.3,Tajamar Mediano
Santa Lucía,60,Tajamar Grande,3650.0,LAVALLEJA,Otros usos agropecuarios,Abrevadero de ganado,-34.16738265534537,-55.40590579487252,Registrada,Nueva,Permiso de uso,Ao. Lenguazo Chico,127.9,Tajamar Grande
Santa Lucía,63,Tanque Excavado,880.0,CANELONES,Otros usos agropecuarios,Abrevadero de ganado,-34.58148659946671,-56.15537551936102,Registrada,Nueva,Permiso de uso,,1.2,Tanque Excavado
Santa Lucía,63,Tanque Excavado,7468.5,CANELONES,Riego,Hortalizas,-34.69101152892735,-56.13694354891776,Registrada,NuevaNueva,Permiso de usoPermiso de uso,Cda. s/n,30.0,Tanque Excavado
Santa Lucía,63,Tanque Excavado,7468.5,CANELONES,Riego,Hortalizas,-34.69101152892735,-56.13694354891776,Registrada,NuevaNueva,Permiso de usoPermiso de uso,Cda. s/n,30.0,Tanque Excavado
Santa Lucía,63,Tanque Excavado,367.0,CANELONES,Otros usos agropecuarios,Abrevadero de ganado,-34.58296660188669,-56.15488350391388,Registrada,Nueva,Permiso de uso,Cda. s/n,2.0,Tanque Excavado
Santa Lucía,63,Tanque Excavado,2821.0,CANELONES,Riego,Forraje/Pradera/Semillas,-34.70976024683272,-56.14106526598334,Registrada,Nueva,Permiso de uso,Cda. s/n,1.0,Tanque Excavado
Santa Lucía,63,Tanque Excavado,5642.0,CANELONES,Riego,Hortalizas,-34.70206136489692,-56.11513524889907,Registrada,Nueva,Permiso de uso,Cda. s/n,20.0,Tanque Excavado
Santa Lucía,63,Tanque Excavado,3140.0,CANELONES,Otros usos agropecuarios,Abrevadero de ganado,-34.7055827133151,-56.12461209209869,Registrada,NuevaNueva,Permiso de usoPermiso de uso,Cda. s/n,10.0,Tanque Excavado
Santa Lucía,63,Tanque Excavado,3140.0,CANELONES,Otros usos agropecuarios,Abrevadero de ganado,-34.7055827133151,-56.12461209209869,Registrada,NuevaNueva,Permiso de usoPermiso de uso,Cda. s/n,10.0,Tanque Excavado
Santa Lucía,63,Tanque Excavado,13758.0,CANELONES,Riego,Hortalizas,-34.69737149769244,-56.14219915936701,Registrada,Nueva,Permiso de uso,Ao. Canelón Chico,320.0,Tanque Excavado
Santa Lucía,63,Reservorio,27225.0,CANELONES,Riego,Frutales,-34.6610971853484,-56.19254770892439,Registrada,NuevaNueva,Permiso de usoPermiso de uso,Cda. s/n,,Reservorio/Otros
Santa Lucía,63,Reservorio,80833.875,CANELONES,Riego,Frutales,-34.68402149881836,-56.16073645509981,Registrada,RenovaciónRenovaciónRenovaciónRenovaciónRenovaciónRenovaciónRenovaciónRenovaciónRenovación,Permiso de usoPermiso de usoPermiso de usoPermiso de usoPermiso de usoPermiso de usoPermiso de usoPermiso de usoPermiso de uso,Cda. s/n,0.0,Reservorio/Otros
Santa Lucía,63,Reservorio,80833.875,CANELONES,Riego,Frutales,-34.68402149881836,-56.16073645509981,Registrada,RenovaciónRenovaciónRenovaciónRenovaciónRenovaciónRenovaciónRenovaciónRenovaciónRenovación,Permiso de usoPermiso de usoPermiso de usoPermiso de usoPermiso de usoPermiso de usoPermiso de usoPermiso de usoPermiso de uso,Cda. s/n,0.0,Reservorio/Otros
Santa Lucía,63,Reservorio,80833.875,CANELONES,Riego,Frutales,-34.68402149881836,-56.16073645509981,Registrada,RenovaciónRenovaciónRenovaciónRenovaciónRenovaciónRenovaciónRenovaciónRenovaciónRenovación,Permiso de usoPermiso de usoPermiso de usoPermiso de usoPermiso de usoPermiso de usoPermiso de usoPermiso de usoPermiso de uso,Cda. s/n,0.0,Reservorio/Otros
Santa Lucía,63,Reservorio,80833.875,CANELONES,Riego,Frutales,-34.68402149881836,-56.16073645509981,Registrada,RenovaciónRenovaciónRenovaciónRenovaciónRenovaciónRenovaciónRenovaciónRenovaciónRenovación,Permiso de usoPermiso de usoPermiso de usoPermiso de usoPermiso de usoPermiso de usoPermiso de usoPermiso de usoPermiso de uso,Cda. s/n,0.0,Reservorio/Otros
Santa Lucía,63,Reservorio,80833.875,CANELONES,Riego,Frutales,-34.68402149881836,-56.16073645509981,Registrada,RenovaciónRenovaciónRenovaciónRenovaciónRenovaciónRenovaciónRenovaciónRenovaciónRenovación,Permiso de usoPermiso de usoPermiso de usoPermiso de usoPermiso de usoPermiso de usoPermiso de usoPermiso de usoPermiso de uso,Cda. s/n,0.0,Reservorio/Otros
Santa Lucía,63,Reservorio,80833.875,CANELONES,Riego,Frutales,-34.68402149881836,-56.16073645509981,Registrada,RenovaciónRenovaciónRenovaciónRenovaciónRenovaciónRenovaciónRenovaciónRenovaciónRenovación,Permiso de usoPermiso de usoPermiso de usoPermiso de usoPermiso de usoPermiso de usoPermiso de usoPermiso de usoPermiso de uso,Cda. s/n,0.0,Reservorio/Otros
Santa Lucía,63,Reservorio,80833.875,CANELONES,Riego,Frutales,-34.68402149881836,-56.16073645509981,Registrada,RenovaciónRenovaciónRenovaciónRenovaciónRenovaciónRenovaciónRenovaciónRenovaciónRenovación,Permiso de usoPermiso de usoPermiso de usoPermiso de usoPermiso de usoPermiso de usoPermiso de usoPermiso de usoPermiso de uso,Cda. s/n,0.0,Reservorio/Otros
Santa Lucía,63,Reservorio,80833.875,CANELONES,Riego,Frutales,-34.68402149881836,-56.16073645509981,Registrada,RenovaciónRenovaciónRenovaciónRenovaciónRenovaciónRenovaciónRenovaciónRenovaciónRenovación,Permiso de usoPermiso de usoPermiso de usoPermiso de usoPermiso de usoPermiso de usoPermiso de usoPermiso de usoPermiso de uso,Cda. s/n,0.0,Reservorio/Otros
Santa Lucía,67,Tanque Excavado,6500.0,MONTEVIDEO,Riego,Frutales,-34.77312847794087,-56.04205727533554,Registrada,Nueva,Permiso de uso,Cañada,21.0,Tanque Excavado
Santa Lucía,60,Tanque Excavado,20000.0,CANELONES,Riego,Hortalizas,-34.40754477160506,-55.68372686334786,Registrada,Nueva,Permiso de uso,Cañada,57.0,Tanque Excavado
Santa Lucía,65,Tajamar Grande,0.0,FLORES,Otros usos agropecuarios,Abrevadero de ganado,-33.92054537635332,-56.81611776351927,Registrada,Nueva,Permiso de uso,Cda. s/n,249.0,Tajamar Grande
Santa Lucía,66,Tanque Excavado,18000.0,CANELONES,Riego,Frutales,-34.64498684162484,-56.27850079676136,Registrada,Renovación,Permiso de uso,Cda. s/n,90.0,Tanque Excavado
Santa Lucía,60,Tajamar Grande,88000.0,CANELONES,Otros usos,Turismo/Recreación,-34.22888417392129,-55.69612812966441,Registrada,Nueva,Permiso de uso,Cañada,84.0,Tajamar Grande
Santa Lucía,63,Tanque Excavado,1831.0,CANELONES,Riego,Hortalizas,-34.70965597256535,-56.15549493280072,Registrada,Nueva,Permiso de uso,Cañada,2.0,Tanque Excavado
Santa Lucía,60,Represa Grande,18796.0,CANELONES,Riego,Hortalizas,-34.39644030072944,-55.97965478897095,Registrada,Nueva,Permiso de uso,Ao. Colorado Grande,45.0,Represa Grande
Santa Lucía,63,Tanque Excavado,17783.0,CANELONES,Riego,Hortalizas,-34.69749439784083,-56.14091724157334,Registrada,Nueva,Permiso de uso,Cañada,340.0,Tanque Excavado
Santa Lucía,63,Tanque Excavado,1126.25,CANELONES,Otros usos agropecuarios,Abrevadero de ganado,-34.5394547490685,-56.10301315784454,Registrada,NuevaNuevaNuevaNueva,Permiso de usoPermiso de usoPermiso de usoPermiso de uso,Cda. s/n,40.0,Tanque Excavado
Santa Lucía,63,Tanque Excavado,1126.25,CANELONES,Otros usos agropecuarios,Abrevadero de ganado,-34.5394547490685,-56.10301315784454,Registrada,NuevaNuevaNuevaNueva,Permiso de usoPermiso de usoPermiso de usoPermiso de uso,Cda. s/n,40.0,Tanque Excavado
Santa Lucía,63,Tanque Excavado,1126.25,CANELONES,Otros usos agropecuarios,Abrevadero de ganado,-34.5394547490685,-56.10301315784454,Registrada,NuevaNuevaNuevaNueva,Permiso de usoPermiso de usoPermiso de usoPermiso de uso,Cda. s/n,40.0,Tanque Excavado
Santa Lucía,63,Tanque Excavado,1126.25,CANELONES,Otros usos agropecuarios,Abrevadero de ganado,-34.5394547490685,-56.10301315784454,Registrada,NuevaNuevaNuevaNueva,Permiso de usoPermiso de usoPermiso de usoPermiso de uso,Cda. s/n,40.0,Tanque Excavado
Santa Lucía,67,Tanque Excavado,5310.0,MONTEVIDEO,Riego,Frutales,-34.71908175574943,-56.30272805824662,Registrada,NuevaNueva,Permiso de usoPermiso de uso,Cda. Del Dragón,,Tanque Excavado
Santa Lucía,60,Tajamar Mediano,30000.0,FLORIDA,Otros usos agropecuarios,Abrevadero de ganado,-34.10549924954483,-56.10834932294528,Registrada,Nueva,Permiso de uso,Cañada,47.0,Tajamar Mediano
Santa Lucía,60,Tajamar Chico,3376.0,CANELONES,Otros usos agropecuarios,Abrevadero de ganado,-34.23861954697975,-55.76252561062574,Registrada,Nueva,Permiso de uso,Cda. s/n,29.0,Tajamar Chico
Santa Lucía,65,Tajamar Mediano,105335.0,SAN JOSÉ,Otros usos agropecuarios,Abrevadero de ganado,-33.99356609919307,-56.81636452674866,Registrada,NuevaNueva,Permiso de usoPermiso de uso,Ao. Juan Esteban,995.0,Tajamar Mediano
Santa Lucía,65,Tajamar Mediano,105335.0,SAN JOSÉ,Otros usos agropecuarios,Abrevadero de ganado,-33.99356609919307,-56.81636452674866,Registrada,NuevaNueva,Permiso de usoPermiso de uso,Ao. Juan Esteban,995.0,Tajamar Mediano
Santa Lucía,64,Tanque Excavado,650.0,CANELONES,Otros usos,Otros,-34.56385983351544,-56.40283495187759,Registrada,NuevaNueva,Permiso de usoPermiso de uso,Cda. s/n,10.0,Tanque Excavado
Santa Lucía,64,Tanque Excavado,650.0,CANELONES,Otros usos,Otros,-34.56385983351544,-56.40283495187759,Registrada,NuevaNueva,Permiso de usoPermiso de uso,Cda. s/n,10.0,Tanque Excavado
Santa Lucía,65,Tajamar Chico,4500.0,SAN JOSÉ,Otros usos agropecuarios,Abrevadero de ganado,-34.37592690938041,-56.52344048015038,Registrada,Nueva,Permiso de uso,,18.5,Tajamar Chico
Santa Lucía,60,Tajamar Grande,36000.0,FLORIDA,Otros usos agropecuarios,Abrevadero de ganado,-34.22535324282176,-56.04434609369491,Registrada,Nueva,Permiso de uso,Cañada,67.99,Tajamar Grande
Santa Lucía,63,Reservorio,19000.0,CANELONES,Riego,Hortalizas,-34.67832845030551,-56.14467626844999,Registrada,NuevaNueva,Permiso de usoPermiso de uso,Cda. s/n,0.0,Reservorio/Otros
Santa Lucía,63,Tanque Excavado,7000.0,CANELONES,Riego,Hortalizas,-34.67819338571572,-56.14388108253478,Registrada,Nueva,Permiso de uso,Cañada,4.0,Tanque Excavado
Santa Lucía,64,Tajamar Chico,1000.0,CANELONES,Otros usos agropecuarios,Abrevadero de ganado,-34.56752357105294,-56.40140582286755,Registrada,Nueva,Permiso de uso,Cañada,2.0,Tajamar Chico
Santa Lucía,63,Tanque Excavado,32000.0,CANELONES,Riego,Frutales,-34.62665039022809,-56.23938381671905,Registrada,Renovación,Permiso de uso,Cda. s/n,60.0,Tanque Excavado
Santa Lucía,66,Tanque Excavado,9300.0,CANELONES,Riego,Frutales,-34.61529621337599,-56.30101025104523,Registrada,Renovación,Permiso de uso,Cda. s/n,22.0,Tanque Excavado
Santa Lucía,62,Tajamar Mediano,3796.0,FLORIDA,Otros usos agropecuarios,Abrevadero de ganado,-34.28112317265348,-56.39517343137413,Registrada,Nueva,Permiso de uso,,21.0,Tajamar Mediano
Santa Lucía,67,Tajamar Mediano,3000.0,CANELONES,Otros usos agropecuarios,Abrevadero de ganado,-34.70165791751749,-56.34291386587937,Registrada,Nueva,Permiso de uso,Cañada,6.0,Tajamar Mediano
Santa Lucía,63,Tanque Excavado,2580.0,CANELONES,Riego,Hortalizas,-34.70662825059222,-56.12424373626708,Registrada,NuevaNueva,Permiso de usoPermiso de uso,,15.0,Tanque Excavado
Santa Lucía,63,Tanque Excavado,2580.0,CANELONES,Riego,Hortalizas,-34.70662825059222,-56.12424373626708,Registrada,NuevaNueva,Permiso de usoPermiso de uso,,15.0,Tanque Excavado
Santa Lucía,63,Tanque Excavado,48000.0,CANELONES,Riego,Frutales,-34.58536291554888,-56.22175991513358,Registrada,Nueva,Permiso de uso,,12.0,Tanque Excavado
Santa Lucía,63,Tanque Excavado,2300.0,CANELONES,Riego,Hortalizas,-34.60810384248763,-56.13801240899193,Registrada,NuevaNueva,Permiso de usoPermiso de uso,Cda. s/n,3.0,Tanque Excavado
Santa Lucía,63,Tanque Excavado,2300.0,CANELONES,Riego,Hortalizas,-34.60810384248763,-56.13801240899193,Registrada,NuevaNueva,Permiso de usoPermiso de uso,Cda. s/n,3.0,Tanque Excavado
Santa Lucía,63,Tanque Excavado,1200.0,CANELONES,Otros usos agropecuarios,Abrevadero de ganado,-34.5621298643966,-56.18730051538466,Registrada,Nueva,Permiso de uso,Cañada,5.0,Tanque Excavado
Santa Lucía,66,Tanque Excavado,8000.0,CANELONES,Riego,Frutales,-34.64242,-56.29187,Registrada,Renovación,Permiso de uso,Cda. s/n,11.0,Tanque Excavado
Santa Lucía,66,Tanque Excavado,8000.0,CANELONES,Riego,Frutales,-34.64448,-56.29354,Registrada,Renovación,Permiso de uso,Cda. s/n,5.0,Tanque Excavado
Santa Lucía,63,Tajamar Grande,100731.0,CANELONES,Riego,Frutales,-34.60864654452178,-56.23367428692291,Registrada,Nueva,Permiso de uso,Cda. s/n,165.0,Tajamar Grande
Santa Lucía,60,Tajamar Mediano,1.0,FLORIDA,Otros usos,Turismo/Recreación,-34.15728212600636,-55.78490495681761,Registrada,Nueva,Permiso de uso,,114.0,Tajamar Mediano
Santa Lucía,62,Tajamar Chico,936.0,FLORIDA,Otros usos agropecuarios,Abrevadero de ganado,-34.28020487160803,-56.39125049114227,Registrada,Nueva,Permiso de uso,,21.0,Tajamar Chico
Santa Lucía,60,Tanque Excavado,5000.0,CANELONES,Riego,Hortalizas,-34.39937,-56.07335,Registrada,Renovación,Permiso de uso,Cda. Pajas Blancas,15.0,Tanque Excavado
Santa Lucía,60,Tajamar Mediano,229.5,FLORIDA,Otros usos agropecuarios,Abrevadero de ganado,-34.17136343047285,-55.71180403232575,Registrada,NuevaNuevaNuevaNueva,Permiso de usoPermiso de usoPermiso de usoPermiso de uso,Cda. s/n,150.0,Tajamar Mediano
Santa Lucía,60,Tajamar Chico,229.5,FLORIDA,Otros usos agropecuarios,Abrevadero de ganado,-34.17136343047285,-55.71180403232575,Registrada,NuevaNuevaNuevaNueva,Permiso de usoPermiso de usoPermiso de usoPermiso de uso,Cda. s/n,150.0,Tajamar Chico
Santa Lucía,60,Tajamar Grande,229.5,FLORIDA,Otros usos agropecuarios,Abrevadero de ganado,-34.17136343047285,-55.71180403232575,Registrada,NuevaNuevaNuevaNueva,Permiso de usoPermiso de usoPermiso de usoPermiso de uso,Cda. s/n,150.0,Tajamar Grande
Santa Lucía,60,Tajamar Chico,229.5,FLORIDA,Otros usos agropecuarios,Abrevadero de ganado,-34.17136343047285,-55.71180403232575,Registrada,NuevaNuevaNuevaNueva,Permiso de usoPermiso de usoPermiso de usoPermiso de uso,Cda. s/n,150.0,Tajamar Chico
Santa Lucía,60,Tajamar Mediano,18200.0,FLORIDA,Otros usos agropecuarios,Abrevadero de ganado,-34.09926321419901,-55.93033075332642,Registrada,Nueva,Permiso de uso,Cañada,35.4,Tajamar Mediano
Santa Lucía,60,Tajamar Chico,265.0,LAVALLEJA,Otros usos agropecuarios,Abrevadero de ganado,-34.16761533111136,-55.51545023918152,Registrada,Nueva,Permiso de uso,Ao. Gaetán,105.0,Tajamar Chico
Santa Lucía,60,Tajamar Mediano,0.0,FLORIDA,Otros usos,Turismo/Recreación,-34.27339010311206,-56.2074387082248,Registrada,Nueva,Permiso de uso,Cañada,216.0,Tajamar Mediano
Santa Lucía,65,Tajamar Chico,5667.0,FLORES,Otros usos agropecuarios,Abrevadero de ganado,-33.96106638589249,-56.82737123958031,Registrada,NuevaNuevaNuevaNuevaNueva,Permiso de usoPermiso de usoPermiso de usoPermiso de usoPermiso de uso,Cda. s/n,154.8,Tajamar Chico
Santa Lucía,65,Tajamar Chico,5667.0,FLORES,Otros usos agropecuarios,Abrevadero de ganado,-33.96106638589249,-56.82737123958031,Registrada,NuevaNuevaNuevaNuevaNueva,Permiso de usoPermiso de usoPermiso de usoPermiso de usoPermiso de uso,Cda. s/n,154.8,Tajamar Chico
Santa Lucía,65,Tajamar Chico,5667.0,FLORES,Otros usos agropecuarios,Abrevadero de ganado,-33.96106638589249,-56.82737123958031,Registrada,NuevaNuevaNuevaNuevaNueva,Permiso de usoPermiso de usoPermiso de usoPermiso de usoPermiso de uso,Cda. s/n,154.8,Tajamar Chico
Santa Lucía,65,Tajamar Chico,5667.0,FLORES,Otros usos agropecuarios,Abrevadero de ganado,-33.96106638589249,-56.82737123958031,Registrada,NuevaNuevaNuevaNuevaNueva,Permiso de usoPermiso de usoPermiso de usoPermiso de usoPermiso de uso,Cda. s/n,154.8,Tajamar Chico
Santa Lucía,65,Tajamar Chico,5667.0,FLORES,Otros usos agropecuarios,Abrevadero de ganado,-33.96106638589249,-56.82737123958031,Registrada,NuevaNuevaNuevaNuevaNueva,Permiso de usoPermiso de usoPermiso de usoPermiso de usoPermiso de uso,Cda. s/n,154.8,Tajamar Chico
Santa Lucía,60,Tanque Excavado,874.0,CANELONES,Riego,Hortalizas,-34.37985882046537,-55.70014178752899,Registrada,Nueva,Permiso de uso,Ao. Del Tala,13.2,Tanque Excavado
Santa Lucía,60,Tanque Excavado,2531.0,CANELONES,Riego,Hortalizas,-34.37913194759868,-55.69790616851042,Registrada,Nueva,Permiso de uso,Ao. Del Tala,39.25,Tanque Excavado
Santa Lucía,64,Tanque Excavado,350.0,CANELONES,Usos no consuntivos,Regulación,-34.56211329815698,-56.40421746068824,Registrada,Nueva,Permiso de uso,Cda. s/n,67.0,Tanque Excavado
Santa Lucía,67,Tanque Excavado,3580.0,CANELONES,Riego,Hortalizas,-34.72714500198254,-56.27325743436813,Registrada,Nueva,Permiso de uso,Cda. s/n,3.0,Tanque Excavado
Santa Lucía,65,Tanque Excavado,1000.0,SAN JOSÉ,Otros usos,Turismo/Recreación,-34.62853259675271,-56.59216904779893,Registrada,Nueva,Permiso de uso,Cda. Clara,1.0,Tanque Excavado
Santa Lucía,63,Tanque Excavado,367.0,CANELONES,Otros usos agropecuarios,Abrevadero de ganado,-34.5721444226806,-56.1586046218872,Registrada,Nueva,Permiso de uso,Cda. s/n,10.0,Tanque Excavado
Santa Lucía,67,Tanque Excavado,540.0,CANELONES,Riego,Hortalizas,-34.72943366791144,-56.27728646268993,Registrada,Nueva,Permiso de uso,Ao. De Las Piedras,430.0,Tanque Excavado
Santa Lucía,60,Reservorio,5500.0,FLORIDA,Otros usos agropecuarios,Otros,-34.16107715341333,-55.69743275642395,Registrada,Nueva,Permiso de uso,Ao. Latorre,13.23,Reservorio/Otros
Santa Lucía,63,Tanque Excavado,830.0,CANELONES,Otros usos agropecuarios,Abrevadero de ganado,-34.5969355369396,-56.12932205200195,Registrada,Nueva,Permiso de uso,Cda. s/n,3.0,Tanque Excavado
Santa Lucía,65,Tajamar Chico,450.5,SAN JOSÉ,Otros usos agropecuarios,Abrevadero de ganado,-34.12278841687188,-56.8600857857382,Registrada,NuevaNueva,Permiso de usoPermiso de uso,Cda. s/n,22.3,Tajamar Chico
Santa Lucía,65,Tajamar Chico,450.5,SAN JOSÉ,Otros usos agropecuarios,Abrevadero de ganado,-34.12278841687188,-56.8600857857382,Registrada,NuevaNueva,Permiso de usoPermiso de uso,Cda. s/n,22.3,Tajamar Chico
Santa Lucía,63,Tajamar Chico,2000.0,CANELONES,Otros usos agropecuarios,Abrevadero de ganado,-34.55285361787824,-56.2853472232491,Registrada,Nueva,Permiso de uso,Cañada,70.0,Tajamar Chico
Santa Lucía,65,Tajamar Chico,325.0,SAN JOSÉ,Otros usos,Turismo/Recreación,-34.37225995145162,-56.75650942304308,Registrada,Nueva,Permiso de uso,Cañada,13.8,Tajamar Chico
Santa Lucía,63,Tanque Excavado,2822.0,CANELONES,Riego,Forraje/Pradera/Semillas,-34.59616357597366,-56.12616911530494,Registrada,Nueva,Permiso de uso,Cañada,5.0,Tanque Excavado
Santa Lucía,65,Tajamar Mediano,5679.333333333333,SAN JOSÉ,Otros usos,Turismo/Recreación,-34.3459781513298,-56.74355528513059,Registrada,NuevaNuevaNueva,Permiso de usoPermiso de usoPermiso de uso,Cañada,24.8,Tajamar Mediano
Santa Lucía,65,Tajamar Chico,5679.333333333333,SAN JOSÉ,Otros usos,Turismo/Recreación,-34.3459781513298,-56.74355528513059,Registrada,NuevaNuevaNueva,Permiso de usoPermiso de usoPermiso de uso,Cañada,24.8,Tajamar Chico
Santa Lucía,65,Tajamar Mediano,5679.333333333333,SAN JOSÉ,Otros usos,Turismo/Recreación,-34.3459781513298,-56.74355528513059,Registrada,NuevaNuevaNueva,Permiso de usoPermiso de usoPermiso de uso,Cañada,24.8,Tajamar Mediano
Santa Lucía,63,Tajamar Chico,3000.0,CANELONES,Otros usos,Turismo/Recreación,-34.54958610891153,-56.29303657987293,Registrada,Nueva,Permiso de uso,Cañada,11.0,Tajamar Chico
Santa Lucía,63,Tanque Excavado,8900.0,CANELONES,Riego,Hortalizas,-34.51752665557138,-56.11750155681875,Registrada,Nueva,Permiso de uso,,179.0,Tanque Excavado
Santa Lucía,60,Represa Grande,0.0,CANELONES,Otros usos agropecuarios,Abrevadero de ganado,-34.26202013583083,-55.69613277868484,Registrada,Nueva,Permiso de uso,Ao. Vejigas Chico,50.0,Represa Grande
Santa Lucía,60,Tajamar Grande,1000.0,LAVALLEJA,Otros usos,Turismo/Recreación,-34.23071548280441,-55.24843525883261,Registrada,Nueva,Permiso de uso,Cañada,135.2,Tajamar Grande
Santa Lucía,60,Tajamar Chico,200.0,CANELONES,Otros usos agropecuarios,Abrevadero de ganado,-34.29477816427457,-55.74418187097763,Registrada,Nueva,Permiso de uso,,3.0,Tajamar Chico
Santa Lucía,60,Tajamar Mediano,500.0,CANELONES,Otros usos agropecuarios,Abrevadero de ganado,-34.29023506492504,-55.73672532947966,Registrada,Nueva,Permiso de uso,Cda. Feliciano,25.0,Tajamar Mediano
Santa Lucía,60,Tanque Excavado,500.0,CANELONES,Otros usos agropecuarios,Abrevadero de ganado,-34.24031663888359,-55.74208080746757,Registrada,Nueva,Permiso de uso,Río Santa Lucía,20.0,Tanque Excavado
Santa Lucía,60,Tanque Excavado,200.0,CANELONES,Otros usos agropecuarios,Abrevadero de ganado,-34.31365445441613,-55.71393012956832,Registrada,NuevaNueva,Permiso de usoPermiso de uso,Cda. s/n,123.0,Tanque Excavado
Santa Lucía,60,Tanque Excavado,200.0,CANELONES,Otros usos agropecuarios,Abrevadero de ganado,-34.31365445441613,-55.71393012956832,Registrada,NuevaNueva,Permiso de usoPermiso de uso,Cda. s/n,123.0,Tanque Excavado
Santa Lucía,60,Tajamar Grande,72930.0,LAVALLEJA,Otros usos,Turismo/Recreación,-34.15314526700597,-55.57206504189369,Registrada,Nueva,Permiso de uso,Cañada,65.9,Tajamar Grande
Santa Lucía,60,Reservorio,27772.0,LAVALLEJA,Otros usos,Turismo/Recreación,-34.23803563921275,-55.34652141312959,Registrada,Nueva,Permiso de uso,Cañada,97.5,Reservorio/Otros
Santa Lucía,63,Tajamar Mediano,25000.0,CANELONES,Usos no consuntivos,Regulación,-34.48070658842068,-56.27690104630701,Registrada,Nueva,Permiso de uso,Cda. sin nombre,35.0,Tajamar Mediano
Santa Lucía,60,Tajamar Grande,6570.0,FLORIDA,Otros usos agropecuarios,Abrevadero de ganado,-34.08565152414294,-55.90847253624815,Registrada,Nueva,Permiso de uso,Cañada,250.3,Tajamar Grande
Santa Lucía,63,Tajamar Mediano,10000.0,CANELONES,Otros usos agropecuarios,Abrevadero de ganado,-34.44258148273484,-56.31780087947845,Registrada,Nueva,Permiso de uso,Cda. De Hackembruck,31.5,Tajamar Mediano
